source,target,Fisher_Z,avg_r
Precuneus_L,Precuneus_R,1.6675,0.9312
Cingulum_Mid_L,Cingulum_Mid_R,1.5947,0.9209
Supp_Motor_Area_L,Supp_Motor_Area_R,1.5246,0.9095
Paracentral_Lobule_L,Paracentral_Lobule_R,1.3717,0.8791
Frontal_Sup_Medial_L,Frontal_Sup_Medial_R,1.3215,0.8671
Parietal_Sup_L,Precuneus_L,1.3119,0.8647
Frontal_Mid_L,Frontal_Mid_R,1.3068,0.8635
Frontal_Sup_L,Frontal_Sup_R,1.2801,0.8565
Precentral_L,Precentral_R,1.247,0.8474
Frontal_Sup_L,Frontal_Mid_L,1.2298,0.8425
Precentral_R,Postcentral_R,1.2117,0.8372
Parietal_Sup_L,Parietal_Sup_R,1.2079,0.8361
Cingulum_Post_L,Cingulum_Post_R,1.1861,0.8294
Postcentral_L,Postcentral_R,1.1653,0.8227
Precentral_L,Postcentral_L,1.1652,0.8227
Parietal_Sup_L,Precuneus_R,1.1506,0.818
Cingulum_Ant_L,Cingulum_Ant_R,1.1504,0.8179
Parietal_Sup_R,Precuneus_L,1.1463,0.8165
Frontal_Sup_R,Frontal_Mid_R,1.1459,0.8164
Precentral_R,Postcentral_L,1.1391,0.8141
Frontal_Inf_Oper_R,Frontal_Inf_Tri_R,1.1374,0.8135
Frontal_Inf_Oper_L,Frontal_Inf_Tri_L,1.1362,0.8131
Frontal_Sup_L,Supp_Motor_Area_L,1.1267,0.8099
Postcentral_L,Parietal_Inf_L,1.1245,0.8091
Parietal_Sup_R,Precuneus_R,1.1193,0.8073
Parietal_Sup_L,Parietal_Inf_L,1.1168,0.8064
Supp_Motor_Area_R,Cingulum_Mid_R,1.1149,0.8058
Supp_Motor_Area_R,Paracentral_Lobule_L,1.1142,0.8055
Postcentral_R,Paracentral_Lobule_R,1.097,0.7994
Frontal_Sup_R,Frontal_Sup_Medial_R,1.0963,0.7991
Frontal_Sup_L,Frontal_Mid_R,1.0954,0.7989
Precentral_L,Frontal_Mid_L,1.0922,0.7977
Cingulum_Mid_L,Precuneus_L,1.0859,0.7954
Supp_Motor_Area_L,Cingulum_Mid_L,1.0836,0.7945
Parietal_Sup_R,Parietal_Inf_R,1.0818,0.7939
Cingulum_Mid_L,Precuneus_R,1.0758,0.7916
Supp_Motor_Area_R,Paracentral_Lobule_R,1.0714,0.79
Cingulum_Mid_R,Precuneus_R,1.069,0.7891
Postcentral_R,Precuneus_L,1.0636,0.787
Supp_Motor_Area_R,Cingulum_Mid_L,1.0555,0.7839
Frontal_Sup_L,Frontal_Sup_Medial_L,1.0532,0.7831
Frontal_Sup_R,Supp_Motor_Area_R,1.0522,0.7827
Cingulum_Post_L,Precuneus_R,1.0513,0.7823
Supp_Motor_Area_L,Cingulum_Mid_R,1.0481,0.7811
Frontal_Sup_R,Supp_Motor_Area_L,1.0455,0.78
Precentral_L,Frontal_Mid_R,1.0423,0.7788
Supp_Motor_Area_L,Paracentral_Lobule_L,1.0329,0.7751
Precentral_R,Frontal_Mid_R,1.0313,0.7744
Cingulum_Post_L,Precuneus_L,1.0294,0.7737
Cingulum_Mid_R,Precuneus_L,1.0268,0.7726
Frontal_Sup_R,Frontal_Mid_L,1.0251,0.7719
Precentral_R,Cingulum_Mid_R,1.025,0.7719
Postcentral_R,Precuneus_R,1.0158,0.7681
Cingulum_Mid_R,Postcentral_R,1.0096,0.7656
Postcentral_R,Paracentral_Lobule_L,1.0036,0.7631
Precentral_R,Supp_Motor_Area_R,1.003,0.7628
Precentral_R,Frontal_Inf_Oper_R,1.0017,0.7623
Thalamus_L,Thalamus_R,0.9958,0.7598
Cingulum_Mid_L,Postcentral_R,0.9956,0.7597
Postcentral_L,Precuneus_L,0.9953,0.7596
Cingulum_Mid_L,Postcentral_L,0.9925,0.7584
Precentral_R,Cingulum_Mid_L,0.9913,0.7579
Supp_Motor_Area_L,Postcentral_L,0.99,0.7573
Precentral_L,Supp_Motor_Area_L,0.9855,0.7554
Supp_Motor_Area_R,Postcentral_R,0.9816,0.7538
Parietal_Inf_L,Precuneus_R,0.9801,0.7531
Parietal_Inf_R,SupraMarginal_R,0.9796,0.7529
Rolandic_Oper_L,Insula_L,0.9795,0.7529
Postcentral_R,Parietal_Inf_R,0.9785,0.7524
Parietal_Inf_L,Precuneus_L,0.9774,0.7519
Precentral_L,Cingulum_Mid_L,0.9769,0.7517
Precuneus_L,Paracentral_Lobule_R,0.9758,0.7512
Precentral_R,Supp_Motor_Area_L,0.9719,0.7495
Insula_L,Putamen_L,0.9719,0.7496
Postcentral_L,Paracentral_Lobule_L,0.9704,0.7489
Frontal_Sup_L,Supp_Motor_Area_R,0.9661,0.747
Cingulum_Post_R,Precuneus_R,0.9636,0.7459
Postcentral_L,Precuneus_R,0.9625,0.7454
Cingulum_Mid_R,Postcentral_L,0.9586,0.7436
Precentral_L,Cingulum_Mid_R,0.958,0.7434
Cingulum_Mid_L,Paracentral_Lobule_R,0.952,0.7407
Frontal_Sup_R,Cingulum_Mid_R,0.9487,0.7392
Postcentral_R,Parietal_Sup_R,0.9464,0.7382
Frontal_Mid_R,Cingulum_Mid_R,0.9448,0.7374
Cingulum_Mid_R,Paracentral_Lobule_R,0.9424,0.7363
Cingulum_Mid_R,Cingulum_Post_L,0.9411,0.7357
Insula_L,Insula_R,0.9394,0.7349
Postcentral_R,Parietal_Sup_L,0.9393,0.7349
Parietal_Inf_R,Precuneus_L,0.9387,0.7346
Postcentral_L,Parietal_Sup_L,0.9364,0.7336
Precuneus_R,Paracentral_Lobule_R,0.9363,0.7335
Supp_Motor_Area_R,Postcentral_L,0.9354,0.7331
Cingulum_Mid_L,Paracentral_Lobule_L,0.9343,0.7326
Frontal_Sup_R,Frontal_Sup_Medial_L,0.9324,0.7317
Frontal_Mid_L,Supp_Motor_Area_L,0.9322,0.7316
Precentral_L,Frontal_Sup_L,0.9321,0.7316
Cingulum_Mid_L,Cingulum_Post_L,0.9321,0.7316
Frontal_Inf_Oper_L,Frontal_Inf_Oper_R,0.9275,0.7294
Precuneus_L,Paracentral_Lobule_L,0.9268,0.7291
Postcentral_R,SupraMarginal_R,0.9257,0.7286
Postcentral_R,Parietal_Inf_L,0.9163,0.7242
Parietal_Inf_R,Precuneus_R,0.9161,0.7241
Precentral_L,Supp_Motor_Area_R,0.9138,0.7229
Frontal_Mid_R,Cingulum_Mid_L,0.9113,0.7218
Frontal_Sup_L,Frontal_Sup_Medial_R,0.9096,0.7209
Postcentral_L,Paracentral_Lobule_R,0.9086,0.7205
Frontal_Mid_L,Cingulum_Mid_L,0.9082,0.7203
Supp_Motor_Area_L,Postcentral_R,0.9069,0.7197
Precentral_R,Frontal_Mid_L,0.9068,0.7196
Rolandic_Oper_R,Insula_R,0.9068,0.7196
Precentral_R,Precuneus_R,0.9062,0.7193
Parietal_Sup_L,Parietal_Inf_R,0.9058,0.7191
Frontal_Sup_L,Cingulum_Mid_R,0.9041,0.7183
Insula_R,Putamen_R,0.8987,0.7156
Frontal_Sup_L,Cingulum_Mid_L,0.8981,0.7154
Precentral_L,Frontal_Inf_Oper_L,0.8971,0.7149
Precentral_L,Postcentral_R,0.8967,0.7147
Frontal_Mid_R,Supp_Motor_Area_L,0.8958,0.7142
Precentral_R,Precuneus_L,0.8957,0.7142
Cingulum_Mid_R,Cingulum_Post_R,0.8955,0.7141
Frontal_Sup_R,Cingulum_Mid_L,0.8896,0.7112
Frontal_Mid_R,Frontal_Sup_Medial_L,0.8895,0.7112
Supp_Motor_Area_R,Precuneus_L,0.8894,0.7111
Precentral_R,Frontal_Sup_R,0.8856,0.7092
Frontal_Mid_L,Cingulum_Mid_R,0.8795,0.7062
Parietal_Inf_L,Parietal_Inf_R,0.8774,0.7051
Cingulum_Post_R,Precuneus_L,0.8767,0.7047
Supp_Motor_Area_R,Precuneus_R,0.8764,0.7046
Precentral_L,Frontal_Inf_Oper_R,0.8737,0.7032
Frontal_Mid_L,Postcentral_L,0.8731,0.703
Frontal_Mid_R,Frontal_Sup_Medial_R,0.8731,0.7029
Precentral_R,Paracentral_Lobule_L,0.8709,0.7018
Cingulum_Mid_L,Parietal_Inf_L,0.8705,0.7016
Precentral_L,Frontal_Sup_R,0.8676,0.7002
Precentral_R,Paracentral_Lobule_R,0.8636,0.6981
Frontal_Inf_Tri_L,Frontal_Inf_Tri_R,0.8624,0.6975
Precentral_L,Precuneus_L,0.8603,0.6964
Cingulum_Mid_R,Paracentral_Lobule_L,0.8597,0.6961
Supp_Motor_Area_L,Paracentral_Lobule_R,0.8586,0.6956
Supp_Motor_Area_L,Frontal_Sup_Medial_L,0.852,0.6921
Frontal_Sup_Medial_R,Cingulum_Ant_R,0.8506,0.6914
Precentral_L,Precuneus_R,0.8499,0.691
Parietal_Sup_R,Parietal_Inf_L,0.8497,0.6909
Frontal_Mid_R,Frontal_Inf_Oper_R,0.8492,0.6906
Supp_Motor_Area_L,Precuneus_L,0.8457,0.6888
Parietal_Inf_R,Angular_R,0.8453,0.6886
Frontal_Sup_R,Postcentral_R,0.843,0.6874
Frontal_Mid_R,Postcentral_L,0.842,0.6868
Precuneus_R,Paracentral_Lobule_L,0.8416,0.6866
Supp_Motor_Area_L,Precuneus_R,0.841,0.6863
Calcarine_L,Calcarine_R,0.8403,0.6859
Frontal_Mid_R,Supp_Motor_Area_R,0.8397,0.6857
Frontal_Sup_L,Postcentral_L,0.8373,0.6844
Cuneus_L,Occipital_Sup_L,0.8371,0.6843
Cingulum_Mid_L,Parietal_Sup_L,0.8368,0.6841
Precentral_L,Cingulum_Post_L,0.8316,0.6813
Precentral_L,Parietal_Inf_L,0.8302,0.6806
Frontal_Mid_L,Supp_Motor_Area_R,0.8293,0.6801
Precentral_R,Cingulum_Post_L,0.8287,0.6798
Cuneus_R,Occipital_Sup_R,0.8277,0.6792
Frontal_Sup_Medial_L,Cingulum_Ant_L,0.8257,0.6782
Parietal_Sup_L,Paracentral_Lobule_R,0.8254,0.678
Insula_R,Putamen_L,0.8222,0.6763
Cingulum_Mid_R,Parietal_Inf_L,0.8219,0.6761
Parietal_Inf_L,Angular_L,0.8218,0.6761
Frontal_Sup_Medial_L,Cingulum_Mid_R,0.8148,0.6722
Cingulum_Mid_R,Parietal_Sup_L,0.8127,0.6711
Frontal_Mid_R,Postcentral_R,0.8124,0.6709
Precentral_R,Frontal_Sup_L,0.8124,0.6709
Precentral_R,Parietal_Inf_L,0.8122,0.6708
Postcentral_L,Parietal_Inf_R,0.8112,0.6703
Cingulum_Mid_L,Cingulum_Post_R,0.8108,0.67
Frontal_Sup_Medial_R,Cingulum_Mid_R,0.8091,0.6691
Frontal_Inf_Oper_R,Frontal_Sup_Medial_L,0.8083,0.6686
Frontal_Inf_Oper_L,Frontal_Inf_Tri_R,0.8083,0.6687
Cingulum_Post_L,Postcentral_L,0.8076,0.6683
Frontal_Inf_Oper_L,Insula_L,0.8063,0.6675
Parietal_Inf_L,SupraMarginal_L,0.8046,0.6666
Cingulum_Post_L,Parietal_Inf_L,0.8026,0.6655
Parietal_Sup_L,Paracentral_Lobule_L,0.8009,0.6645
Cuneus_L,Cuneus_R,0.7981,0.663
Frontal_Mid_L,Frontal_Sup_Medial_L,0.7979,0.6628
Frontal_Inf_Oper_R,Frontal_Sup_Medial_R,0.7954,0.6615
Frontal_Mid_L,Frontal_Sup_Medial_R,0.7944,0.6609
Frontal_Sup_R,Postcentral_L,0.7936,0.6605
Frontal_Sup_Medial_R,Cingulum_Ant_L,0.7929,0.6601
Supp_Motor_Area_R,Frontal_Sup_Medial_R,0.7908,0.6589
Calcarine_R,Lingual_R,0.7901,0.6584
Supp_Motor_Area_R,Frontal_Sup_Medial_L,0.7875,0.657
SupraMarginal_R,Angular_R,0.783,0.6544
Supp_Motor_Area_L,Frontal_Sup_Medial_R,0.7828,0.6543
Precentral_R,Parietal_Inf_R,0.7821,0.6539
Frontal_Mid_R,Frontal_Inf_Tri_R,0.7808,0.6532
Precentral_L,Cingulum_Post_R,0.7797,0.6525
Frontal_Sup_Medial_L,Cingulum_Mid_L,0.7793,0.6523
Cingulum_Post_L,Postcentral_R,0.779,0.6521
Cingulum_Post_L,Parietal_Sup_L,0.7777,0.6514
Precentral_L,Frontal_Sup_Medial_L,0.7776,0.6513
Precentral_R,Cingulum_Post_R,0.7774,0.6512
Precentral_R,Frontal_Sup_Medial_R,0.7746,0.6496
Cingulum_Post_R,Postcentral_L,0.7741,0.6493
Frontal_Inf_Oper_L,Postcentral_L,0.7738,0.6491
Frontal_Inf_Oper_R,Frontal_Inf_Tri_L,0.7734,0.6489
Frontal_Inf_Oper_R,Postcentral_L,0.769,0.6464
Putamen_L,Putamen_R,0.7675,0.6455
Precentral_R,Parietal_Sup_L,0.7651,0.6441
Cingulum_Mid_R,Parietal_Inf_R,0.7642,0.6436
Postcentral_L,Parietal_Sup_R,0.7623,0.6424
Frontal_Sup_Medial_R,Cingulum_Mid_L,0.7621,0.6423
Frontal_Inf_Oper_L,Frontal_Sup_Medial_L,0.7616,0.642
Heschl_L,Temporal_Sup_L,0.7615,0.6419
Cingulum_Mid_L,Parietal_Inf_R,0.7611,0.6417
Frontal_Mid_L,Frontal_Inf_Tri_L,0.7596,0.6408
Precentral_L,Paracentral_Lobule_L,0.7593,0.6407
Parietal_Sup_R,Angular_R,0.7589,0.6404
Parietal_Sup_R,Paracentral_Lobule_R,0.7574,0.6396
Frontal_Sup_Medial_L,Cingulum_Ant_R,0.7567,0.6391
Angular_R,Precuneus_R,0.7566,0.6391
Frontal_Inf_Oper_R,Insula_L,0.7561,0.6387
Precentral_R,Frontal_Sup_Medial_L,0.755,0.6381
Precentral_L,Frontal_Sup_Medial_R,0.7457,0.6326
Precentral_L,Parietal_Sup_L,0.7454,0.6324
Postcentral_L,SupraMarginal_L,0.7446,0.6319
Frontal_Sup_R,Precuneus_L,0.7441,0.6316
Cingulum_Mid_R,Parietal_Sup_R,0.7437,0.6314
Parietal_Inf_L,Paracentral_Lobule_L,0.7419,0.6303
Precentral_L,Frontal_Inf_Tri_L,0.7406,0.6295
Supp_Motor_Area_L,Parietal_Inf_L,0.74,0.6291
Cingulum_Mid_L,Parietal_Sup_R,0.7392,0.6287
Insula_L,Putamen_R,0.739,0.6285
Supp_Motor_Area_L,Cingulum_Post_L,0.7383,0.6281
Frontal_Inf_Oper_R,Cingulum_Mid_R,0.7377,0.6277
Lingual_L,Lingual_R,0.7377,0.6277
Frontal_Sup_Medial_L,Postcentral_L,0.7377,0.6277
Supp_Motor_Area_R,Parietal_Sup_L,0.7372,0.6275
SupraMarginal_R,Precuneus_R,0.7369,0.6272
Supp_Motor_Area_R,Cingulum_Post_L,0.7364,0.6269
Frontal_Mid_L,Frontal_Inf_Oper_R,0.7351,0.6262
Precentral_R,Frontal_Inf_Tri_R,0.7345,0.6258
Frontal_Inf_Oper_R,Postcentral_R,0.7317,0.6241
Frontal_Sup_L,Postcentral_R,0.7314,0.6239
Frontal_Inf_Oper_R,Cingulum_Mid_L,0.7311,0.6238
SupraMarginal_R,Precuneus_L,0.7309,0.6236
Calcarine_L,Cuneus_L,0.7308,0.6235
Frontal_Sup_R,Precuneus_R,0.7306,0.6234
Parietal_Inf_L,Paracentral_Lobule_R,0.728,0.6219
Precentral_L,Paracentral_Lobule_R,0.7263,0.6208
Precentral_R,Frontal_Inf_Oper_L,0.7261,0.6207
Frontal_Sup_L,Precuneus_L,0.7254,0.6202
Frontal_Mid_L,Postcentral_R,0.7251,0.6201
Frontal_Mid_R,Cingulum_Post_L,0.7244,0.6196
Cingulum_Post_R,Postcentral_R,0.7243,0.6196
Calcarine_L,Lingual_L,0.7232,0.6189
Frontal_Inf_Tri_R,Frontal_Sup_Medial_L,0.7215,0.6178
Cerebelum_4_5_L,Vermis_4_5,0.7206,0.6173
Frontal_Mid_R,Precuneus_L,0.7203,0.6171
Postcentral_L,SupraMarginal_R,0.7178,0.6155
Precentral_R,Parietal_Sup_R,0.7168,0.6149
Angular_R,Precuneus_L,0.7166,0.6148
Lingual_R,Vermis_4_5,0.7159,0.6144
Occipital_Sup_L,Occipital_Mid_L,0.7136,0.6129
Frontal_Inf_Tri_L,Frontal_Sup_Medial_L,0.7132,0.6127
Frontal_Mid_R,Precuneus_R,0.7131,0.6126
Frontal_Sup_L,Paracentral_Lobule_L,0.713,0.6126
Parietal_Sup_R,SupraMarginal_R,0.7114,0.6115
Supp_Motor_Area_R,Parietal_Inf_L,0.711,0.6113
Insula_L,Cingulum_Ant_L,0.711,0.6113
Rolandic_Oper_L,Temporal_Sup_L,0.71,0.6107
Supp_Motor_Area_L,Cingulum_Post_R,0.7093,0.6103
Frontal_Mid_R,Frontal_Inf_Tri_L,0.7082,0.6096
Frontal_Inf_Tri_R,Frontal_Sup_Medial_R,0.708,0.6094
Frontal_Inf_Tri_L,Insula_L,0.7073,0.609
Supp_Motor_Area_L,Parietal_Sup_L,0.7066,0.6086
Parietal_Inf_R,Paracentral_Lobule_R,0.7063,0.6083
Frontal_Mid_R,Frontal_Inf_Oper_L,0.7049,0.6075
Frontal_Inf_Oper_R,Insula_R,0.7037,0.6067
Frontal_Sup_L,Precuneus_R,0.7035,0.6066
Precentral_L,Frontal_Inf_Tri_R,0.7033,0.6065
Precentral_R,SupraMarginal_R,0.7024,0.6059
Frontal_Sup_R,Paracentral_Lobule_L,0.7023,0.6058
Frontal_Sup_R,Cingulum_Post_L,0.7022,0.6058
Frontal_Mid_L,Frontal_Inf_Oper_L,0.7017,0.6055
Supp_Motor_Area_R,Cingulum_Post_R,0.7014,0.6053
Frontal_Sup_L,Cingulum_Post_L,0.7009,0.605
Parietal_Sup_R,Paracentral_Lobule_L,0.6999,0.6043
Cingulum_Post_L,Parietal_Inf_R,0.6992,0.6039
Frontal_Sup_Medial_R,Postcentral_R,0.6986,0.6035
Cingulum_Post_L,Parietal_Sup_R,0.6963,0.602
Hippocampus_L,ParaHippocampal_L,0.6957,0.6016
Rolandic_Oper_L,Insula_R,0.6957,0.6016
Frontal_Mid_L,Precuneus_R,0.6937,0.6003
Frontal_Inf_Oper_R,Cingulum_Post_L,0.6922,0.5994
Frontal_Mid_L,Precuneus_L,0.6911,0.5987
Caudate_R,Putamen_R,0.6902,0.5981
Frontal_Med_Orb_L,Frontal_Med_Orb_R,0.6889,0.5973
Insula_L,Cingulum_Ant_R,0.6882,0.5968
Precentral_L,Parietal_Inf_R,0.6872,0.5962
Frontal_Mid_L,Cingulum_Post_L,0.6865,0.5958
Cingulum_Post_R,Parietal_Inf_L,0.686,0.5954
Rolandic_Oper_L,Putamen_L,0.6851,0.5948
Angular_L,Precuneus_R,0.6848,0.5946
Frontal_Sup_Medial_R,Insula_L,0.6833,0.5936
Frontal_Inf_Oper_L,Frontal_Sup_Medial_R,0.6831,0.5936
Frontal_Sup_R,Paracentral_Lobule_R,0.6822,0.5929
Parietal_Sup_L,Angular_L,0.6819,0.5928
Cingulum_Post_R,Parietal_Sup_L,0.681,0.5922
Supp_Motor_Area_R,Parietal_Inf_R,0.6805,0.5918
Frontal_Sup_Medial_R,Postcentral_L,0.6761,0.589
Frontal_Sup_R,Cingulum_Post_R,0.6743,0.5878
Parietal_Inf_R,Paracentral_Lobule_L,0.6742,0.5877
Frontal_Sup_Medial_L,Insula_L,0.6738,0.5875
Supp_Motor_Area_L,Parietal_Inf_R,0.6731,0.587
Supp_Motor_Area_R,Parietal_Sup_R,0.6717,0.5861
Frontal_Sup_Orb_L,Frontal_Med_Orb_L,0.6716,0.586
Frontal_Sup_Medial_L,Cingulum_Post_R,0.6713,0.5858
Insula_R,Cingulum_Ant_L,0.6699,0.5849
Frontal_Inf_Oper_R,Cingulum_Post_R,0.6688,0.5842
Parietal_Inf_L,SupraMarginal_R,0.6686,0.584
Putamen_L,Pallidum_L,0.6682,0.5838
Frontal_Sup_Orb_L,Frontal_Mid_Orb_L,0.6657,0.5822
Insula_L,Postcentral_L,0.6644,0.5813
Frontal_Sup_Medial_L,Cingulum_Post_L,0.6636,0.5808
Frontal_Mid_R,Cingulum_Post_R,0.663,0.5804
Frontal_Sup_L,Cingulum_Post_R,0.6625,0.58
Cingulum_Mid_R,SupraMarginal_R,0.6624,0.5799
Frontal_Inf_Oper_R,Supp_Motor_Area_L,0.6613,0.5792
Frontal_Mid_R,Parietal_Inf_L,0.6601,0.5785
Frontal_Sup_Medial_L,Postcentral_R,0.6595,0.578
Supp_Motor_Area_R,SupraMarginal_R,0.6582,0.5772
Rolandic_Oper_R,Insula_L,0.657,0.5763
Parietal_Sup_L,Angular_R,0.6561,0.5758
Cingulum_Post_L,Paracentral_Lobule_R,0.6556,0.5754
Frontal_Mid_L,Frontal_Inf_Tri_R,0.6552,0.5751
Rolandic_Oper_L,SupraMarginal_L,0.6543,0.5746
Insula_R,Cingulum_Ant_R,0.6538,0.5742
Precentral_L,Parietal_Sup_R,0.6534,0.574
Insula_L,Caudate_R,0.6521,0.5731
Frontal_Mid_L,Parietal_Inf_L,0.6511,0.5724
Frontal_Inf_Tri_L,Postcentral_L,0.6499,0.5716
Rolandic_Oper_L,Postcentral_L,0.6496,0.5714
Caudate_L,Putamen_L,0.6485,0.5707
Lingual_L,Cerebelum_4_5_L,0.6474,0.5699
Calcarine_R,Lingual_L,0.647,0.5697
Cingulum_Post_L,Paracentral_Lobule_L,0.6459,0.5689
Frontal_Sup_L,Parietal_Inf_L,0.6442,0.5678
Frontal_Sup_R,Parietal_Sup_L,0.6438,0.5675
Frontal_Inf_Oper_R,Caudate_L,0.6419,0.5662
Frontal_Inf_Oper_R,Supp_Motor_Area_R,0.6409,0.5655
Hippocampus_L,Thalamus_L,0.6409,0.5655
Insula_L,Caudate_L,0.6406,0.5653
Hippocampus_R,ParaHippocampal_R,0.6399,0.5648
Cingulum_Post_L,Angular_L,0.6399,0.5649
Cingulum_Post_L,SupraMarginal_R,0.6398,0.5648
Cingulum_Post_R,Parietal_Inf_R,0.6394,0.5645
Angular_L,Precuneus_L,0.6394,0.5645
Frontal_Mid_L,Cingulum_Post_R,0.6393,0.5644
Heschl_R,Temporal_Sup_R,0.6387,0.564
Cingulum_Mid_L,SupraMarginal_R,0.6371,0.5629
Frontal_Sup_L,Paracentral_Lobule_R,0.6371,0.5629
Cuneus_R,Occipital_Sup_L,0.637,0.5629
Frontal_Sup_Medial_R,Cingulum_Post_L,0.6365,0.5625
Frontal_Inf_Oper_R,Cingulum_Ant_L,0.6363,0.5624
Precentral_L,SupraMarginal_R,0.6354,0.5618
Frontal_Sup_Medial_L,Paracentral_Lobule_L,0.635,0.5615
Calcarine_R,Cuneus_R,0.6334,0.5604
Parietal_Sup_L,SupraMarginal_R,0.6304,0.5583
Cingulum_Mid_R,Caudate_L,0.63,0.558
Frontal_Mid_L,Paracentral_Lobule_L,0.6299,0.558
Supp_Motor_Area_L,Parietal_Sup_R,0.6295,0.5577
Frontal_Sup_L,Frontal_Inf_Oper_R,0.6295,0.5577
Cingulum_Post_R,Paracentral_Lobule_R,0.6293,0.5575
SupraMarginal_L,Angular_L,0.6293,0.5576
Rolandic_Oper_L,Rolandic_Oper_R,0.6289,0.5573
Frontal_Mid_R,Parietal_Inf_R,0.6285,0.557
Frontal_Sup_Medial_R,Insula_R,0.628,0.5567
Frontal_Inf_Oper_L,Cingulum_Post_L,0.6277,0.5565
Cingulum_Post_R,Paracentral_Lobule_L,0.627,0.556
Frontal_Sup_Medial_R,Paracentral_Lobule_L,0.6257,0.5551
Frontal_Sup_L,Parietal_Sup_L,0.6256,0.555
Frontal_Sup_Medial_L,Precuneus_L,0.6238,0.5538
Frontal_Sup_Medial_R,Cingulum_Post_R,0.6238,0.5538
Frontal_Inf_Tri_R,Insula_L,0.6233,0.5534
Caudate_L,Caudate_R,0.6225,0.5529
Supp_Motor_Area_L,SupraMarginal_R,0.6224,0.5528
Occipital_Mid_L,Angular_L,0.6217,0.5523
Frontal_Inf_Oper_R,Precuneus_R,0.619,0.5504
Rolandic_Oper_L,Heschl_L,0.6188,0.5503
Calcarine_R,Cuneus_L,0.6168,0.5489
Cingulum_Post_L,Cuneus_L,0.6166,0.5487
Precentral_R,Frontal_Inf_Tri_L,0.615,0.5476
Frontal_Inf_Oper_R,Cingulum_Ant_R,0.6143,0.5471
Frontal_Sup_R,Frontal_Inf_Oper_R,0.6121,0.5456
Cingulum_Mid_L,Caudate_L,0.612,0.5455
Frontal_Inf_Oper_L,Cingulum_Mid_R,0.6119,0.5454
Insula_R,Caudate_R,0.6116,0.5452
Frontal_Sup_R,Parietal_Inf_L,0.6113,0.5451
Frontal_Inf_Tri_L,Frontal_Sup_Medial_R,0.6102,0.5443
Frontal_Inf_Oper_R,Putamen_L,0.6101,0.5442
Occipital_Sup_R,Angular_R,0.6101,0.5442
Rolandic_Oper_R,Heschl_R,0.6095,0.5438
Frontal_Inf_Oper_L,Putamen_L,0.6089,0.5433
Frontal_Sup_Medial_L,Precuneus_R,0.6087,0.5432
Cingulum_Post_R,Parietal_Sup_R,0.6082,0.5429
Frontal_Sup_R,SupraMarginal_R,0.6079,0.5426
Frontal_Inf_Oper_L,Cingulum_Post_R,0.6067,0.5418
Frontal_Inf_Tri_R,Postcentral_L,0.6063,0.5415
Frontal_Inf_Oper_L,Supp_Motor_Area_L,0.6059,0.5412
SupraMarginal_R,Paracentral_Lobule_R,0.6059,0.5413
Frontal_Sup_R,Parietal_Inf_R,0.6057,0.5411
Frontal_Inf_Tri_R,Cingulum_Mid_R,0.6048,0.5405
Insula_R,SupraMarginal_R,0.6048,0.5405
Frontal_Inf_Tri_R,Caudate_L,0.6047,0.5404
Postcentral_R,Angular_R,0.604,0.5399
Temporal_Sup_L,Temporal_Mid_L,0.604,0.5399
Cuneus_L,Precuneus_R,0.6035,0.5396
Frontal_Inf_Oper_L,Cingulum_Mid_L,0.6029,0.5391
Frontal_Mid_R,Parietal_Sup_L,0.6024,0.5388
Rolandic_Oper_R,SupraMarginal_R,0.602,0.5384
Postcentral_R,SupraMarginal_L,0.6017,0.5382
Cingulum_Post_R,SupraMarginal_R,0.601,0.5378
Cingulum_Post_L,Thalamus_L,0.6003,0.5373
Cingulum_Post_L,Calcarine_R,0.6002,0.5372
Frontal_Sup_Orb_L,Frontal_Sup_Orb_R,0.5999,0.537
Frontal_Sup_Medial_R,Precuneus_L,0.5998,0.5369
Frontal_Mid_R,SupraMarginal_R,0.5992,0.5365
Frontal_Mid_R,Paracentral_Lobule_R,0.5969,0.5348
SupraMarginal_L,Temporal_Sup_L,0.5968,0.5348
Lingual_L,Vermis_4_5,0.5967,0.5347
SupraMarginal_R,Temporal_Sup_R,0.5956,0.5339
Frontal_Inf_Oper_R,Precuneus_L,0.595,0.5335
Frontal_Sup_R,Parietal_Sup_R,0.5942,0.5329
Frontal_Mid_R,Paracentral_Lobule_L,0.5933,0.5322
Lingual_R,Cerebelum_4_5_R,0.5931,0.5321
Frontal_Inf_Oper_L,Rolandic_Oper_L,0.5928,0.5319
Cingulum_Ant_L,Putamen_L,0.5918,0.5312
Frontal_Mid_L,Parietal_Sup_L,0.5913,0.5308
Frontal_Inf_Oper_L,Caudate_L,0.5904,0.5302
Cuneus_L,Occipital_Sup_R,0.5902,0.5301
Parietal_Inf_L,Angular_R,0.5898,0.5298
Frontal_Sup_Medial_R,Precuneus_R,0.5893,0.5294
Frontal_Sup_Medial_R,Paracentral_Lobule_R,0.5891,0.5292
Precentral_R,Caudate_L,0.5889,0.5291
Frontal_Sup_L,Frontal_Inf_Tri_L,0.5883,0.5287
Cingulum_Post_L,Angular_R,0.5883,0.5287
Postcentral_L,Caudate_L,0.5879,0.5284
Frontal_Inf_Oper_L,Parietal_Inf_L,0.5876,0.5282
Cuneus_L,Precuneus_L,0.5866,0.5275
Cingulum_Post_R,Thalamus_L,0.5861,0.5271
Insula_R,Postcentral_R,0.5861,0.5271
Frontal_Sup_Medial_L,Caudate_L,0.5861,0.5271
Rolandic_Oper_L,Putamen_R,0.5861,0.5271
Frontal_Sup_L,Frontal_Inf_Oper_L,0.5846,0.526
Postcentral_L,Angular_L,0.5845,0.526
Cingulum_Mid_R,Thalamus_L,0.584,0.5256
Calcarine_L,Lingual_R,0.5839,0.5255
Frontal_Mid_L,Paracentral_Lobule_R,0.5827,0.5246
Frontal_Sup_L,Parietal_Inf_R,0.5817,0.5239
Postcentral_L,Angular_R,0.5815,0.5237
Precentral_R,Insula_R,0.5794,0.5222
Calcarine_L,Cuneus_R,0.5791,0.522
Precentral_L,Insula_L,0.5791,0.522
Insula_R,Caudate_L,0.5789,0.5218
Hippocampus_R,Thalamus_R,0.5784,0.5215
Frontal_Inf_Tri_R,Insula_R,0.5782,0.5214
Precentral_R,Insula_L,0.5781,0.5213
SupraMarginal_L,Thalamus_L,0.5777,0.521
Cingulum_Mid_R,Thalamus_R,0.5776,0.5209
Cingulum_Post_R,Thalamus_R,0.5775,0.5208
SupraMarginal_L,Precuneus_R,0.5773,0.5207
Supp_Motor_Area_L,SupraMarginal_L,0.5769,0.5204
SupraMarginal_R,Paracentral_Lobule_L,0.5767,0.5203
Parietal_Inf_L,Thalamus_L,0.576,0.5198
Cingulum_Mid_L,Thalamus_L,0.5751,0.5191
Cuneus_L,Angular_R,0.5747,0.5188
Occipital_Sup_L,Occipital_Sup_R,0.5741,0.5184
Rolandic_Oper_L,Cingulum_Ant_L,0.5737,0.5181
Insula_R,Calcarine_R,0.5737,0.5181
Cingulum_Post_R,Calcarine_R,0.5731,0.5176
Frontal_Sup_Medial_L,Paracentral_Lobule_R,0.5721,0.5169
Frontal_Inf_Oper_R,SupraMarginal_R,0.5721,0.5169
Cingulum_Post_L,Calcarine_L,0.5719,0.5167
Frontal_Mid_R,Parietal_Sup_R,0.5711,0.5161
Cerebelum_4_5_R,Vermis_4_5,0.5711,0.5162
Precentral_L,Caudate_L,0.5707,0.5158
Lingual_R,Cerebelum_4_5_L,0.5701,0.5155
Frontal_Inf_Tri_R,Postcentral_R,0.5701,0.5154
Cuneus_L,Occipital_Mid_L,0.5691,0.5147
Frontal_Sup_Orb_R,Frontal_Med_Orb_R,0.569,0.5146
Insula_L,Temporal_Sup_L,0.5688,0.5145
Cingulum_Post_L,SupraMarginal_L,0.568,0.5139
Calcarine_L,Occipital_Sup_L,0.5679,0.5138
Frontal_Sup_Medial_L,Parietal_Inf_L,0.5668,0.513
Cingulum_Mid_L,SupraMarginal_L,0.5666,0.5129
Cingulum_Post_R,Angular_R,0.5666,0.5128
Insula_L,Calcarine_R,0.5656,0.5121
Rolandic_Oper_R,Putamen_R,0.5653,0.5119
Cuneus_R,Precuneus_R,0.5653,0.5119
Precentral_R,SupraMarginal_L,0.5644,0.5112
Cingulum_Post_R,Angular_L,0.5643,0.5112
Hippocampus_L,Hippocampus_R,0.5638,0.5108
Occipital_Sup_L,Angular_L,0.5637,0.5107
Precentral_R,Angular_R,0.5636,0.5106
Precentral_L,SupraMarginal_L,0.5626,0.5099
Cingulum_Ant_R,Putamen_L,0.5622,0.5096
Cingulum_Ant_L,Caudate_L,0.5618,0.5093
Rolandic_Oper_R,Putamen_L,0.5609,0.5087
Lingual_L,Fusiform_L,0.5607,0.5085
Frontal_Inf_Oper_R,Parietal_Inf_R,0.5596,0.5077
Frontal_Inf_Tri_R,Cingulum_Mid_L,0.5582,0.5067
Frontal_Inf_Oper_L,Cingulum_Ant_R,0.5581,0.5066
Frontal_Sup_Medial_R,Putamen_L,0.5579,0.5064
Frontal_Inf_Oper_L,Postcentral_R,0.5572,0.5059
Frontal_Inf_Oper_R,Parietal_Inf_L,0.5566,0.5055
Precuneus_R,Thalamus_L,0.5561,0.5051
Cerebelum_3_R,Vermis_3,0.5555,0.5047
Frontal_Inf_Tri_L,Supp_Motor_Area_L,0.5549,0.5042
Frontal_Inf_Oper_L,Cingulum_Ant_L,0.5548,0.5041
Frontal_Sup_R,Cingulum_Ant_R,0.5548,0.5041
Insula_R,Postcentral_L,0.5539,0.5035
Frontal_Sup_L,Parietal_Sup_R,0.5538,0.5033
Frontal_Sup_R,Cingulum_Ant_L,0.5537,0.5033
Calcarine_R,Vermis_4_5,0.5535,0.5031
Cingulum_Ant_L,Cingulum_Mid_R,0.5534,0.5031
Vermis_3,Vermis_4_5,0.5532,0.5029
Frontal_Mid_L,Parietal_Inf_R,0.5523,0.5023
Cingulum_Mid_R,Angular_L,0.552,0.502
SupraMarginal_L,Precuneus_L,0.552,0.502
Frontal_Inf_Tri_R,Cingulum_Post_R,0.5519,0.5019
Insula_L,Cingulum_Mid_L,0.551,0.5013
Frontal_Inf_Oper_R,Paracentral_Lobule_L,0.5506,0.501
Cingulum_Mid_L,Thalamus_R,0.5505,0.5009
Frontal_Inf_Tri_R,Cingulum_Ant_R,0.5498,0.5004
Frontal_Sup_Medial_R,Caudate_L,0.5486,0.4995
Frontal_Inf_Tri_R,Cingulum_Ant_L,0.5485,0.4994
Insula_L,Cingulum_Mid_R,0.5484,0.4993
Cingulum_Post_L,Thalamus_R,0.5482,0.4991
Rolandic_Oper_L,Parietal_Inf_L,0.548,0.4991
Cingulum_Mid_R,Angular_R,0.5479,0.4989
Lingual_R,Fusiform_R,0.5479,0.499
Frontal_Inf_Oper_L,Insula_R,0.5478,0.4989
Cingulum_Mid_L,Angular_L,0.5456,0.4972
Caudate_R,Putamen_L,0.5455,0.4971
Cingulum_Post_R,Cuneus_L,0.5454,0.4971
Cingulum_Mid_L,Angular_R,0.5452,0.4969
Frontal_Inf_Oper_L,SupraMarginal_L,0.5448,0.4966
Postcentral_R,Angular_L,0.5425,0.4948
Cingulum_Mid_R,SupraMarginal_L,0.5424,0.4948
Frontal_Mid_R,Caudate_L,0.5424,0.4948
Rolandic_Oper_L,Calcarine_R,0.542,0.4945
Frontal_Sup_R,Frontal_Inf_Oper_L,0.542,0.4945
Frontal_Sup_L,SupraMarginal_R,0.5419,0.4944
Frontal_Sup_Medial_L,Putamen_L,0.5416,0.4942
Frontal_Inf_Oper_R,Paracentral_Lobule_R,0.5415,0.4941
Frontal_Sup_Medial_L,Insula_R,0.5415,0.4941
Insula_L,Postcentral_R,0.5404,0.4933
Frontal_Inf_Tri_R,Supp_Motor_Area_R,0.5402,0.4931
Frontal_Inf_Oper_L,Supp_Motor_Area_R,0.5401,0.4931
Frontal_Sup_R,Insula_L,0.5396,0.4927
Frontal_Inf_Tri_L,Cingulum_Mid_R,0.5393,0.4925
Cingulum_Mid_R,Caudate_R,0.5392,0.4924
Postcentral_L,Putamen_L,0.5392,0.4924
Insula_L,SupraMarginal_L,0.5389,0.4922
Cuneus_R,Occipital_Mid_L,0.5385,0.4918
Cingulum_Ant_R,Caudate_R,0.5382,0.4916
Precentral_R,Angular_L,0.5376,0.4912
Frontal_Inf_Tri_R,Cingulum_Post_L,0.5374,0.491
Frontal_Sup_L,Frontal_Inf_Tri_R,0.5371,0.4908
Occipital_Sup_L,Angular_R,0.5363,0.4902
Parietal_Sup_R,Angular_L,0.5362,0.4901
Angular_L,Angular_R,0.5361,0.4901
Frontal_Inf_Tri_R,Supp_Motor_Area_L,0.536,0.49
Caudate_L,Putamen_R,0.5357,0.4897
Insula_R,Cingulum_Mid_R,0.5355,0.4896
Supp_Motor_Area_L,Insula_L,0.5353,0.4894
Cingulum_Post_R,Calcarine_L,0.5351,0.4893
Insula_R,Cingulum_Mid_L,0.5342,0.4886
Cingulum_Post_R,Caudate_L,0.5338,0.4883
Cerebelum_3_L,Cerebelum_4_5_L,0.5337,0.4882
Rolandic_Oper_R,Cingulum_Ant_R,0.5336,0.4881
Precuneus_R,Thalamus_R,0.5327,0.4874
Frontal_Sup_R,Frontal_Inf_Tri_R,0.532,0.4869
Frontal_Inf_Oper_L,Caudate_R,0.5314,0.4865
Precentral_L,Angular_L,0.5311,0.4862
Frontal_Inf_Oper_R,Rolandic_Oper_L,0.531,0.4862
Calcarine_L,Vermis_4_5,0.5308,0.486
Hippocampus_R,Thalamus_L,0.5307,0.4859
Cuneus_L,Angular_L,0.5306,0.4858
Cingulum_Ant_L,Cingulum_Mid_L,0.5296,0.4851
Calcarine_R,Precuneus_R,0.5288,0.4844
Cuneus_R,Angular_R,0.5286,0.4843
Frontal_Mid_L,SupraMarginal_R,0.5283,0.4841
Cingulum_Post_L,Caudate_L,0.5276,0.4836
Postcentral_L,Thalamus_L,0.5268,0.4829
Rolandic_Oper_R,Postcentral_R,0.5257,0.4821
Frontal_Inf_Oper_L,Precuneus_R,0.5256,0.482
Rolandic_Oper_R,Temporal_Sup_R,0.5245,0.4811
Frontal_Inf_Oper_L,Precuneus_L,0.5245,0.4812
Frontal_Inf_Tri_L,Cingulum_Mid_L,0.5242,0.481
Frontal_Inf_Tri_L,Caudate_R,0.5242,0.4809
Frontal_Sup_Medial_R,SupraMarginal_R,0.5234,0.4804
Insula_L,Vermis_4_5,0.5225,0.4796
Caudate_R,Thalamus_L,0.5223,0.4795
Putamen_R,Thalamus_L,0.5222,0.4794
Putamen_R,Pallidum_R,0.5216,0.4789
Frontal_Mid_L,Parietal_Sup_R,0.5214,0.4788
Frontal_Sup_R,Insula_R,0.521,0.4785
Precentral_L,Angular_R,0.5207,0.4783
Frontal_Sup_L,Insula_L,0.5206,0.4781
Frontal_Mid_L,Insula_L,0.52,0.4777
Supp_Motor_Area_R,Angular_R,0.5192,0.4771
Supp_Motor_Area_R,Caudate_L,0.5191,0.477
Frontal_Sup_Orb_L,Frontal_Med_Orb_R,0.519,0.4769
Rolandic_Oper_R,Cingulum_Ant_L,0.5186,0.4766
Supp_Motor_Area_L,Caudate_L,0.5185,0.4765
Insula_L,Cingulum_Post_R,0.5179,0.4761
Supp_Motor_Area_R,SupraMarginal_L,0.5178,0.476
Insula_L,Calcarine_L,0.5178,0.476
Parietal_Inf_R,Angular_L,0.5177,0.4759
Frontal_Inf_Oper_R,Angular_R,0.5173,0.4756
Occipital_Sup_R,Occipital_Mid_R,0.5169,0.4753
Frontal_Sup_Medial_L,Cuneus_L,0.5156,0.4743
Insula_R,Cingulum_Post_L,0.5154,0.4742
Parietal_Sup_L,SupraMarginal_L,0.514,0.473
Frontal_Mid_Orb_L,Frontal_Mid_Orb_R,0.5139,0.473
Frontal_Mid_L,SupraMarginal_L,0.5138,0.4729
Rolandic_Oper_L,Postcentral_R,0.5137,0.4728
Frontal_Sup_Medial_L,Caudate_R,0.5136,0.4728
Frontal_Mid_R,Insula_L,0.5135,0.4727
Occipital_Sup_L,Precuneus_R,0.5132,0.4725
Supp_Motor_Area_L,Caudate_R,0.513,0.4723
Cingulum_Ant_R,Putamen_R,0.5127,0.4721
Frontal_Inf_Tri_L,Caudate_L,0.5123,0.4718
Frontal_Inf_Tri_R,SupraMarginal_R,0.5122,0.4716
Rolandic_Oper_L,Cingulum_Ant_R,0.5122,0.4717
Supp_Motor_Area_R,Caudate_R,0.5119,0.4714
Insula_L,Lingual_R,0.5117,0.4713
Insula_L,Temporal_Pole_Sup_L,0.5112,0.4709
Supp_Motor_Area_L,Thalamus_L,0.5107,0.4705
Frontal_Inf_Tri_L,Cingulum_Post_R,0.5107,0.4705
Frontal_Sup_Medial_R,Cuneus_L,0.5104,0.4703
Insula_L,Parietal_Inf_L,0.5102,0.4701
Frontal_Inf_Orb_R,Insula_R,0.5098,0.4698
Cingulum_Ant_L,Caudate_R,0.5097,0.4697
SupraMarginal_L,SupraMarginal_R,0.5093,0.4694
Insula_L,Cingulum_Post_L,0.5088,0.469
Calcarine_R,Occipital_Sup_L,0.5087,0.469
Cingulum_Ant_L,Putamen_R,0.5086,0.4688
Precentral_R,Cingulum_Ant_L,0.5084,0.4687
Cingulum_Ant_L,Cingulum_Post_R,0.5081,0.4684
Frontal_Sup_Medial_R,Parietal_Inf_L,0.5081,0.4685
Rolandic_Oper_R,Frontal_Sup_Medial_R,0.508,0.4684
Frontal_Sup_L,Cingulum_Ant_L,0.507,0.4676
Insula_R,Calcarine_L,0.5066,0.4673
Precentral_L,Insula_R,0.5064,0.4672
Cingulum_Mid_L,Caudate_R,0.5063,0.4671
Frontal_Inf_Tri_L,Cingulum_Post_L,0.5061,0.4669
Frontal_Sup_Medial_R,Caudate_R,0.5059,0.4667
Frontal_Sup_R,Frontal_Inf_Tri_L,0.5058,0.4666
Cingulum_Post_R,SupraMarginal_L,0.5057,0.4666
Rolandic_Oper_L,Frontal_Sup_Medial_L,0.5057,0.4666
Supp_Motor_Area_R,Insula_L,0.5054,0.4664
Hippocampus_L,Thalamus_R,0.5049,0.466
Caudate_L,Thalamus_R,0.5039,0.4652
Calcarine_R,Postcentral_L,0.5031,0.4645
Postcentral_R,Caudate_L,0.503,0.4645
Angular_R,Temporal_Sup_R,0.5027,0.4642
Frontal_Mid_L,Caudate_L,0.5025,0.4641
Supp_Motor_Area_L,Angular_R,0.5016,0.4633
Rolandic_Oper_L,Thalamus_L,0.5011,0.463
Frontal_Sup_Medial_L,Parietal_Sup_L,0.5011,0.463
Cerebelum_4_5_L,Cerebelum_4_5_R,0.5011,0.463
Lingual_R,Vermis_3,0.5005,0.4625
Rolandic_Oper_L,Caudate_R,0.5002,0.4623
Insula_R,Lingual_R,0.4998,0.462
Cingulum_Post_L,Cuneus_R,0.4996,0.4618
Caudate_L,Thalamus_L,0.4993,0.4616
Cerebelum_3_L,Vermis_3,0.4991,0.4614
Cingulum_Ant_R,Cingulum_Mid_R,0.4991,0.4614
Frontal_Sup_Medial_R,Calcarine_R,0.499,0.4613
Angular_R,Paracentral_Lobule_L,0.4987,0.4611
Frontal_Sup_Medial_L,Parietal_Inf_R,0.4985,0.461
Precuneus_L,Thalamus_L,0.4984,0.4608
Frontal_Sup_Medial_L,SupraMarginal_R,0.4981,0.4607
Cuneus_L,Postcentral_L,0.4981,0.4606
Frontal_Inf_Oper_R,Cuneus_L,0.4978,0.4604
Rolandic_Oper_L,Calcarine_L,0.4973,0.46
Hippocampus_L,Parietal_Inf_L,0.4963,0.4592
Calcarine_R,Occipital_Mid_L,0.4963,0.4592
Frontal_Sup_Orb_L,Frontal_Mid_Orb_R,0.4959,0.4589
Frontal_Sup_Medial_R,Calcarine_L,0.4959,0.4589
Supp_Motor_Area_L,Angular_L,0.4958,0.4588
Cuneus_R,Angular_L,0.4948,0.458
Frontal_Sup_R,Angular_R,0.4942,0.4575
Frontal_Inf_Oper_R,Calcarine_R,0.4942,0.4575
Frontal_Sup_R,Cuneus_L,0.4939,0.4573
Frontal_Inf_Tri_L,Supp_Motor_Area_R,0.4933,0.4568
Putamen_L,Temporal_Sup_L,0.493,0.4566
Frontal_Inf_Tri_R,Precuneus_L,0.4927,0.4564
Frontal_Inf_Orb_L,Insula_L,0.4913,0.4553
Cingulum_Post_R,Lingual_R,0.4912,0.4552
Frontal_Sup_Medial_L,Calcarine_R,0.4912,0.4552
Putamen_L,Thalamus_L,0.4907,0.4547
Rolandic_Oper_R,Calcarine_R,0.4905,0.4546
Insula_R,Temporal_Sup_L,0.4904,0.4545
Rolandic_Oper_L,Supp_Motor_Area_L,0.4899,0.4541
Frontal_Inf_Tri_L,Cingulum_Ant_R,0.4898,0.4541
Precuneus_R,Caudate_L,0.4888,0.4532
Frontal_Sup_R,Calcarine_R,0.4887,0.4531
Supp_Motor_Area_R,Thalamus_L,0.4887,0.4532
Frontal_Sup_Orb_R,Frontal_Mid_Orb_R,0.4886,0.4531
Cerebelum_4_5_L,Vermis_3,0.4885,0.453
Frontal_Inf_Tri_R,Precuneus_R,0.4882,0.4528
Cingulum_Post_R,Putamen_L,0.4878,0.4525
Frontal_Mid_R,SupraMarginal_L,0.4877,0.4524
Fusiform_R,Cerebelum_4_5_L,0.4875,0.4522
Calcarine_R,Postcentral_R,0.4875,0.4523
Frontal_Sup_Medial_R,Parietal_Sup_L,0.4872,0.452
Frontal_Sup_R,Caudate_R,0.4872,0.452
Frontal_Inf_Tri_L,SupraMarginal_L,0.4868,0.4516
Calcarine_R,Angular_L,0.4864,0.4514
Caudate_R,Thalamus_R,0.4864,0.4513
Precentral_R,Rolandic_Oper_L,0.486,0.4511
Calcarine_L,Occipital_Mid_L,0.4854,0.4505
Occipital_Sup_L,Precuneus_L,0.4852,0.4504
Insula_R,Cingulum_Post_R,0.4848,0.4501
Insula_R,Vermis_4_5,0.4845,0.4499
Cingulum_Mid_R,Cuneus_L,0.4843,0.4497
Calcarine_R,Occipital_Sup_R,0.4833,0.4489
Lingual_R,Putamen_L,0.4832,0.4488
Frontal_Sup_L,Caudate_L,0.4832,0.4488
SupraMarginal_L,Paracentral_Lobule_L,0.4832,0.4488
Rolandic_Oper_L,Caudate_L,0.4828,0.4485
Temporal_Sup_R,Temporal_Mid_R,0.4828,0.4485
Calcarine_R,Precuneus_L,0.4824,0.4481
SupraMarginal_R,Caudate_L,0.4823,0.4481
Frontal_Sup_Medial_L,Calcarine_L,0.4822,0.448
Cerebelum_4_5_R,Vermis_3,0.4821,0.4479
Angular_R,Paracentral_Lobule_R,0.482,0.4478
Precuneus_L,Thalamus_R,0.482,0.4479
Cingulum_Mid_L,Calcarine_R,0.4819,0.4478
Frontal_Inf_Tri_L,Parietal_Inf_L,0.4818,0.4476
Calcarine_R,Putamen_L,0.4812,0.4472
ParaHippocampal_L,Fusiform_L,0.481,0.4471
Cingulum_Ant_R,Caudate_L,0.4807,0.4468
Cingulum_Ant_R,Calcarine_R,0.4807,0.4468
Supp_Motor_Area_L,Thalamus_R,0.4802,0.4464
Postcentral_L,Caudate_R,0.4801,0.4463
Cuneus_L,Postcentral_R,0.4794,0.4458
Putamen_R,Thalamus_R,0.4794,0.4458
Precuneus_L,Caudate_L,0.4793,0.4457
Frontal_Inf_Oper_L,Angular_L,0.4791,0.4455
Frontal_Mid_R,Cingulum_Ant_L,0.479,0.4454
Precentral_L,Caudate_R,0.479,0.4454
Insula_R,Precuneus_R,0.4789,0.4454
Frontal_Sup_Medial_R,Parietal_Inf_R,0.4788,0.4452
Frontal_Sup_R,Calcarine_L,0.4784,0.445
Insula_R,Thalamus_L,0.4784,0.445
Frontal_Sup_L,SupraMarginal_L,0.4781,0.4447
Frontal_Sup_Medial_L,Angular_R,0.478,0.4446
Cingulum_Mid_L,Cuneus_L,0.478,0.4447
Supp_Motor_Area_R,Thalamus_R,0.478,0.4446
Occipital_Sup_R,Occipital_Mid_L,0.4779,0.4445
Insula_R,Heschl_R,0.477,0.4439
Frontal_Inf_Orb_L,Frontal_Inf_Orb_R,0.4767,0.4436
Precentral_L,Cingulum_Ant_L,0.4764,0.4434
Cerebelum_3_R,Cerebelum_4_5_R,0.4763,0.4433
Insula_R,Parietal_Inf_R,0.4762,0.4432
Precentral_R,Caudate_R,0.4759,0.443
Rolandic_Oper_L,Lingual_R,0.4759,0.443
Cingulum_Mid_R,Calcarine_R,0.4759,0.4429
Precentral_R,Thalamus_R,0.4757,0.4428
Cuneus_L,Parietal_Sup_L,0.4756,0.4427
Putamen_R,Temporal_Sup_L,0.4747,0.442
Supp_Motor_Area_L,Cingulum_Ant_L,0.4747,0.442
Precentral_R,Putamen_L,0.4745,0.4418
Cingulum_Ant_L,Cingulum_Post_L,0.4742,0.4416
Rolandic_Oper_R,Vermis_4_5,0.4735,0.441
Calcarine_R,Parietal_Inf_L,0.4733,0.4409
Cingulum_Post_L,Putamen_L,0.473,0.4406
Precentral_R,Cuneus_L,0.4729,0.4406
Supp_Motor_Area_R,Angular_L,0.4724,0.4402
Supp_Motor_Area_L,Insula_R,0.4719,0.4397
Precentral_R,Cingulum_Ant_R,0.4714,0.4393
Frontal_Sup_L,Caudate_R,0.471,0.439
Occipital_Sup_R,Precuneus_R,0.471,0.439
Hippocampus_R,Lingual_R,0.4708,0.4389
Frontal_Mid_R,Caudate_R,0.4705,0.4386
Frontal_Inf_Oper_R,Calcarine_L,0.4705,0.4386
Precentral_R,Thalamus_L,0.4703,0.4385
Putamen_L,Vermis_4_5,0.4701,0.4383
Frontal_Inf_Oper_L,Paracentral_Lobule_L,0.4699,0.4381
Postcentral_R,Thalamus_L,0.4698,0.438
Calcarine_L,Precuneus_R,0.4696,0.4379
Frontal_Sup_L,Angular_R,0.4696,0.4379
Frontal_Inf_Oper_R,Caudate_R,0.4695,0.4378
Cingulum_Post_L,Occipital_Sup_L,0.4692,0.4375
Occipital_Mid_L,Temporal_Mid_L,0.4691,0.4375
Precentral_L,Putamen_L,0.4687,0.4371
Postcentral_R,Caudate_R,0.4686,0.4371
Frontal_Inf_Oper_R,Putamen_R,0.4685,0.437
Cingulum_Mid_L,Putamen_L,0.4684,0.4369
Frontal_Sup_R,Angular_L,0.4682,0.4367
Cingulum_Ant_R,Cingulum_Post_R,0.4682,0.4367
Rolandic_Oper_R,Caudate_R,0.4682,0.4368
Frontal_Inf_Tri_L,Postcentral_R,0.4682,0.4367
Frontal_Sup_R,SupraMarginal_L,0.4681,0.4367
Insula_L,Thalamus_L,0.4679,0.4365
Frontal_Inf_Tri_L,Cingulum_Ant_L,0.4679,0.4365
Angular_L,Temporal_Mid_L,0.4679,0.4365
Parietal_Inf_R,SupraMarginal_L,0.4679,0.4365
Calcarine_L,Postcentral_R,0.4676,0.4362
Occipital_Sup_L,Parietal_Inf_L,0.4675,0.4362
Cingulum_Ant_L,Postcentral_L,0.4672,0.4359
Supp_Motor_Area_R,Cuneus_L,0.4671,0.4358
Rolandic_Oper_L,Frontal_Sup_Medial_R,0.4663,0.4352
Frontal_Inf_Tri_L,Insula_R,0.4659,0.4349
Cingulum_Ant_R,Calcarine_L,0.4657,0.4347
Hippocampus_R,Temporal_Sup_R,0.4656,0.4346
Fusiform_R,Cerebelum_4_5_R,0.4656,0.4346
Calcarine_L,Angular_R,0.4656,0.4347
Thalamus_L,Heschl_L,0.4656,0.4346
Cuneus_L,SupraMarginal_R,0.4655,0.4346
Frontal_Inf_Tri_L,Putamen_L,0.4653,0.4344
Cuneus_L,Parietal_Inf_L,0.4652,0.4343
Insula_L,Lingual_L,0.465,0.4342
Cingulum_Post_L,Lingual_L,0.4648,0.434
Frontal_Sup_L,Cingulum_Ant_R,0.4645,0.4337
Rolandic_Oper_L,Cingulum_Mid_L,0.4645,0.4338
Supp_Motor_Area_R,Insula_R,0.4643,0.4336
Insula_L,Precuneus_R,0.4643,0.4336
Postcentral_L,Thalamus_R,0.4641,0.4334
Frontal_Mid_R,Angular_R,0.464,0.4333
Rolandic_Oper_L,Lingual_L,0.4639,0.4333
SupraMarginal_L,Heschl_L,0.4628,0.4324
Calcarine_L,Angular_L,0.4628,0.4324
Frontal_Mid_R,Angular_L,0.4626,0.4322
Calcarine_L,Occipital_Sup_R,0.4625,0.4321
Cingulum_Ant_L,Calcarine_R,0.4623,0.432
Frontal_Mid_R,Insula_R,0.4615,0.4313
Insula_R,Temporal_Sup_R,0.4614,0.4312
Thalamus_L,Temporal_Sup_L,0.4614,0.4313
Frontal_Sup_R,Caudate_L,0.4613,0.4311
Cingulum_Post_L,Hippocampus_L,0.4613,0.4312
Parietal_Inf_L,Caudate_L,0.4613,0.4311
Precentral_L,Rolandic_Oper_L,0.4612,0.4311
Insula_L,SupraMarginal_R,0.4609,0.4308
Rolandic_Oper_L,Vermis_4_5,0.4608,0.4308
Precentral_L,Cuneus_L,0.4607,0.4306
Insula_L,Paracentral_Lobule_L,0.4604,0.4304
Supp_Motor_Area_R,Cingulum_Ant_L,0.4595,0.4297
Cingulum_Post_L,Lingual_R,0.4594,0.4296
Parietal_Sup_L,Thalamus_L,0.4593,0.4295
Calcarine_L,Precuneus_L,0.4589,0.4292
Frontal_Sup_L,Angular_L,0.4584,0.4288
Cingulum_Mid_R,Putamen_L,0.4581,0.4286
Rolandic_Oper_L,Cuneus_L,0.4577,0.4282
Rolandic_Oper_L,Cingulum_Mid_R,0.4577,0.4282
Cingulum_Ant_R,Cingulum_Post_L,0.4564,0.4271
Insula_R,Precuneus_L,0.4563,0.4271
Rolandic_Oper_L,Cingulum_Post_L,0.4562,0.427
Frontal_Sup_Medial_R,Angular_R,0.4553,0.4263
Rolandic_Oper_R,Temporal_Sup_L,0.4552,0.4262
Frontal_Inf_Oper_R,Rolandic_Oper_R,0.4543,0.4254
Occipital_Sup_R,Angular_L,0.4543,0.4254
Rolandic_Oper_R,Lingual_R,0.4541,0.4253
Rolandic_Oper_L,SupraMarginal_R,0.4541,0.4253
Rolandic_Oper_R,Calcarine_L,0.4539,0.4251
Cingulum_Post_R,Lingual_L,0.4535,0.4248
SupraMarginal_R,Angular_L,0.4533,0.4246
Hippocampus_R,Precuneus_R,0.4531,0.4245
Angular_L,Paracentral_Lobule_L,0.453,0.4243
Frontal_Inf_Tri_R,Caudate_R,0.4527,0.4241
Frontal_Sup_L,Cuneus_L,0.452,0.4235
Rolandic_Oper_L,Cingulum_Post_R,0.4516,0.4232
Hippocampus_L,SupraMarginal_L,0.4508,0.4226
Precentral_L,Thalamus_R,0.4507,0.4225
Frontal_Sup_Medial_L,SupraMarginal_L,0.4506,0.4224
Cingulum_Post_R,Caudate_R,0.4506,0.4224
Frontal_Inf_Tri_R,Parietal_Inf_R,0.4505,0.4223
Frontal_Mid_L,Cingulum_Ant_L,0.4504,0.4222
Frontal_Inf_Tri_L,Precuneus_L,0.4503,0.4222
Frontal_Inf_Oper_L,Putamen_R,0.4503,0.4222
Insula_L,Precuneus_L,0.4501,0.422
Cingulum_Post_R,Vermis_4_5,0.4499,0.4218
Calcarine_L,Putamen_L,0.4497,0.4217
Insula_L,Cuneus_L,0.4497,0.4216
Cingulum_Ant_L,Postcentral_R,0.4493,0.4213
Frontal_Inf_Tri_L,Rolandic_Oper_L,0.4492,0.4213
Frontal_Sup_Orb_R,Frontal_Med_Orb_L,0.4491,0.4211
SupraMarginal_L,Caudate_L,0.4485,0.4207
Occipital_Sup_L,Parietal_Sup_L,0.4485,0.4207
Frontal_Inf_Oper_L,Calcarine_R,0.4485,0.4206
Supp_Motor_Area_R,Calcarine_R,0.4485,0.4207
Cuneus_R,Precuneus_L,0.4485,0.4206
Cingulum_Mid_R,Calcarine_L,0.4483,0.4205
Frontal_Inf_Tri_R,Putamen_L,0.4482,0.4204
Frontal_Sup_L,Calcarine_R,0.448,0.4203
Insula_R,Lingual_L,0.448,0.4202
Cingulum_Post_R,Cuneus_R,0.4479,0.4201
Insula_R,Thalamus_R,0.4478,0.4201
Hippocampus_L,Precuneus_R,0.4477,0.42
Precentral_R,Calcarine_L,0.447,0.4194
Rolandic_Oper_L,Supp_Motor_Area_R,0.4469,0.4194
Frontal_Inf_Tri_L,Precuneus_R,0.4468,0.4193
Frontal_Sup_Medial_R,Cuneus_R,0.4467,0.4192
Frontal_Inf_Oper_L,Cuneus_L,0.4466,0.4191
Precentral_R,Calcarine_R,0.4464,0.4189
Insula_R,Pallidum_L,0.4463,0.4189
ParaHippocampal_L,Lingual_L,0.4463,0.4189
Cingulum_Ant_R,Cingulum_Mid_L,0.4462,0.4188
Frontal_Mid_L,Caudate_R,0.4462,0.4188
Insula_L,Pallidum_L,0.4462,0.4188
Parietal_Inf_L,Putamen_L,0.4459,0.4185
Cingulum_Post_R,Occipital_Sup_L,0.4459,0.4185
Calcarine_R,Putamen_R,0.4457,0.4183
Occipital_Mid_L,Parietal_Inf_L,0.4454,0.4181
Calcarine_L,Postcentral_L,0.445,0.4178
Insula_L,Heschl_L,0.444,0.4169
ParaHippocampal_L,Cerebelum_4_5_L,0.4436,0.4166
Calcarine_R,SupraMarginal_L,0.4431,0.4162
SupraMarginal_L,Putamen_L,0.4431,0.4162
Supp_Motor_Area_L,Cuneus_L,0.4425,0.4157
Frontal_Inf_Oper_R,Parietal_Sup_L,0.4423,0.4156
Supp_Motor_Area_L,Calcarine_R,0.4418,0.4151
Cingulum_Ant_R,Lingual_R,0.4418,0.4151
Frontal_Sup_L,Insula_R,0.4417,0.4151
Putamen_R,Heschl_L,0.4416,0.415
Cingulum_Ant_L,Calcarine_L,0.4413,0.4147
Frontal_Sup_Medial_R,Angular_L,0.441,0.4144
Frontal_Sup_Medial_L,Angular_L,0.4409,0.4144
SupraMarginal_R,Thalamus_R,0.4404,0.414
Occipital_Sup_L,Postcentral_L,0.4404,0.414
Cuneus_L,Vermis_4_5,0.4402,0.4138
Cingulum_Post_L,Caudate_R,0.4399,0.4135
Cuneus_R,Parietal_Inf_L,0.4398,0.4135
Precentral_L,Thalamus_L,0.4398,0.4135
Cuneus_L,Lingual_R,0.4397,0.4134
Cingulum_Mid_R,Cuneus_R,0.4396,0.4133
Fusiform_L,Cerebelum_4_5_L,0.4389,0.4127
Cingulum_Post_R,Hippocampus_R,0.4388,0.4127
Frontal_Sup_R,Putamen_L,0.4384,0.4123
Frontal_Inf_Oper_R,Cuneus_R,0.4382,0.4122
Precuneus_R,Temporal_Sup_R,0.4382,0.4122
Insula_R,Parietal_Inf_L,0.438,0.412
Frontal_Sup_R,Rolandic_Oper_R,0.438,0.412
Frontal_Inf_Oper_L,Calcarine_L,0.4378,0.4119
Frontal_Inf_Oper_R,Parietal_Sup_R,0.4377,0.4118
Supp_Motor_Area_R,Putamen_R,0.4377,0.4117
Frontal_Mid_R,Cingulum_Ant_R,0.4374,0.4115
Calcarine_L,SupraMarginal_R,0.4372,0.4113
Paracentral_Lobule_L,Thalamus_L,0.4362,0.4105
ParaHippocampal_R,Lingual_R,0.436,0.4103
Calcarine_R,Temporal_Sup_L,0.436,0.4104
Insula_R,Cuneus_L,0.4359,0.4102
Rolandic_Oper_L,Precuneus_R,0.4358,0.4102
ParaHippocampal_R,Fusiform_R,0.4355,0.4099
SupraMarginal_R,Caudate_R,0.4354,0.4098
Frontal_Inf_Tri_R,Paracentral_Lobule_L,0.4354,0.4098
Calcarine_L,Parietal_Inf_L,0.4353,0.4097
SupraMarginal_R,Heschl_R,0.4346,0.4091
Calcarine_R,Angular_R,0.4344,0.409
Parietal_Inf_R,Caudate_L,0.4344,0.409
Frontal_Inf_Oper_R,Angular_L,0.4344,0.409
Postcentral_R,Putamen_L,0.4342,0.4088
Cuneus_L,Lingual_L,0.4341,0.4087
Postcentral_L,Putamen_R,0.434,0.4086
Rolandic_Oper_L,Angular_L,0.4338,0.4085
Frontal_Sup_Medial_R,Putamen_R,0.4336,0.4084
Calcarine_L,Cerebelum_4_5_L,0.4336,0.4083
Rolandic_Oper_R,Caudate_L,0.4336,0.4084
Fusiform_R,Vermis_4_5,0.4332,0.408
Angular_L,Thalamus_L,0.4331,0.4079
Lingual_L,Fusiform_R,0.4329,0.4077
Frontal_Mid_L,Angular_R,0.4329,0.4077
Rolandic_Oper_R,Lingual_L,0.4319,0.4069
Frontal_Sup_R,Cuneus_R,0.4319,0.4069
Insula_R,Cuneus_R,0.4316,0.4067
Calcarine_L,Temporal_Sup_R,0.4312,0.4063
Lingual_L,Vermis_3,0.4305,0.4058
Lingual_R,Thalamus_L,0.4303,0.4056
Pallidum_L,Temporal_Sup_L,0.4302,0.4055
Calcarine_R,Cerebelum_4_5_L,0.4296,0.405
Frontal_Sup_L,Calcarine_L,0.4293,0.4047
Frontal_Inf_Oper_L,Paracentral_Lobule_R,0.429,0.4045
Frontal_Sup_Medial_R,Occipital_Mid_L,0.4289,0.4044
Cuneus_L,Temporal_Mid_L,0.4288,0.4043
Parietal_Inf_L,Temporal_Sup_L,0.4284,0.404
Temporal_Sup_L,Temporal_Sup_R,0.4281,0.4037
Rolandic_Oper_L,Pallidum_L,0.4279,0.4036
Cingulum_Post_L,Occipital_Mid_L,0.4279,0.4036
Cingulum_Post_L,Vermis_4_5,0.4278,0.4035
Supp_Motor_Area_R,Calcarine_L,0.4277,0.4034
Cingulum_Mid_L,Calcarine_L,0.4277,0.4034
Rolandic_Oper_R,Temporal_Pole_Sup_R,0.4276,0.4033
Supp_Motor_Area_R,Cingulum_Ant_R,0.4274,0.4031
Precentral_L,Cingulum_Ant_R,0.4274,0.4032
Rolandic_Oper_L,Paracentral_Lobule_L,0.4271,0.4029
Rolandic_Oper_R,Postcentral_L,0.427,0.4028
SupraMarginal_L,Paracentral_Lobule_R,0.4269,0.4027
Frontal_Inf_Tri_R,Angular_R,0.4268,0.4026
Precentral_R,Rolandic_Oper_R,0.4268,0.4026
Frontal_Sup_R,Rolandic_Oper_L,0.4267,0.4026
Frontal_Inf_Oper_L,Parietal_Inf_R,0.4264,0.4023
Hippocampus_R,Vermis_4_5,0.4263,0.4022
Insula_R,Angular_R,0.4263,0.4022
Rolandic_Oper_L,Temporal_Pole_Sup_L,0.4263,0.4022
Parietal_Inf_L,Thalamus_R,0.4261,0.4021
Cingulum_Ant_L,Precuneus_L,0.426,0.402
Frontal_Mid_R,Putamen_L,0.4259,0.4019
Frontal_Inf_Oper_R,SupraMarginal_L,0.4259,0.4019
Precentral_L,Calcarine_R,0.4255,0.4015
Hippocampus_R,Precuneus_L,0.4253,0.4014
Cuneus_R,Postcentral_L,0.4251,0.4012
Lingual_L,Putamen_L,0.4247,0.4008
Putamen_R,Pallidum_L,0.4246,0.4008
Frontal_Sup_Medial_L,Parietal_Sup_R,0.4243,0.4006
Frontal_Inf_Tri_L,Paracentral_Lobule_L,0.4242,0.4004
Frontal_Inf_Oper_L,Parietal_Sup_L,0.4241,0.4004
Frontal_Mid_L,Angular_L,0.424,0.4003
Cingulum_Ant_L,Vermis_4_5,0.424,0.4003
Frontal_Inf_Oper_R,Occipital_Sup_L,0.4239,0.4002
Precentral_R,Putamen_R,0.4238,0.4001
Cingulum_Ant_L,Precuneus_R,0.4238,0.4002
Cuneus_R,Temporal_Mid_L,0.4238,0.4001
Angular_L,Paracentral_Lobule_R,0.4237,0.4001
Frontal_Sup_L,Rolandic_Oper_L,0.4236,0.3999
Cuneus_L,Parietal_Inf_R,0.4234,0.3998
Supp_Motor_Area_L,Putamen_L,0.4234,0.3998
Parietal_Inf_L,Heschl_L,0.4232,0.3996
Frontal_Inf_Oper_L,SupraMarginal_R,0.4223,0.3989
Frontal_Inf_Tri_R,Parietal_Inf_L,0.4219,0.3985
Cuneus_L,Temporal_Sup_R,0.4218,0.3984
Hippocampus_L,Angular_L,0.4217,0.3983
Cingulum_Mid_L,Cuneus_R,0.4216,0.3982
Calcarine_R,SupraMarginal_R,0.4215,0.3982
SupraMarginal_L,Caudate_R,0.4211,0.3979
Insula_R,Paracentral_Lobule_R,0.4211,0.3979
Cingulum_Mid_R,Putamen_R,0.421,0.3978
Calcarine_R,Paracentral_Lobule_L,0.421,0.3978
Cingulum_Ant_R,Postcentral_R,0.4204,0.3972
Supp_Motor_Area_L,Putamen_R,0.4202,0.3971
Occipital_Mid_L,Angular_R,0.42,0.3969
Insula_L,Parietal_Inf_R,0.4199,0.3968
Rolandic_Oper_R,Frontal_Sup_Medial_L,0.4198,0.3967
Frontal_Inf_Tri_R,Paracentral_Lobule_R,0.4194,0.3964
Cingulum_Post_L,Putamen_R,0.4192,0.3963
Insula_R,Paracentral_Lobule_L,0.4191,0.3962
SupraMarginal_R,Thalamus_L,0.4186,0.3957
Frontal_Sup_Medial_L,Thalamus_R,0.4182,0.3954
Hippocampus_L,Postcentral_L,0.418,0.3952
Frontal_Inf_Orb_R,Insula_L,0.418,0.3952
Insula_R,SupraMarginal_L,0.418,0.3952
Hippocampus_R,ParaHippocampal_L,0.4179,0.3952
Precuneus_R,Caudate_R,0.4176,0.3949
Paracentral_Lobule_L,Caudate_L,0.4175,0.3948
Frontal_Sup_Medial_R,Occipital_Sup_L,0.4175,0.3948
Postcentral_L,Temporal_Sup_L,0.4174,0.3947
Frontal_Mid_L,Insula_R,0.4174,0.3947
Frontal_Mid_R,Cuneus_L,0.4168,0.3942
Insula_L,Occipital_Mid_L,0.4168,0.3942
Insula_L,Paracentral_Lobule_R,0.4166,0.3941
Cingulum_Ant_L,Lingual_R,0.4161,0.3937
Frontal_Inf_Orb_R,Rolandic_Oper_R,0.4161,0.3937
Hippocampus_L,Temporal_Mid_L,0.4161,0.3937
Thalamus_L,Heschl_R,0.4161,0.3937
Cuneus_R,Temporal_Sup_R,0.416,0.3936
Frontal_Sup_R,Lingual_L,0.4159,0.3935
Frontal_Inf_Oper_L,Occipital_Mid_L,0.4155,0.3932
Cingulum_Ant_L,Paracentral_Lobule_L,0.4154,0.393
Cingulum_Mid_L,Putamen_R,0.4152,0.3928
Cingulum_Post_L,Hippocampus_R,0.4149,0.3926
Caudate_R,Temporal_Sup_L,0.4147,0.3924
SupraMarginal_R,Putamen_R,0.4138,0.3917
Frontal_Inf_Oper_R,Thalamus_R,0.4137,0.3916
Insula_L,Cuneus_R,0.4136,0.3915
Hippocampus_R,SupraMarginal_R,0.4134,0.3913
Frontal_Sup_Medial_L,Occipital_Sup_L,0.4134,0.3914
Putamen_L,Thalamus_R,0.4133,0.3913
Lingual_L,SupraMarginal_L,0.4133,0.3913
Frontal_Inf_Tri_R,Cuneus_L,0.413,0.391
Postcentral_R,Thalamus_R,0.4126,0.3907
Hippocampus_R,Calcarine_R,0.4125,0.3906
Cuneus_L,Paracentral_Lobule_L,0.4123,0.3904
Temporal_Sup_L,Temporal_Pole_Sup_L,0.4123,0.3904
Postcentral_R,Putamen_R,0.4122,0.3903
Lingual_L,Occipital_Mid_L,0.4119,0.3901
Lingual_L,Temporal_Sup_L,0.4119,0.3901
Lingual_L,Cerebelum_4_5_R,0.4118,0.39
Lingual_R,Putamen_R,0.4117,0.3899
Hippocampus_L,Calcarine_R,0.4115,0.3898
Occipital_Mid_L,Precuneus_R,0.4114,0.3897
Occipital_Sup_R,Parietal_Inf_L,0.4114,0.3897
Rolandic_Oper_R,Angular_R,0.4112,0.3895
Cuneus_L,Parietal_Sup_R,0.4111,0.3894
Hippocampus_L,Lingual_L,0.411,0.3893
Cingulum_Ant_L,Cuneus_L,0.4108,0.3891
Hippocampus_L,Precuneus_L,0.4105,0.3889
Insula_L,Angular_L,0.4103,0.3887
Frontal_Sup_Medial_L,Cuneus_R,0.4101,0.3886
Frontal_Sup_Medial_R,Parietal_Sup_R,0.4101,0.3886
Occipital_Sup_R,Parietal_Inf_R,0.4099,0.3884
Parietal_Inf_R,Temporal_Sup_R,0.4094,0.388
Thalamus_R,Vermis_4_5,0.4092,0.3878
Hippocampus_R,Lingual_L,0.4091,0.3877
Angular_L,Temporal_Sup_L,0.4091,0.3877
Calcarine_R,Temporal_Mid_L,0.409,0.3876
SupraMarginal_R,Vermis_4_5,0.409,0.3876
Frontal_Mid_L,Putamen_L,0.409,0.3876
Frontal_Sup_L,Putamen_L,0.4089,0.3876
Cingulum_Ant_R,Postcentral_L,0.4089,0.3875
Angular_R,Caudate_L,0.4089,0.3875
Hippocampus_R,Angular_R,0.4089,0.3875
Frontal_Sup_Medial_R,Lingual_R,0.4088,0.3875
ParaHippocampal_L,Thalamus_L,0.4076,0.3864
SupraMarginal_L,Thalamus_R,0.4074,0.3863
Hippocampus_L,Cerebelum_4_5_L,0.4074,0.3863
Occipital_Sup_R,Parietal_Sup_R,0.407,0.3859
Rolandic_Oper_L,Cuneus_R,0.4069,0.3858
Frontal_Mid_L,Cingulum_Ant_R,0.4066,0.3856
Hippocampus_R,Cerebelum_4_5_L,0.4064,0.3855
Frontal_Sup_Orb_R,Frontal_Mid_Orb_L,0.4063,0.3854
Cingulum_Ant_R,Vermis_4_5,0.4059,0.385
Occipital_Sup_R,SupraMarginal_R,0.4058,0.3849
ParaHippocampal_L,ParaHippocampal_R,0.4056,0.3847
Cingulum_Mid_R,Hippocampus_L,0.4054,0.3846
Cingulum_Post_L,Occipital_Sup_R,0.4054,0.3846
Thalamus_R,Temporal_Sup_R,0.4053,0.3845
Frontal_Sup_Medial_R,SupraMarginal_L,0.4053,0.3845
SupraMarginal_L,Putamen_R,0.4053,0.3845
Occipital_Sup_L,Temporal_Sup_R,0.4052,0.3844
Occipital_Sup_R,Precuneus_L,0.4052,0.3844
Rolandic_Oper_R,Heschl_L,0.4052,0.3844
Frontal_Sup_Medial_L,Putamen_R,0.4052,0.3844
Paracentral_Lobule_R,Thalamus_L,0.4042,0.3836
Rolandic_Oper_L,Precuneus_L,0.4041,0.3834
Cingulum_Ant_R,Lingual_L,0.4039,0.3833
Frontal_Inf_Oper_L,Thalamus_L,0.4037,0.3831
Calcarine_R,Thalamus_L,0.4034,0.3828
Supp_Motor_Area_L,Cingulum_Ant_R,0.4034,0.3829
Hippocampus_L,Temporal_Sup_L,0.4034,0.3828
Paracentral_Lobule_L,Caudate_R,0.4033,0.3828
Precuneus_R,Putamen_L,0.4033,0.3828
Lingual_R,Thalamus_R,0.4032,0.3827
Parietal_Sup_R,SupraMarginal_L,0.4032,0.3827
Insula_L,Cerebelum_4_5_L,0.403,0.3825
Heschl_L,Heschl_R,0.403,0.3825
Rolandic_Oper_R,Cingulum_Mid_R,0.4029,0.3824
Precentral_L,Putamen_R,0.4029,0.3824
ParaHippocampal_R,Cerebelum_4_5_L,0.4029,0.3824
Frontal_Inf_Tri_R,Rolandic_Oper_L,0.4028,0.3823
Frontal_Sup_R,Occipital_Sup_L,0.4028,0.3824
Rolandic_Oper_L,Occipital_Mid_L,0.4028,0.3823
Occipital_Sup_L,Postcentral_R,0.4028,0.3823
Insula_R,Heschl_L,0.4027,0.3823
Lingual_L,Postcentral_L,0.4022,0.3819
Lingual_R,Fusiform_L,0.4021,0.3817
Rolandic_Oper_R,Cingulum_Mid_L,0.402,0.3817
Cingulum_Ant_R,Cuneus_L,0.4019,0.3816
Supp_Motor_Area_L,Temporal_Sup_L,0.4014,0.3811
Frontal_Sup_Medial_L,Lingual_R,0.4012,0.381
Lingual_R,SupraMarginal_L,0.4012,0.381
ParaHippocampal_R,Cerebelum_4_5_R,0.4011,0.3809
Lingual_L,Postcentral_R,0.401,0.3808
Frontal_Sup_Medial_L,Occipital_Mid_L,0.401,0.3808
Lingual_L,Putamen_R,0.4008,0.3806
Lingual_L,Angular_L,0.4007,0.3806
Insula_R,Occipital_Sup_R,0.4007,0.3806
Cingulum_Post_R,Hippocampus_L,0.4005,0.3804
Frontal_Sup_L,Thalamus_L,0.4005,0.3803
Lingual_R,Temporal_Sup_L,0.4004,0.3803
Calcarine_R,Parietal_Inf_R,0.4001,0.3801
Precuneus_L,Caudate_R,0.4,0.3799
Rolandic_Oper_R,Cingulum_Post_L,0.3998,0.3797
Cingulum_Post_R,Putamen_R,0.3997,0.3797
Thalamus_R,Heschl_R,0.3996,0.3796
Precentral_R,Occipital_Sup_L,0.3995,0.3795
Hippocampus_L,Temporal_Sup_R,0.3995,0.3795
Precentral_L,Calcarine_L,0.3992,0.3793
Occipital_Mid_L,Precuneus_L,0.399,0.3791
Calcarine_L,Parietal_Inf_R,0.3988,0.3789
Frontal_Sup_L,Thalamus_R,0.3987,0.3788
Precuneus_L,Temporal_Sup_R,0.3986,0.3788
Frontal_Sup_R,Thalamus_L,0.3979,0.3781
Parietal_Inf_R,Thalamus_L,0.3976,0.3779
Frontal_Sup_Medial_R,Lingual_L,0.3975,0.3778
Cingulum_Mid_L,Occipital_Sup_L,0.3974,0.3777
Calcarine_R,Temporal_Sup_R,0.3972,0.3776
Cingulum_Mid_R,Occipital_Sup_L,0.3972,0.3775
Thalamus_L,Vermis_4_5,0.3971,0.3774
Frontal_Inf_Oper_R,Occipital_Sup_R,0.3971,0.3775
Hippocampus_L,Heschl_L,0.397,0.3774
Supp_Motor_Area_L,Calcarine_L,0.3965,0.3769
Calcarine_L,Temporal_Mid_L,0.3962,0.3767
Frontal_Sup_Medial_R,Vermis_4_5,0.3962,0.3767
Frontal_Mid_R,Thalamus_R,0.396,0.3765
SupraMarginal_R,Putamen_L,0.3958,0.3763
Frontal_Mid_L,Cuneus_L,0.3958,0.3763
Lingual_L,Thalamus_L,0.3956,0.3761
Cingulum_Ant_L,SupraMarginal_R,0.3956,0.3762
Supp_Motor_Area_R,Temporal_Sup_R,0.3955,0.3761
Frontal_Inf_Oper_L,Angular_R,0.3955,0.3761
Lingual_R,Postcentral_L,0.3954,0.376
Postcentral_R,Temporal_Sup_R,0.3953,0.3759
Cingulum_Ant_R,Precuneus_L,0.3947,0.3754
Cuneus_R,Postcentral_R,0.3946,0.3753
Hippocampus_R,Heschl_R,0.3946,0.3753
Frontal_Sup_Medial_L,Lingual_L,0.3945,0.3752
Occipital_Mid_L,Postcentral_L,0.3945,0.3752
Frontal_Mid_L,Rolandic_Oper_L,0.3944,0.3751
Parietal_Sup_L,Thalamus_R,0.3943,0.375
Frontal_Inf_Orb_L,Temporal_Pole_Sup_L,0.3941,0.3749
Frontal_Mid_R,Rolandic_Oper_L,0.3941,0.3749
Frontal_Inf_Oper_L,Occipital_Sup_L,0.394,0.3748
Lingual_L,Parietal_Inf_L,0.394,0.3748
Rolandic_Oper_R,Parietal_Inf_R,0.3939,0.3748
Insula_R,Occipital_Sup_L,0.3938,0.3746
Calcarine_R,Caudate_R,0.3934,0.3743
Occipital_Sup_L,SupraMarginal_R,0.3933,0.3742
Lingual_L,Occipital_Sup_L,0.3931,0.374
Frontal_Sup_R,Vermis_4_5,0.393,0.374
Insula_L,Angular_R,0.393,0.3739
Frontal_Inf_Orb_R,Putamen_R,0.393,0.374
Rolandic_Oper_L,Parietal_Inf_R,0.3927,0.3737
Frontal_Sup_Medial_R,Occipital_Sup_R,0.3927,0.3737
Lingual_L,SupraMarginal_R,0.3925,0.3736
Rolandic_Oper_R,Precuneus_R,0.3925,0.3735
Supp_Motor_Area_R,Cuneus_R,0.3924,0.3734
Calcarine_L,Temporal_Sup_L,0.3919,0.373
Caudate_L,Temporal_Sup_L,0.3918,0.3729
Precuneus_R,Putamen_R,0.3914,0.3725
Frontal_Sup_R,Occipital_Mid_L,0.3913,0.3725
Calcarine_R,Parietal_Sup_L,0.3913,0.3725
Rolandic_Oper_R,Cerebelum_4_5_R,0.3912,0.3724
Insula_L,Occipital_Sup_L,0.3912,0.3724
Lingual_R,SupraMarginal_R,0.3911,0.3723
Rolandic_Oper_R,Pallidum_L,0.391,0.3722
Paracentral_Lobule_L,Thalamus_R,0.3904,0.3717
Occipital_Mid_L,SupraMarginal_L,0.3904,0.3717
Paracentral_Lobule_R,Caudate_L,0.3904,0.3717
Cingulum_Mid_R,Lingual_L,0.3903,0.3716
Insula_R,Temporal_Pole_Sup_L,0.3903,0.3716
Temporal_Sup_L,Vermis_4_5,0.3901,0.3714
Cuneus_R,Occipital_Mid_R,0.3899,0.3712
Cuneus_R,Parietal_Sup_L,0.3897,0.3711
Frontal_Inf_Tri_L,Putamen_R,0.3895,0.3709
Frontal_Inf_Oper_L,Thalamus_R,0.3892,0.3707
Precentral_R,Cuneus_R,0.3888,0.3704
Occipital_Sup_R,Temporal_Sup_R,0.3885,0.37
Frontal_Sup_Medial_L,Vermis_4_5,0.3879,0.3695
Frontal_Mid_R,Thalamus_L,0.3877,0.3693
Precuneus_R,Temporal_Sup_L,0.3876,0.3693
Insula_L,Thalamus_R,0.3875,0.3692
Cingulum_Post_R,Occipital_Mid_L,0.3875,0.3692
Lingual_L,Precuneus_R,0.3874,0.3691
Rolandic_Oper_L,Thalamus_R,0.3872,0.3689
Frontal_Sup_R,Thalamus_R,0.387,0.3688
Occipital_Sup_L,Temporal_Mid_L,0.3869,0.3687
Occipital_Sup_R,Parietal_Sup_L,0.3869,0.3687
Postcentral_L,Heschl_L,0.3869,0.3687
Frontal_Mid_L,Calcarine_R,0.3869,0.3687
Parietal_Inf_R,Thalamus_R,0.3869,0.3687
Frontal_Sup_R,Lingual_R,0.3867,0.3685
Hippocampus_R,Calcarine_L,0.3862,0.3681
Insula_R,Cerebelum_4_5_L,0.386,0.3679
Angular_L,Putamen_L,0.3852,0.3672
Parietal_Inf_L,Caudate_R,0.385,0.367
Calcarine_L,Temporal_Mid_R,0.3847,0.3668
Rolandic_Oper_L,Heschl_R,0.3846,0.3667
Cingulum_Mid_L,Hippocampus_L,0.3845,0.3666
Frontal_Inf_Oper_L,Cuneus_R,0.3842,0.3664
Lingual_R,Precuneus_R,0.3841,0.3663
Cingulum_Ant_R,Paracentral_Lobule_L,0.3838,0.366
Frontal_Mid_L,Thalamus_L,0.3836,0.3658
Insula_R,Occipital_Mid_L,0.3836,0.3658
Rolandic_Oper_L,Occipital_Sup_L,0.3835,0.3657
Calcarine_L,SupraMarginal_L,0.3833,0.3656
Cuneus_L,SupraMarginal_L,0.3832,0.3655
Precentral_L,Occipital_Sup_L,0.3829,0.3652
Cuneus_L,Paracentral_Lobule_R,0.3827,0.365
Occipital_Sup_R,Postcentral_R,0.3826,0.3649
SupraMarginal_L,Temporal_Mid_L,0.3825,0.3649
Rolandic_Oper_R,Cingulum_Post_R,0.3824,0.3648
Occipital_Sup_R,Postcentral_L,0.3824,0.3648
Frontal_Inf_Tri_R,Rolandic_Oper_R,0.3823,0.3647
Frontal_Inf_Tri_R,Calcarine_L,0.3822,0.3646
Rolandic_Oper_R,Supp_Motor_Area_R,0.3822,0.3646
Calcarine_R,Temporal_Mid_R,0.3821,0.3645
Rolandic_Oper_L,Temporal_Sup_R,0.3819,0.3643
Hippocampus_L,Lingual_R,0.3818,0.3643
Precuneus_L,Putamen_L,0.3815,0.364
Cingulum_Post_L,Temporal_Mid_L,0.3815,0.364
Cuneus_L,Putamen_L,0.3812,0.3638
Calcarine_R,Caudate_L,0.3811,0.3637
Hippocampus_R,Cuneus_L,0.3807,0.3633
Frontal_Sup_R,Occipital_Sup_R,0.3806,0.3632
Lingual_R,Postcentral_R,0.3805,0.3632
Cingulum_Post_L,Temporal_Sup_L,0.3802,0.3629
Supp_Motor_Area_R,Putamen_L,0.3799,0.3626
Paracentral_Lobule_R,Thalamus_R,0.3799,0.3626
Frontal_Sup_R,Putamen_R,0.3798,0.3625
Hippocampus_R,Postcentral_L,0.3798,0.3625
Cingulum_Mid_R,Temporal_Sup_R,0.3798,0.3625
Cingulum_Post_R,Occipital_Sup_R,0.3797,0.3624
Cingulum_Ant_L,Lingual_L,0.3793,0.3621
Cingulum_Ant_L,Parietal_Inf_L,0.3791,0.3619
Calcarine_L,Putamen_R,0.3791,0.3619
Cingulum_Post_R,Cerebelum_4_5_L,0.3791,0.3619
Rolandic_Oper_R,Cuneus_L,0.379,0.3618
Lingual_R,Angular_L,0.3789,0.3617
Cingulum_Ant_R,Precuneus_R,0.3782,0.3612
Hippocampus_R,Parietal_Inf_L,0.378,0.361
Cingulum_Post_R,Temporal_Sup_L,0.3778,0.3608
Putamen_R,Vermis_4_5,0.3776,0.3607
Frontal_Sup_L,Lingual_L,0.3773,0.3604
Frontal_Inf_Oper_L,Lingual_R,0.3773,0.3603
Cingulum_Mid_R,Hippocampus_R,0.377,0.3601
Cingulum_Mid_R,Lingual_R,0.377,0.3601
Rolandic_Oper_R,Cerebelum_4_5_L,0.3769,0.36
Lingual_L,Precuneus_L,0.3768,0.3599
Occipital_Mid_R,Temporal_Mid_R,0.3767,0.3598
Cuneus_R,SupraMarginal_R,0.3766,0.3597
Calcarine_R,Vermis_3,0.3766,0.3597
Calcarine_R,Fusiform_L,0.3762,0.3594
Supp_Motor_Area_L,Cuneus_R,0.3761,0.3593
Angular_L,Caudate_L,0.3761,0.3594
Frontal_Sup_Medial_L,Occipital_Sup_R,0.3761,0.3593
Calcarine_L,Paracentral_Lobule_L,0.3761,0.3593
Precentral_L,Cuneus_R,0.3758,0.3591
Cuneus_L,Occipital_Mid_R,0.3758,0.359
Frontal_Inf_Oper_R,Occipital_Mid_L,0.3756,0.3589
Supp_Motor_Area_R,Hippocampus_L,0.3756,0.3589
Lingual_R,Precuneus_L,0.3753,0.3587
Frontal_Sup_L,Putamen_R,0.3752,0.3585
Paracentral_Lobule_R,Caudate_R,0.3747,0.3581
Calcarine_R,Paracentral_Lobule_R,0.3746,0.3581
Cuneus_R,Lingual_L,0.3746,0.358
Hippocampus_L,Parietal_Sup_L,0.3746,0.358
Rolandic_Oper_L,Cerebelum_4_5_L,0.3743,0.3577
Cuneus_L,Cerebelum_4_5_L,0.3742,0.3576
Frontal_Mid_R,Calcarine_L,0.3741,0.3576
Insula_L,Occipital_Sup_R,0.3735,0.3571
Angular_R,Temporal_Mid_R,0.3735,0.3571
Rolandic_Oper_R,Supp_Motor_Area_L,0.3734,0.357
Cuneus_R,Parietal_Sup_R,0.3729,0.3565
Hippocampus_R,SupraMarginal_L,0.3726,0.3563
Occipital_Sup_L,Parietal_Inf_R,0.3726,0.3562
Frontal_Inf_Tri_R,Frontal_Inf_Orb_R,0.3726,0.3563
Hippocampus_R,Cerebelum_4_5_R,0.3724,0.3561
Fusiform_L,Cerebelum_4_5_R,0.3723,0.356
Hippocampus_L,Cuneus_L,0.3723,0.356
Temporal_Sup_L,Cerebelum_4_5_L,0.3721,0.3559
Frontal_Inf_Oper_L,Lingual_L,0.3719,0.3557
Postcentral_L,Temporal_Sup_R,0.3716,0.3554
Cingulum_Mid_L,Lingual_R,0.3713,0.3551
Supp_Motor_Area_R,Lingual_L,0.3711,0.355
Pallidum_L,Thalamus_L,0.3709,0.3547
Hippocampus_L,Heschl_R,0.3708,0.3547
SupraMarginal_R,Temporal_Sup_L,0.3708,0.3547
Rolandic_Oper_L,Temporal_Mid_L,0.3707,0.3546
Frontal_Inf_Tri_R,Putamen_R,0.3703,0.3543
Frontal_Inf_Orb_L,Putamen_L,0.37,0.354
Thalamus_L,Cerebelum_4_5_L,0.3697,0.3537
Frontal_Inf_Tri_R,Cuneus_R,0.3697,0.3538
Frontal_Inf_Oper_R,Thalamus_L,0.3697,0.3537
Cingulum_Ant_L,Angular_R,0.3697,0.3537
Frontal_Sup_R,Temporal_Sup_R,0.3695,0.3535
Frontal_Inf_Tri_R,Calcarine_R,0.3694,0.3534
Calcarine_R,Fusiform_R,0.3693,0.3534
Cingulum_Ant_L,SupraMarginal_L,0.3693,0.3534
Frontal_Mid_L,Thalamus_R,0.3688,0.3529
Cuneus_L,Caudate_L,0.3686,0.3528
Heschl_L,Temporal_Sup_R,0.3685,0.3527
Parietal_Sup_R,Thalamus_L,0.368,0.3523
Cingulum_Mid_L,Lingual_L,0.3677,0.352
Frontal_Inf_Oper_R,Lingual_R,0.3676,0.3519
Frontal_Inf_Tri_R,Parietal_Sup_R,0.3673,0.3516
Angular_L,Caudate_R,0.3671,0.3514
Lingual_R,Caudate_R,0.3669,0.3513
Frontal_Inf_Orb_L,Insula_R,0.3668,0.3512
Occipital_Mid_L,Postcentral_R,0.3667,0.3511
Fusiform_L,Fusiform_R,0.3666,0.351
Frontal_Mid_R,Calcarine_R,0.3666,0.351
Parietal_Inf_L,Putamen_R,0.3663,0.3508
Cingulum_Ant_L,Thalamus_R,0.3662,0.3506
Insula_R,Cerebelum_4_5_R,0.3661,0.3505
Putamen_L,Heschl_L,0.366,0.3504
Hippocampus_L,Putamen_R,0.366,0.3505
ParaHippocampal_L,Lingual_R,0.366,0.3505
Frontal_Sup_Medial_R,Thalamus_R,0.3659,0.3504
Precuneus_R,Heschl_R,0.3656,0.3502
Hippocampus_L,Calcarine_L,0.3655,0.3501
Rolandic_Oper_L,Occipital_Sup_R,0.3654,0.35
Occipital_Mid_L,Vermis_4_5,0.3653,0.3498
Thalamus_L,Temporal_Sup_R,0.3653,0.3499
Calcarine_R,Cerebelum_4_5_R,0.3652,0.3498
Frontal_Inf_Tri_L,Frontal_Inf_Orb_L,0.3652,0.3498
Frontal_Sup_L,Cuneus_R,0.3651,0.3497
Cingulum_Post_L,Cerebelum_4_5_L,0.3648,0.3494
Rolandic_Oper_R,SupraMarginal_L,0.3646,0.3493
Hippocampus_R,Parietal_Inf_R,0.3646,0.3492
Heschl_R,Temporal_Sup_L,0.3645,0.3492
Precuneus_R,Heschl_L,0.3645,0.3492
Lingual_L,Angular_R,0.3645,0.3492
Rolandic_Oper_L,Paracentral_Lobule_R,0.3645,0.3492
Putamen_L,Cerebelum_4_5_L,0.3644,0.3491
Lingual_R,Occipital_Mid_L,0.3643,0.349
Parietal_Sup_R,Thalamus_R,0.3643,0.349
Calcarine_L,Paracentral_Lobule_R,0.3642,0.3489
Frontal_Mid_R,Occipital_Sup_L,0.3641,0.3488
Postcentral_R,Temporal_Sup_L,0.3641,0.3488
Calcarine_L,Parietal_Sup_L,0.3639,0.3487
Precentral_R,Occipital_Sup_R,0.3638,0.3486
Frontal_Inf_Orb_L,Rolandic_Oper_L,0.3638,0.3486
Rolandic_Oper_R,Thalamus_L,0.3637,0.3485
Cingulum_Ant_L,Paracentral_Lobule_R,0.3637,0.3485
Parietal_Sup_L,Caudate_L,0.3636,0.3484
Cingulum_Ant_L,Temporal_Sup_L,0.3635,0.3483
Caudate_L,Temporal_Sup_R,0.3635,0.3483
Frontal_Mid_L,Putamen_R,0.3635,0.3483
Hippocampus_R,Angular_L,0.3633,0.3481
Occipital_Sup_L,Parietal_Sup_R,0.3631,0.348
Lingual_R,Parietal_Inf_L,0.363,0.3478
Rolandic_Oper_R,Precuneus_L,0.363,0.3478
Frontal_Sup_Medial_L,Thalamus_L,0.3629,0.3477
Postcentral_L,Vermis_4_5,0.3629,0.3478
Insula_L,Cerebelum_4_5_R,0.3627,0.3476
Hippocampus_R,Cuneus_R,0.3626,0.3475
Cingulum_Mid_L,Hippocampus_R,0.3626,0.3475
Frontal_Inf_Tri_L,Angular_L,0.3625,0.3474
Precuneus_R,Vermis_4_5,0.3623,0.3472
Cuneus_R,Cerebelum_4_5_L,0.3623,0.3472
Occipital_Sup_L,SupraMarginal_L,0.362,0.347
Calcarine_L,Vermis_3,0.362,0.347
Occipital_Mid_L,Cerebelum_4_5_L,0.362,0.347
Cingulum_Mid_L,Temporal_Sup_L,0.3618,0.3468
Thalamus_R,Cerebelum_4_5_L,0.3616,0.3466
Rolandic_Oper_R,Paracentral_Lobule_L,0.3615,0.3466
Occipital_Mid_L,Parietal_Sup_L,0.3613,0.3463
Insula_L,Temporal_Sup_R,0.361,0.3461
Cingulum_Ant_R,SupraMarginal_R,0.3609,0.346
Frontal_Mid_R,Putamen_R,0.3607,0.3458
Caudate_L,Pallidum_L,0.3606,0.3457
Calcarine_L,Caudate_L,0.3604,0.3456
Thalamus_R,Temporal_Sup_L,0.3602,0.3454
Frontal_Mid_L,Calcarine_L,0.36,0.3452
Precuneus_L,Vermis_4_5,0.3599,0.3451
Frontal_Inf_Tri_R,Thalamus_R,0.3597,0.345
Lingual_R,Angular_R,0.3593,0.3446
Supp_Motor_Area_R,Occipital_Sup_L,0.3591,0.3444
Hippocampus_L,Vermis_4_5,0.3591,0.3444
Lingual_R,Occipital_Sup_L,0.3589,0.3442
Hippocampus_L,Caudate_L,0.3585,0.3439
Supp_Motor_Area_L,Occipital_Sup_L,0.3583,0.3437
Lingual_L,Caudate_R,0.3583,0.3437
Insula_R,Angular_L,0.3582,0.3436
Supp_Motor_Area_L,Temporal_Sup_R,0.358,0.3434
Calcarine_R,Thalamus_R,0.358,0.3434
Parietal_Inf_L,Temporal_Mid_L,0.3578,0.3433
ParaHippocampal_R,Vermis_4_5,0.3577,0.3432
Cingulum_Post_R,Temporal_Mid_L,0.3574,0.3429
Cuneus_R,Parietal_Inf_R,0.3573,0.3428
Cuneus_R,Temporal_Sup_L,0.3572,0.3428
Caudate_R,Pallidum_R,0.3572,0.3427
Putamen_L,Temporal_Pole_Sup_L,0.3571,0.3426
Frontal_Inf_Tri_L,Calcarine_R,0.357,0.3426
SupraMarginal_L,Angular_R,0.3567,0.3423
Supp_Motor_Area_L,Lingual_L,0.3563,0.3419
Occipital_Mid_R,Angular_R,0.3563,0.342
Postcentral_R,Vermis_4_5,0.356,0.3417
Frontal_Inf_Tri_L,Paracentral_Lobule_R,0.3558,0.3415
Hippocampus_R,Temporal_Sup_L,0.3556,0.3413
Parietal_Inf_R,Caudate_R,0.3555,0.3412
Supp_Motor_Area_R,Temporal_Sup_L,0.3554,0.3412
Cingulum_Mid_R,Occipital_Sup_R,0.3553,0.3411
Angular_L,Thalamus_R,0.3552,0.341
Caudate_R,Vermis_4_5,0.355,0.3408
Cuneus_L,Temporal_Sup_L,0.355,0.3408
Precentral_R,Temporal_Sup_R,0.3549,0.3407
Hippocampus_L,Cuneus_R,0.3546,0.3405
Occipital_Sup_L,Putamen_L,0.3546,0.3405
Frontal_Sup_L,Occipital_Sup_L,0.3545,0.3404
Occipital_Mid_L,Temporal_Sup_L,0.3544,0.3403
Frontal_Inf_Tri_R,Parietal_Sup_L,0.3543,0.3401
Occipital_Sup_L,Cerebelum_4_5_L,0.3542,0.3401
Cingulum_Post_L,Temporal_Sup_R,0.3542,0.3401
Frontal_Inf_Oper_L,Rolandic_Oper_R,0.3541,0.34
Cingulum_Ant_R,Paracentral_Lobule_R,0.354,0.3399
Hippocampus_L,SupraMarginal_R,0.354,0.3399
Angular_R,Thalamus_R,0.3539,0.3399
Precuneus_R,Temporal_Mid_L,0.3538,0.3398
Thalamus_L,Temporal_Mid_L,0.3538,0.3398
Occipital_Sup_L,Occipital_Mid_R,0.3533,0.3393
Cingulum_Mid_R,Temporal_Sup_L,0.3532,0.3392
Cingulum_Ant_L,Parietal_Inf_R,0.3532,0.3392
Caudate_R,Heschl_L,0.3529,0.3389
Frontal_Mid_Orb_L,Frontal_Inf_Orb_L,0.3528,0.3389
Cingulum_Mid_R,Vermis_4_5,0.3528,0.3388
Frontal_Inf_Oper_L,Parietal_Sup_R,0.3525,0.3386
Cuneus_R,Putamen_L,0.3525,0.3386
Frontal_Med_Orb_L,Cingulum_Ant_L,0.3523,0.3384
Rolandic_Oper_R,Occipital_Sup_R,0.3523,0.3384
Precentral_R,Lingual_L,0.3522,0.3383
ParaHippocampal_R,Cerebelum_3_R,0.3521,0.3383
Precentral_L,Occipital_Sup_R,0.352,0.3382
Hippocampus_L,Postcentral_R,0.352,0.3382
Cingulum_Mid_L,Temporal_Sup_R,0.3519,0.338
Angular_R,Vermis_4_5,0.3518,0.338
Frontal_Inf_Tri_L,Parietal_Sup_L,0.3518,0.3379
Putamen_R,Temporal_Pole_Sup_L,0.3517,0.3379
Precentral_R,Occipital_Mid_L,0.3514,0.3376
Cingulum_Mid_L,Occipital_Sup_R,0.3514,0.3377
Rolandic_Oper_R,Occipital_Mid_L,0.3514,0.3377
Precentral_R,Hippocampus_L,0.3512,0.3374
Occipital_Mid_L,Putamen_L,0.3511,0.3374
Occipital_Sup_L,Vermis_4_5,0.3509,0.3372
Rolandic_Oper_R,Cuneus_R,0.3505,0.3368
Cingulum_Post_R,Temporal_Sup_R,0.3504,0.3368
Parietal_Inf_R,Putamen_L,0.3503,0.3366
Angular_L,Vermis_4_5,0.3502,0.3366
Rolandic_Oper_R,Parietal_Inf_L,0.3499,0.3363
Precuneus_L,Putamen_R,0.3498,0.3362
Cuneus_R,Temporal_Mid_R,0.3497,0.3361
Insula_L,Parietal_Sup_L,0.3497,0.3361
Lingual_L,Temporal_Mid_L,0.3492,0.3357
Calcarine_L,Fusiform_L,0.3491,0.3355
Precentral_L,Rolandic_Oper_R,0.3488,0.3353
Cuneus_R,Vermis_4_5,0.3488,0.3353
Cerebelum_3_L,Vermis_4_5,0.3486,0.3351
Rolandic_Oper_R,Paracentral_Lobule_R,0.3484,0.3349
Hippocampus_R,Caudate_L,0.3482,0.3348
Cingulum_Mid_L,Occipital_Mid_L,0.348,0.3346
Frontal_Inf_Tri_L,Parietal_Inf_R,0.3479,0.3345
Paracentral_Lobule_L,Putamen_L,0.3479,0.3346
Temporal_Sup_R,Vermis_4_5,0.3479,0.3345
Supp_Motor_Area_L,Hippocampus_L,0.3477,0.3343
Rolandic_Oper_L,Angular_R,0.3477,0.3344
Precuneus_L,Temporal_Sup_L,0.3476,0.3342
Frontal_Inf_Orb_R,Putamen_L,0.3475,0.3341
Hippocampus_R,Parietal_Sup_L,0.3472,0.3338
Cingulum_Mid_L,Vermis_4_5,0.3472,0.3339
Cingulum_Mid_R,Occipital_Mid_L,0.3472,0.3339
Paracentral_Lobule_L,Putamen_R,0.3471,0.3338
SupraMarginal_R,Cerebelum_4_5_L,0.347,0.3337
Precentral_R,Lingual_R,0.3469,0.3336
Supp_Motor_Area_L,Vermis_4_5,0.3468,0.3336
Precentral_L,Lingual_R,0.3466,0.3334
Olfactory_L,Olfactory_R,0.3452,0.3321
Frontal_Med_Orb_R,Insula_R,0.3451,0.332
Lingual_R,Caudate_L,0.3448,0.3317
Frontal_Med_Orb_R,Cingulum_Ant_L,0.3448,0.3318
Precentral_L,Hippocampus_L,0.3441,0.3311
Angular_R,Heschl_R,0.3441,0.3311
Hippocampus_R,Occipital_Sup_L,0.3441,0.3311
Frontal_Inf_Tri_L,Cuneus_L,0.344,0.331
Frontal_Mid_R,Cuneus_R,0.344,0.3311
Frontal_Inf_Tri_R,SupraMarginal_L,0.3438,0.3309
Frontal_Sup_L,Temporal_Sup_L,0.3437,0.3308
Supp_Motor_Area_L,Lingual_R,0.3435,0.3306
Hippocampus_R,Postcentral_R,0.3435,0.3306
Cuneus_L,Temporal_Mid_R,0.3431,0.3302
Rolandic_Oper_L,Cerebelum_4_5_R,0.3428,0.33
Angular_L,Cerebelum_4_5_L,0.3428,0.33
Frontal_Inf_Tri_L,SupraMarginal_R,0.3426,0.3298
Frontal_Mid_R,Occipital_Mid_L,0.3424,0.3296
Cuneus_L,Heschl_R,0.3421,0.3294
Cuneus_R,Lingual_R,0.342,0.3292
Rolandic_Oper_L,Hippocampus_L,0.3418,0.3291
Calcarine_L,Caudate_R,0.3418,0.3291
Frontal_Inf_Oper_L,Temporal_Sup_L,0.3413,0.3286
Occipital_Mid_L,SupraMarginal_R,0.3413,0.3286
Fusiform_L,Temporal_Mid_L,0.3411,0.3284
Lingual_L,Temporal_Sup_R,0.3411,0.3284
Calcarine_R,Parietal_Sup_R,0.3409,0.3283
Hippocampus_R,Paracentral_Lobule_L,0.3408,0.3282
Rolandic_Oper_L,Parietal_Sup_L,0.3408,0.3282
Postcentral_R,Heschl_L,0.3407,0.3281
Frontal_Sup_R,Cerebelum_4_5_L,0.3407,0.3281
ParaHippocampal_R,Lingual_L,0.3405,0.3279
Frontal_Sup_Orb_L,Insula_R,0.3404,0.3279
Cuneus_L,Thalamus_L,0.3403,0.3278
Supp_Motor_Area_L,Heschl_L,0.3402,0.3276
Cingulum_Ant_R,Occipital_Mid_L,0.3401,0.3276
Frontal_Inf_Tri_R,Occipital_Sup_L,0.34,0.3275
Hippocampus_L,Fusiform_L,0.3399,0.3274
Frontal_Inf_Tri_L,Thalamus_L,0.3398,0.3273
Insula_R,Parietal_Sup_L,0.3395,0.327
Postcentral_R,Heschl_R,0.3394,0.3269
Hippocampus_L,Putamen_L,0.3393,0.3269
Lingual_R,Cerebelum_3_L,0.3392,0.3268
Cuneus_R,Paracentral_Lobule_L,0.3391,0.3267
ParaHippocampal_L,Cerebelum_3_L,0.3385,0.3261
Parietal_Sup_R,Caudate_L,0.3385,0.3261
Insula_R,Parietal_Sup_R,0.3383,0.3259
Calcarine_L,Thalamus_L,0.3382,0.3258
Cerebelum_3_L,Cerebelum_4_5_R,0.3382,0.3259
Cingulum_Ant_R,Cerebelum_4_5_L,0.3381,0.3258
Hippocampus_L,Occipital_Sup_L,0.338,0.3257
Occipital_Sup_L,Paracentral_Lobule_L,0.3378,0.3255
Paracentral_Lobule_R,Temporal_Sup_R,0.3378,0.3255
Precentral_L,Lingual_L,0.3376,0.3253
Supp_Motor_Area_R,Hippocampus_R,0.3376,0.3253
Frontal_Sup_L,Vermis_4_5,0.3376,0.3254
Frontal_Sup_L,Lingual_R,0.3374,0.3251
Parietal_Inf_L,Temporal_Sup_R,0.3372,0.3249
Lingual_R,Cerebelum_3_R,0.3372,0.325
Putamen_R,Cerebelum_4_5_L,0.3372,0.325
Lingual_L,Thalamus_R,0.3371,0.3249
Cingulum_Ant_L,Occipital_Mid_L,0.3368,0.3247
Cuneus_R,SupraMarginal_L,0.3366,0.3244
Temporal_Sup_R,Temporal_Mid_L,0.3365,0.3243
Parietal_Sup_R,Temporal_Sup_R,0.3365,0.3244
Pallidum_L,Heschl_L,0.3365,0.3244
Frontal_Mid_L,Cuneus_R,0.3365,0.3243
Frontal_Sup_Medial_R,Cerebelum_4_5_L,0.3365,0.3244
Rolandic_Oper_R,Temporal_Pole_Sup_L,0.3365,0.3244
Precentral_L,Occipital_Mid_L,0.3364,0.3243
Lingual_L,Occipital_Sup_R,0.3363,0.3242
Supp_Motor_Area_L,Hippocampus_R,0.3356,0.3235
Cingulum_Post_L,Heschl_R,0.3356,0.3236
Insula_L,Hippocampus_L,0.3354,0.3234
Supp_Motor_Area_R,Lingual_R,0.3352,0.3232
Occipital_Sup_L,Caudate_L,0.3351,0.3231
Rolandic_Oper_L,Hippocampus_R,0.3351,0.3231
Frontal_Inf_Oper_L,Vermis_4_5,0.335,0.323
Rolandic_Oper_R,Thalamus_R,0.3347,0.3228
Cerebelum_3_R,Cerebelum_4_5_L,0.3338,0.3219
Insula_L,Vermis_3,0.3336,0.3218
Paracentral_Lobule_L,Heschl_L,0.3335,0.3217
Parietal_Inf_L,Heschl_R,0.3333,0.3215
Postcentral_L,Heschl_R,0.3332,0.3214
Caudate_L,Vermis_4_5,0.3331,0.3213
Supp_Motor_Area_R,Heschl_L,0.3331,0.3213
Putamen_R,Temporal_Sup_R,0.3328,0.3211
Cingulum_Ant_L,Cerebelum_4_5_L,0.3327,0.321
Precuneus_L,Heschl_R,0.3324,0.3207
Rolandic_Oper_R,Occipital_Sup_L,0.3323,0.3206
Frontal_Inf_Oper_R,Frontal_Inf_Orb_R,0.3322,0.3205
Frontal_Inf_Oper_L,Occipital_Sup_R,0.3321,0.3204
Frontal_Sup_Medial_R,Thalamus_L,0.332,0.3203
Frontal_Sup_Orb_L,Insula_L,0.3317,0.3201
Vermis_1_2,Vermis_3,0.3316,0.32
Cingulum_Ant_L,Pallidum_L,0.3316,0.32
Insula_R,Temporal_Pole_Sup_R,0.3316,0.3199
Fusiform_L,Temporal_Sup_L,0.3316,0.3199
Angular_R,Putamen_L,0.3315,0.3199
ParaHippocampal_L,SupraMarginal_L,0.3314,0.3197
ParaHippocampal_L,Angular_L,0.3312,0.3196
Occipital_Sup_R,Vermis_4_5,0.3312,0.3196
Lingual_L,Cerebelum_3_L,0.3311,0.3195
Frontal_Sup_L,Temporal_Sup_R,0.3311,0.3195
ParaHippocampal_L,Thalamus_R,0.331,0.3195
Paracentral_Lobule_R,Putamen_R,0.3308,0.3192
Cingulum_Mid_L,Temporal_Mid_L,0.3306,0.319
Frontal_Inf_Tri_R,Angular_L,0.3305,0.319
Cingulum_Ant_L,Angular_L,0.3304,0.3189
Paracentral_Lobule_L,Temporal_Sup_R,0.3303,0.3188
Cuneus_R,Paracentral_Lobule_R,0.3303,0.3188
Thalamus_R,Vermis_3,0.3303,0.3188
Frontal_Sup_R,Temporal_Sup_L,0.3302,0.3187
Cingulum_Ant_L,Parietal_Sup_L,0.3302,0.3187
Heschl_L,Temporal_Mid_L,0.3296,0.3182
Parietal_Inf_R,Heschl_R,0.3295,0.318
Frontal_Sup_Orb_L,Cingulum_Ant_L,0.3293,0.3179
Cingulum_Ant_L,Cuneus_R,0.3293,0.3179
Paracentral_Lobule_R,Putamen_L,0.3292,0.3178
Insula_R,Hippocampus_R,0.3292,0.3178
Lingual_L,Parietal_Inf_R,0.3291,0.3177
Frontal_Inf_Orb_L,Rolandic_Oper_R,0.3289,0.3175
Frontal_Sup_L,Rolandic_Oper_R,0.3287,0.3174
Cingulum_Mid_L,Heschl_L,0.3287,0.3174
Insula_L,Temporal_Mid_L,0.3283,0.317
Frontal_Sup_Medial_R,Temporal_Sup_R,0.3283,0.317
ParaHippocampal_R,Vermis_3,0.3282,0.3169
Cingulum_Ant_L,Occipital_Sup_L,0.3281,0.3168
Fusiform_L,Vermis_4_5,0.328,0.3167
Lingual_L,Paracentral_Lobule_L,0.3279,0.3167
Frontal_Sup_L,Occipital_Mid_L,0.3277,0.3164
Hippocampus_R,Fusiform_R,0.3277,0.3164
Frontal_Mid_Orb_R,Frontal_Inf_Orb_R,0.3277,0.3164
SupraMarginal_L,Vermis_4_5,0.3275,0.3163
Frontal_Inf_Oper_R,Lingual_L,0.3274,0.3162
ParaHippocampal_L,Parietal_Inf_L,0.3273,0.3161
Lingual_R,Occipital_Sup_R,0.3273,0.3161
Cingulum_Post_R,ParaHippocampal_L,0.327,0.3158
Frontal_Sup_L,Occipital_Sup_R,0.327,0.3158
Lingual_L,Caudate_L,0.3267,0.3156
Hippocampus_L,Parietal_Inf_R,0.3265,0.3154
Precuneus_R,Cerebelum_4_5_L,0.3263,0.3152
Cingulum_Mid_R,Heschl_R,0.3262,0.3151
Cuneus_R,Thalamus_L,0.3262,0.3151
Hippocampus_L,Caudate_R,0.3262,0.3151
Calcarine_L,Cerebelum_4_5_R,0.3256,0.3145
Putamen_R,Heschl_R,0.3253,0.3143
Angular_R,Cerebelum_4_5_L,0.3252,0.3142
Frontal_Inf_Tri_R,Occipital_Mid_L,0.3251,0.3141
Hippocampus_R,Heschl_L,0.3251,0.3141
Cingulum_Mid_L,Heschl_R,0.325,0.314
Parietal_Sup_L,Caudate_R,0.3247,0.3137
Cingulum_Ant_R,Temporal_Sup_L,0.3243,0.3134
Precentral_R,Vermis_4_5,0.3243,0.3134
Frontal_Inf_Oper_R,Vermis_4_5,0.3242,0.3133
Cingulum_Ant_R,Angular_R,0.3239,0.313
Precentral_R,Hippocampus_R,0.3238,0.3129
Insula_L,Heschl_R,0.3237,0.3129
Occipital_Mid_L,Parietal_Inf_R,0.3236,0.3127
Cingulum_Ant_L,Thalamus_L,0.3233,0.3125
Supp_Motor_Area_R,Vermis_4_5,0.3233,0.3125
SupraMarginal_R,Temporal_Mid_R,0.323,0.3122
Cingulum_Mid_R,Heschl_L,0.323,0.3122
Cuneus_L,Putamen_R,0.323,0.3122
Frontal_Mid_R,Rolandic_Oper_R,0.3226,0.3118
Parietal_Inf_L,Vermis_4_5,0.3226,0.3118
Occipital_Sup_L,Paracentral_Lobule_R,0.3223,0.3116
Precuneus_L,Heschl_L,0.3223,0.3116
Frontal_Sup_Medial_L,Temporal_Sup_L,0.3221,0.3114
Cingulum_Mid_R,Temporal_Mid_L,0.3219,0.3112
Hippocampus_R,Paracentral_Lobule_R,0.3218,0.3111
Paracentral_Lobule_L,Temporal_Sup_L,0.3218,0.3111
Pallidum_R,Thalamus_R,0.3217,0.311
Lingual_R,Heschl_L,0.3216,0.311
Angular_L,Heschl_L,0.3216,0.311
Lingual_L,Paracentral_Lobule_R,0.3213,0.3107
Frontal_Mid_Orb_L,Frontal_Med_Orb_L,0.3213,0.3107
Fusiform_L,Cerebelum_3_L,0.3213,0.3107
Occipital_Sup_L,Temporal_Sup_L,0.3212,0.3106
Parietal_Inf_R,Putamen_R,0.3211,0.3105
Frontal_Inf_Orb_R,Rolandic_Oper_L,0.3211,0.3105
Pallidum_L,Vermis_4_5,0.3211,0.3105
Frontal_Mid_L,Occipital_Sup_L,0.321,0.3104
Lingual_R,Parietal_Sup_L,0.321,0.3104
Supp_Motor_Area_L,Occipital_Mid_L,0.3209,0.3103
Rolandic_Oper_R,Frontal_Med_Orb_R,0.3208,0.3102
Angular_R,Thalamus_L,0.3207,0.3102
Cingulum_Ant_R,Occipital_Sup_L,0.3207,0.3101
Postcentral_L,Temporal_Mid_L,0.3207,0.3101
Cingulum_Ant_R,SupraMarginal_L,0.3206,0.31
ParaHippocampal_L,Precuneus_R,0.3206,0.31
Frontal_Inf_Tri_L,Calcarine_L,0.3204,0.3099
Cingulum_Post_L,ParaHippocampal_L,0.3203,0.3097
Frontal_Inf_Orb_R,Cingulum_Ant_R,0.3202,0.3096
Cerebelum_3_L,Cerebelum_3_R,0.3201,0.3096
Parietal_Sup_L,Putamen_L,0.3201,0.3096
Supp_Motor_Area_R,Occipital_Sup_R,0.32,0.3095
Hippocampus_L,Paracentral_Lobule_L,0.3198,0.3093
Frontal_Inf_Tri_R,Temporal_Sup_R,0.3198,0.3093
Calcarine_L,Occipital_Mid_R,0.3196,0.3091
Fusiform_R,Cerebelum_3_R,0.3195,0.3091
Temporal_Sup_L,Cerebelum_4_5_R,0.3194,0.3089
Insula_L,Hippocampus_R,0.3194,0.309
Calcarine_L,Parietal_Sup_R,0.3193,0.3088
Calcarine_R,Heschl_L,0.319,0.3086
Frontal_Inf_Oper_R,Temporal_Sup_R,0.3188,0.3084
Lingual_R,Parietal_Inf_R,0.3184,0.3081
Rolandic_Oper_R,Fusiform_R,0.3184,0.3081
Hippocampus_L,ParaHippocampal_R,0.318,0.3077
Lingual_L,Heschl_L,0.3178,0.3075
Supp_Motor_Area_R,Heschl_R,0.3177,0.3074
Parietal_Inf_R,Vermis_4_5,0.3177,0.3075
Occipital_Sup_L,Heschl_R,0.3177,0.3075
Occipital_Sup_R,Temporal_Mid_R,0.3176,0.3073
Frontal_Med_Orb_L,Insula_R,0.3175,0.3073
Insula_R,Hippocampus_L,0.3171,0.3069
Cingulum_Ant_R,Angular_L,0.3171,0.3069
Frontal_Inf_Tri_L,Occipital_Mid_L,0.317,0.3068
Cingulum_Ant_R,Cuneus_R,0.3169,0.3067
Frontal_Inf_Orb_L,Pallidum_L,0.3167,0.3065
Lingual_R,Paracentral_Lobule_L,0.3163,0.3061
Angular_L,Putamen_R,0.3162,0.306
Frontal_Inf_Tri_R,Occipital_Sup_R,0.316,0.3059
Frontal_Inf_Orb_L,Temporal_Sup_L,0.3159,0.3058
Frontal_Sup_Medial_L,Temporal_Sup_R,0.3158,0.3057
Lingual_R,Temporal_Sup_R,0.3156,0.3055
ParaHippocampal_L,Temporal_Mid_L,0.3152,0.3052
Precuneus_L,Temporal_Mid_L,0.315,0.305
Lingual_R,Temporal_Mid_L,0.3149,0.3049
Temporal_Sup_R,Cerebelum_4_5_L,0.3148,0.3048
Occipital_Mid_L,Occipital_Mid_R,0.3147,0.3047
Frontal_Sup_Medial_L,Cerebelum_4_5_L,0.3145,0.3045
Frontal_Mid_R,Lingual_L,0.3145,0.3045
Hippocampus_L,Paracentral_Lobule_R,0.3145,0.3045
Hippocampus_R,Parietal_Sup_R,0.3144,0.3044
ParaHippocampal_L,Calcarine_R,0.3143,0.3044
Putamen_L,Cerebelum_4_5_R,0.3141,0.3042
Lingual_L,Parietal_Sup_L,0.3141,0.3041
Cingulum_Ant_L,Occipital_Sup_R,0.3138,0.3039
Calcarine_L,Thalamus_R,0.3136,0.3037
Putamen_R,Cerebelum_4_5_R,0.3135,0.3036
Frontal_Inf_Tri_L,Temporal_Sup_L,0.3134,0.3036
Frontal_Med_Orb_R,Insula_L,0.3133,0.3034
Temporal_Sup_R,Cerebelum_4_5_R,0.3132,0.3034
Supp_Motor_Area_L,Heschl_R,0.3132,0.3034
Cingulum_Ant_R,Thalamus_R,0.313,0.3032
ParaHippocampal_L,Fusiform_R,0.313,0.3032
Paracentral_Lobule_L,Vermis_4_5,0.313,0.3032
Cuneus_L,Caudate_R,0.3129,0.3031
SupraMarginal_R,Heschl_L,0.3129,0.3031
Supp_Motor_Area_R,Temporal_Mid_L,0.3127,0.3029
Hippocampus_R,Putamen_L,0.3126,0.3028
Supp_Motor_Area_L,Temporal_Mid_L,0.3126,0.3028
Precentral_R,Temporal_Sup_L,0.3124,0.3026
Frontal_Inf_Orb_R,Cingulum_Ant_L,0.312,0.3022
Frontal_Sup_Medial_R,Temporal_Sup_L,0.3119,0.3022
Frontal_Sup_R,Temporal_Mid_L,0.3117,0.302
Occipital_Sup_L,Thalamus_L,0.3117,0.302
Fusiform_R,Vermis_3,0.3116,0.3019
Temporal_Mid_L,Cerebelum_4_5_L,0.3114,0.3017
Caudate_L,Heschl_R,0.3113,0.3016
Cerebelum_3_R,Vermis_1_2,0.3113,0.3016
Insula_R,Fusiform_R,0.3109,0.3013
Angular_R,Caudate_R,0.3102,0.3006
Cuneus_R,Caudate_L,0.31,0.3004
Cuneus_R,Putamen_R,0.31,0.3005
Temporal_Pole_Sup_L,Temporal_Pole_Sup_R,0.3096,0.3001
Occipital_Sup_R,Putamen_L,0.3095,0.3
Occipital_Sup_R,Cerebelum_4_5_L,0.3095,0.3
Cerebelum_3_R,Vermis_4_5,0.3093,0.2998
Frontal_Sup_L,Temporal_Mid_L,0.3093,0.2998
Cingulum_Post_R,Vermis_3,0.3092,0.2997
Cuneus_L,Thalamus_R,0.3091,0.2996
Supp_Motor_Area_R,Occipital_Mid_L,0.3091,0.2996
Caudate_R,Pallidum_L,0.309,0.2995
Cingulum_Ant_R,Pallidum_L,0.3086,0.2991
Precentral_L,Vermis_4_5,0.3085,0.299
Occipital_Sup_L,Temporal_Mid_R,0.3077,0.2983
Frontal_Mid_L,Lingual_L,0.3076,0.2982
ParaHippocampal_L,Vermis_4_5,0.3076,0.2983
Caudate_L,Heschl_L,0.3071,0.2978
Frontal_Sup_Medial_L,Temporal_Mid_R,0.3069,0.2976
Occipital_Mid_L,Parietal_Sup_R,0.3067,0.2974
Frontal_Inf_Oper_L,Hippocampus_L,0.3067,0.2974
Supp_Motor_Area_L,Occipital_Sup_R,0.3067,0.2974
Thalamus_L,Vermis_3,0.3066,0.2973
Temporal_Pole_Sup_L,Vermis_4_5,0.3066,0.2973
Frontal_Med_Orb_R,Cingulum_Ant_R,0.3065,0.2972
Cingulum_Mid_R,Cerebelum_4_5_L,0.3064,0.2971
Thalamus_R,Heschl_L,0.3063,0.297
ParaHippocampal_L,Precuneus_L,0.3061,0.2969
Cingulum_Post_L,Heschl_L,0.3059,0.2967
Cingulum_Mid_R,ParaHippocampal_L,0.3058,0.2966
Insula_R,Temporal_Mid_L,0.3058,0.2966
Angular_R,Putamen_R,0.3057,0.2965
Fusiform_R,Temporal_Sup_L,0.3056,0.2964
ParaHippocampal_L,Temporal_Sup_L,0.3055,0.2963
Precuneus_L,Cerebelum_4_5_L,0.3055,0.2964
Fusiform_R,Cerebelum_3_L,0.3053,0.2961
Frontal_Inf_Orb_L,Putamen_R,0.3052,0.2961
Insula_L,Fusiform_R,0.3052,0.2961
Caudate_R,Temporal_Sup_R,0.3043,0.2952
Cingulum_Ant_R,Parietal_Inf_L,0.3041,0.295
Frontal_Mid_L,Occipital_Mid_L,0.3038,0.2948
ParaHippocampal_L,Postcentral_L,0.3032,0.2943
Precentral_L,Temporal_Sup_L,0.3031,0.2941
Rolandic_Oper_R,Angular_L,0.303,0.2941
Hippocampus_L,Occipital_Mid_L,0.3028,0.2938
Rolandic_Oper_L,Fusiform_R,0.3025,0.2936
Hippocampus_L,Parietal_Sup_R,0.3023,0.2934
ParaHippocampal_L,Cerebelum_4_5_R,0.3022,0.2934
Heschl_L,Cerebelum_4_5_R,0.302,0.2932
Frontal_Mid_R,Occipital_Sup_R,0.3018,0.293
Cingulum_Ant_L,Temporal_Pole_Sup_L,0.3018,0.2929
SupraMarginal_L,Heschl_R,0.3017,0.2929
Frontal_Inf_Oper_L,Temporal_Mid_L,0.3014,0.2926
Frontal_Inf_Oper_L,Cerebelum_4_5_L,0.3012,0.2924
Postcentral_L,Cerebelum_4_5_L,0.301,0.2922
Frontal_Inf_Tri_R,Thalamus_L,0.3009,0.2921
Frontal_Inf_Tri_L,Parietal_Sup_R,0.3009,0.2922
Frontal_Inf_Tri_L,Thalamus_R,0.3008,0.292
SupraMarginal_L,Cerebelum_4_5_L,0.3007,0.292
Parietal_Sup_L,Temporal_Sup_R,0.3006,0.2919
Temporal_Mid_L,Vermis_4_5,0.3005,0.2918
Frontal_Sup_R,Heschl_R,0.3005,0.2918
Thalamus_R,Temporal_Mid_L,0.3004,0.2917
ParaHippocampal_L,Vermis_3,0.3004,0.2917
Frontal_Sup_Medial_L,Hippocampus_R,0.3,0.2914
Frontal_Sup_Medial_R,Temporal_Mid_L,0.2999,0.2913
Frontal_Inf_Tri_L,Cuneus_R,0.2995,0.2909
Frontal_Inf_Tri_L,Frontal_Inf_Orb_R,0.2993,0.2907
ParaHippocampal_L,Cuneus_L,0.2992,0.2906
Hippocampus_R,Vermis_3,0.2988,0.2902
Lingual_R,Paracentral_Lobule_R,0.2984,0.2898
Frontal_Inf_Tri_L,Angular_R,0.2984,0.2898
Precentral_L,Hippocampus_R,0.2982,0.2897
Frontal_Sup_R,Hippocampus_R,0.2981,0.2896
Frontal_Sup_Medial_L,Temporal_Mid_L,0.2978,0.2893
Precentral_R,Heschl_R,0.2977,0.2892
Frontal_Inf_Tri_L,Lingual_L,0.2975,0.289
Supp_Motor_Area_R,ParaHippocampal_L,0.2974,0.2889
Frontal_Sup_L,Cerebelum_4_5_L,0.2974,0.2889
Cingulum_Post_R,Heschl_L,0.2973,0.2888
Cingulum_Ant_R,Parietal_Inf_R,0.2971,0.2886
Pallidum_L,Pallidum_R,0.2969,0.2884
Cingulum_Ant_R,Temporal_Pole_Sup_L,0.2968,0.2884
Occipital_Mid_L,Temporal_Sup_R,0.2966,0.2882
Frontal_Mid_R,Temporal_Sup_R,0.2966,0.2882
Frontal_Sup_L,Hippocampus_R,0.2965,0.2881
Lingual_L,Temporal_Pole_Sup_L,0.2963,0.288
Angular_L,Temporal_Sup_R,0.2959,0.2876
Lingual_R,Pallidum_L,0.2957,0.2873
Frontal_Inf_Orb_R,Frontal_Sup_Medial_R,0.2954,0.2871
Parietal_Inf_L,Cerebelum_4_5_L,0.2952,0.2869
Parietal_Inf_R,Temporal_Sup_L,0.2951,0.2868
Cingulum_Post_R,Heschl_R,0.2949,0.2866
Parietal_Sup_L,Heschl_L,0.2949,0.2867
Paracentral_Lobule_R,Vermis_4_5,0.2948,0.2865
Precentral_L,Temporal_Sup_R,0.2948,0.2865
Pallidum_R,Thalamus_L,0.2948,0.2865
Cingulum_Mid_L,Cerebelum_4_5_L,0.2948,0.2865
Rolandic_Oper_R,Temporal_Mid_L,0.2948,0.2866
Cingulum_Ant_L,Temporal_Sup_R,0.2947,0.2865
Insula_L,Parietal_Sup_R,0.2943,0.286
ParaHippocampal_L,Parietal_Sup_L,0.294,0.2858
Putamen_L,Temporal_Sup_R,0.294,0.2858
Occipital_Sup_R,Paracentral_Lobule_L,0.294,0.2859
Lingual_L,Heschl_R,0.2938,0.2856
Frontal_Sup_L,Hippocampus_L,0.2938,0.2856
Heschl_R,Vermis_4_5,0.2938,0.2857
Putamen_L,Vermis_3,0.2933,0.2851
Parietal_Sup_L,Vermis_4_5,0.2933,0.2852
Cuneus_R,Thalamus_R,0.2932,0.285
Frontal_Sup_Orb_L,Putamen_R,0.2932,0.285
Putamen_L,Heschl_R,0.2931,0.285
Frontal_Inf_Tri_L,Lingual_R,0.293,0.2849
Occipital_Mid_L,Caudate_L,0.2929,0.2848
Hippocampus_R,Temporal_Mid_R,0.2929,0.2848
Paracentral_Lobule_R,Heschl_L,0.2926,0.2845
Cingulum_Ant_R,Occipital_Sup_R,0.2926,0.2846
Angular_R,Temporal_Sup_L,0.2923,0.2842
Heschl_L,Cerebelum_4_5_L,0.2918,0.2838
Occipital_Mid_L,Paracentral_Lobule_L,0.2917,0.2837
Rolandic_Oper_R,Occipital_Mid_R,0.2917,0.2837
ParaHippocampal_R,Calcarine_R,0.2916,0.2836
Occipital_Mid_L,Fusiform_L,0.2916,0.2836
Paracentral_Lobule_L,Temporal_Mid_L,0.2914,0.2834
Cingulum_Ant_R,Vermis_3,0.2908,0.2829
Postcentral_R,Cerebelum_4_5_L,0.2907,0.2828
Frontal_Sup_Medial_R,Pallidum_L,0.2907,0.2827
Cingulum_Ant_L,Vermis_3,0.2905,0.2826
Hippocampus_L,Cerebelum_4_5_R,0.2905,0.2826
Hippocampus_R,Occipital_Sup_R,0.2902,0.2823
Occipital_Sup_L,Putamen_R,0.2902,0.2823
Frontal_Inf_Orb_R,Temporal_Pole_Sup_L,0.2899,0.2821
Occipital_Sup_R,Paracentral_Lobule_R,0.2899,0.2821
Cingulum_Ant_R,Parietal_Sup_L,0.2898,0.2819
Cuneus_R,Heschl_R,0.2892,0.2814
Frontal_Inf_Orb_R,Caudate_R,0.2892,0.2814
Parietal_Sup_L,Putamen_R,0.2891,0.2813
Postcentral_R,Temporal_Mid_L,0.2891,0.2813
Frontal_Inf_Tri_R,Lingual_R,0.289,0.2812
Calcarine_R,Occipital_Mid_R,0.289,0.2812
Hippocampus_R,Putamen_R,0.2889,0.2811
Heschl_L,Vermis_4_5,0.2887,0.281
Frontal_Sup_R,Hippocampus_L,0.288,0.2803
Frontal_Mid_Orb_L,Frontal_Med_Orb_R,0.2876,0.2799
Frontal_Sup_Orb_L,Putamen_L,0.2876,0.2799
Hippocampus_R,Temporal_Mid_L,0.2875,0.2798
Cuneus_L,Fusiform_R,0.2873,0.2797
Frontal_Inf_Tri_L,Rolandic_Oper_R,0.2871,0.2795
Fusiform_L,Vermis_3,0.2871,0.2794
Cuneus_L,Cerebelum_4_5_R,0.2869,0.2793
Frontal_Mid_L,Hippocampus_L,0.2867,0.2791
Cuneus_L,Fusiform_L,0.2866,0.279
Frontal_Inf_Oper_R,Hippocampus_R,0.2862,0.2787
Parietal_Sup_L,Temporal_Sup_L,0.2861,0.2786
Hippocampus_R,Caudate_R,0.2859,0.2784
Frontal_Mid_Orb_R,Frontal_Inf_Orb_L,0.2857,0.2782
Frontal_Mid_L,Rolandic_Oper_R,0.2857,0.2782
ParaHippocampal_L,Calcarine_L,0.2856,0.2781
Frontal_Mid_L,Lingual_R,0.2854,0.2779
Fusiform_R,SupraMarginal_R,0.2853,0.2778
Cingulum_Mid_L,ParaHippocampal_L,0.2853,0.2778
Lingual_L,Temporal_Mid_R,0.2852,0.2777
Calcarine_L,Fusiform_R,0.2852,0.2777
Hippocampus_L,Angular_R,0.2852,0.2778
ParaHippocampal_L,Cuneus_R,0.2851,0.2776
Heschl_R,Cerebelum_4_5_L,0.285,0.2775
Frontal_Inf_Oper_R,Temporal_Sup_L,0.2849,0.2775
Lingual_R,Temporal_Pole_Sup_L,0.2848,0.2773
SupraMarginal_L,Temporal_Sup_R,0.2842,0.2768
ParaHippocampal_R,Thalamus_L,0.2842,0.2768
Insula_L,Temporal_Pole_Sup_R,0.2839,0.2765
ParaHippocampal_R,Cuneus_L,0.2839,0.2765
ParaHippocampal_L,Temporal_Sup_R,0.2838,0.2764
Occipital_Sup_L,Fusiform_R,0.2837,0.2763
Lingual_R,Temporal_Mid_R,0.2836,0.2762
Occipital_Mid_L,Temporal_Mid_R,0.2834,0.2761
Frontal_Mid_R,Hippocampus_L,0.2831,0.2758
Occipital_Mid_L,Caudate_R,0.283,0.2757
Frontal_Inf_Oper_L,Frontal_Inf_Orb_L,0.283,0.2757
Occipital_Sup_L,Caudate_R,0.283,0.2757
Frontal_Inf_Orb_R,Temporal_Pole_Sup_R,0.2827,0.2754
Frontal_Inf_Orb_L,Temporal_Pole_Sup_R,0.2827,0.2754
Frontal_Sup_R,ParaHippocampal_L,0.2821,0.2748
Lingual_L,Pallidum_L,0.2819,0.2747
Pallidum_L,Thalamus_R,0.2819,0.2747
Hippocampus_L,Cerebelum_3_L,0.2817,0.2745
Frontal_Inf_Tri_L,Occipital_Sup_L,0.2815,0.2743
Parietal_Sup_R,Caudate_R,0.281,0.2738
Pallidum_L,Cerebelum_4_5_L,0.2808,0.2737
Fusiform_R,Temporal_Sup_R,0.2806,0.2734
Rolandic_Oper_R,Temporal_Mid_R,0.2806,0.2735
Cingulum_Ant_L,Parietal_Sup_R,0.2802,0.2731
Paracentral_Lobule_L,Heschl_R,0.2798,0.2728
Frontal_Inf_Tri_R,Frontal_Inf_Orb_L,0.2798,0.2727
Occipital_Mid_L,Putamen_R,0.2797,0.2726
Occipital_Sup_L,Thalamus_R,0.2797,0.2726
ParaHippocampal_R,Angular_R,0.2796,0.2725
Caudate_L,Cerebelum_4_5_L,0.2794,0.2723
Frontal_Inf_Oper_L,Pallidum_L,0.2794,0.2723
Frontal_Sup_R,Temporal_Mid_R,0.2793,0.2723
Frontal_Med_Orb_L,Insula_L,0.2792,0.2722
Frontal_Mid_L,Vermis_4_5,0.2791,0.2721
ParaHippocampal_R,Calcarine_L,0.2791,0.2721
Fusiform_R,Putamen_R,0.2787,0.2717
Frontal_Mid_L,Occipital_Sup_R,0.2787,0.2717
SupraMarginal_L,Pallidum_L,0.2785,0.2716
Supp_Motor_Area_L,Cerebelum_4_5_L,0.2784,0.2714
Supp_Motor_Area_L,ParaHippocampal_L,0.2783,0.2714
Rolandic_Oper_R,Parietal_Sup_R,0.2781,0.2711
Pallidum_R,Heschl_L,0.278,0.2711
Caudate_L,Temporal_Mid_L,0.2777,0.2708
Frontal_Sup_R,Fusiform_L,0.2777,0.2707
Caudate_R,Cerebelum_4_5_L,0.2777,0.2708
Occipital_Sup_R,SupraMarginal_L,0.2776,0.2707
ParaHippocampal_L,Occipital_Sup_L,0.2774,0.2705
Parietal_Inf_R,Cerebelum_4_5_L,0.2772,0.2703
Frontal_Sup_R,Heschl_L,0.2768,0.2699
Pallidum_R,Temporal_Sup_L,0.2767,0.2698
Precentral_R,Heschl_L,0.2767,0.2698
Cingulum_Ant_R,Thalamus_L,0.2765,0.2697
Supp_Motor_Area_R,Cerebelum_4_5_L,0.2765,0.2697
Precentral_R,Cerebelum_4_5_L,0.2762,0.2694
Cingulum_Post_R,Fusiform_L,0.276,0.2692
Occipital_Mid_L,Paracentral_Lobule_R,0.2759,0.2691
Lingual_L,Cerebelum_6_L,0.2757,0.2689
Cingulum_Ant_R,Temporal_Sup_R,0.2756,0.2689
ParaHippocampal_R,Thalamus_R,0.2756,0.2688
Frontal_Mid_L,Temporal_Sup_L,0.2755,0.2687
Frontal_Sup_L,ParaHippocampal_L,0.2754,0.2686
Fusiform_R,Thalamus_L,0.2753,0.2685
Temporal_Mid_R,Vermis_4_5,0.2752,0.2684
Parietal_Inf_R,Heschl_L,0.2751,0.2684
Frontal_Sup_Medial_R,Temporal_Mid_R,0.2751,0.2684
Caudate_R,Temporal_Mid_L,0.2751,0.2683
Putamen_L,Temporal_Mid_L,0.275,0.2683
Parietal_Sup_R,Heschl_R,0.2749,0.2682
Occipital_Sup_L,Cerebelum_4_5_R,0.2746,0.2679
SupraMarginal_R,Cerebelum_4_5_R,0.2745,0.2678
Thalamus_L,Cerebelum_4_5_R,0.2744,0.2677
Insula_L,Fusiform_L,0.2744,0.2677
Hippocampus_L,Vermis_3,0.2742,0.2675
Precentral_L,Cerebelum_4_5_L,0.2741,0.2674
Frontal_Inf_Oper_L,Frontal_Inf_Orb_R,0.274,0.2673
Fusiform_R,Putamen_L,0.2735,0.2668
Occipital_Sup_R,Heschl_R,0.2734,0.2668
Putamen_R,Temporal_Mid_L,0.2732,0.2666
Calcarine_L,Heschl_R,0.2727,0.2662
Calcarine_R,Temporal_Pole_Sup_L,0.2725,0.266
Frontal_Inf_Oper_R,Cerebelum_4_5_L,0.2723,0.2657
Angular_L,Heschl_R,0.2722,0.2657
Cuneus_R,Fusiform_R,0.2721,0.2656
Temporal_Mid_R,Temporal_Inf_R,0.272,0.2655
Precentral_L,Temporal_Mid_L,0.2716,0.2651
Frontal_Inf_Oper_L,Hippocampus_R,0.2716,0.2651
Fusiform_R,Heschl_L,0.2713,0.2648
Paracentral_Lobule_R,Temporal_Sup_L,0.2711,0.2647
Cuneus_R,Caudate_R,0.2711,0.2646
Cuneus_R,Fusiform_L,0.2709,0.2645
Frontal_Sup_Medial_R,Occipital_Mid_R,0.2708,0.2644
ParaHippocampal_R,Cuneus_R,0.2708,0.2644
Frontal_Mid_Orb_R,Insula_R,0.2708,0.2644
Hippocampus_R,Cerebelum_3_R,0.2705,0.2641
Occipital_Mid_L,Cerebelum_4_5_R,0.2703,0.2639
Occipital_Mid_L,Thalamus_L,0.2702,0.2639
Occipital_Sup_R,Caudate_L,0.2702,0.2638
Frontal_Mid_L,Temporal_Sup_R,0.2701,0.2637
Temporal_Pole_Sup_R,Cerebelum_4_5_R,0.2701,0.2637
Frontal_Sup_L,Heschl_L,0.2698,0.2634
Rolandic_Oper_L,Fusiform_L,0.2698,0.2634
Calcarine_R,Heschl_R,0.2697,0.2633
Frontal_Sup_Orb_L,Frontal_Inf_Orb_L,0.2697,0.2634
Frontal_Med_Orb_R,Putamen_R,0.2696,0.2632
Lingual_L,Cerebelum_3_R,0.2696,0.2632
Cingulum_Ant_R,Fusiform_L,0.2696,0.2633
Rolandic_Oper_R,Hippocampus_R,0.2695,0.2632
Frontal_Sup_Medial_L,Pallidum_L,0.2693,0.263
Frontal_Mid_Orb_L,Frontal_Inf_Orb_R,0.2688,0.2625
Fusiform_R,Angular_R,0.2683,0.262
Frontal_Sup_Medial_R,Vermis_3,0.2682,0.2619
Frontal_Mid_Orb_R,Frontal_Med_Orb_L,0.2682,0.262
Heschl_R,Cerebelum_4_5_R,0.2681,0.2619
Frontal_Sup_Orb_L,Rolandic_Oper_L,0.2677,0.2615
Rolandic_Oper_L,Vermis_3,0.2677,0.2615
Frontal_Inf_Oper_R,Frontal_Inf_Orb_L,0.2676,0.2614
Frontal_Mid_R,Heschl_R,0.2675,0.2613
Parietal_Sup_L,Heschl_R,0.2673,0.2611
Hippocampus_R,Occipital_Mid_L,0.267,0.2609
ParaHippocampal_R,SupraMarginal_R,0.267,0.2608
Frontal_Sup_R,Occipital_Mid_R,0.2666,0.2605
Fusiform_R,Temporal_Mid_R,0.2666,0.2604
ParaHippocampal_R,Temporal_Sup_R,0.2666,0.2605
Rolandic_Oper_L,Parietal_Sup_R,0.2663,0.2602
Pallidum_L,Cerebelum_4_5_R,0.2659,0.2598
Calcarine_R,Pallidum_L,0.2659,0.2598
Occipital_Mid_L,Fusiform_R,0.2658,0.2597
Thalamus_L,Cerebelum_3_L,0.2657,0.2597
ParaHippocampal_R,Occipital_Sup_L,0.2655,0.2595
Caudate_R,Heschl_R,0.2654,0.2593
Frontal_Inf_Orb_R,Pallidum_L,0.2651,0.259
Cerebelum_3_L,Vermis_1_2,0.2649,0.2588
Rolandic_Oper_R,Fusiform_L,0.2649,0.2589
Occipital_Sup_R,Temporal_Mid_L,0.2649,0.2589
Occipital_Mid_R,Temporal_Sup_R,0.2648,0.2588
ParaHippocampal_R,Temporal_Mid_R,0.2648,0.2588
Frontal_Sup_Orb_L,Pallidum_L,0.2648,0.2588
Temporal_Mid_L,Cerebelum_4_5_R,0.2645,0.2585
Frontal_Med_Orb_R,Temporal_Pole_Sup_L,0.2644,0.2584
Hippocampus_L,Fusiform_R,0.2644,0.2584
Rolandic_Oper_R,Parietal_Sup_L,0.2643,0.2583
Paracentral_Lobule_R,Heschl_R,0.264,0.258
Frontal_Sup_L,Heschl_R,0.2638,0.2578
Frontal_Sup_Orb_L,Rectus_L,0.2635,0.2576
Cingulum_Post_L,Vermis_3,0.2634,0.2575
Insula_R,Pallidum_R,0.2634,0.2575
Frontal_Mid_R,Lingual_R,0.2633,0.2574
Precentral_R,ParaHippocampal_L,0.2633,0.2573
Thalamus_R,Cerebelum_4_5_R,0.263,0.2571
ParaHippocampal_L,Paracentral_Lobule_L,0.263,0.2571
Precentral_R,Temporal_Mid_L,0.263,0.2571
Frontal_Sup_Orb_L,Rolandic_Oper_R,0.2628,0.2569
Frontal_Sup_Medial_L,Occipital_Mid_R,0.2627,0.2568
Rolandic_Oper_R,Hippocampus_L,0.2627,0.2568
Fusiform_R,Temporal_Mid_L,0.2626,0.2567
Frontal_Sup_Medial_R,Fusiform_L,0.2625,0.2566
Frontal_Sup_Medial_R,Heschl_R,0.2623,0.2564
Frontal_Mid_R,Temporal_Sup_L,0.2623,0.2565
Lingual_L,Parietal_Sup_R,0.2623,0.2564
ParaHippocampal_L,Heschl_L,0.2622,0.2564
ParaHippocampal_R,Angular_L,0.2619,0.2561
Cuneus_L,Vermis_3,0.2618,0.2559
Hippocampus_L,Occipital_Sup_R,0.2616,0.2558
Rolandic_Oper_R,Frontal_Med_Orb_L,0.2615,0.2557
Occipital_Sup_L,Fusiform_L,0.2612,0.2554
Temporal_Pole_Sup_L,Cerebelum_4_5_L,0.2611,0.2553
Frontal_Mid_Orb_R,Rectus_L,0.2611,0.2553
Angular_R,Cerebelum_4_5_R,0.261,0.2553
Frontal_Inf_Oper_R,Pallidum_L,0.2608,0.2551
Cerebelum_6_L,Vermis_6,0.2608,0.255
Frontal_Inf_Tri_L,Vermis_4_5,0.2607,0.255
Frontal_Inf_Tri_R,Hippocampus_R,0.2603,0.2545
Frontal_Inf_Tri_R,Lingual_L,0.2603,0.2545
Precentral_L,ParaHippocampal_L,0.26,0.2543
Putamen_L,Temporal_Pole_Sup_R,0.26,0.2543
Fusiform_L,Angular_L,0.2595,0.2539
Frontal_Mid_R,Vermis_4_5,0.2594,0.2537
Insula_R,Temporal_Mid_R,0.259,0.2534
Cuneus_R,Cerebelum_4_5_R,0.2588,0.2532
Frontal_Inf_Tri_L,Pallidum_L,0.2587,0.2531
Pallidum_L,Heschl_R,0.258,0.2524
Frontal_Mid_Orb_R,Frontal_Med_Orb_R,0.2577,0.2522
Cuneus_R,Heschl_L,0.2573,0.2517
Frontal_Sup_Medial_L,Fusiform_L,0.2572,0.2517
Insula_L,Temporal_Mid_R,0.2572,0.2517
Lingual_R,Temporal_Pole_Sup_R,0.257,0.2515
Frontal_Sup_L,Fusiform_L,0.257,0.2515
Hippocampus_L,Pallidum_R,0.2568,0.2513
Rolandic_Oper_R,Vermis_3,0.2568,0.2513
Frontal_Mid_R,Temporal_Mid_L,0.2565,0.251
Occipital_Mid_R,SupraMarginal_R,0.2565,0.251
Caudate_R,Cerebelum_4_5_R,0.2564,0.2509
Frontal_Mid_Orb_R,Rolandic_Oper_R,0.2564,0.2509
Fusiform_L,Cerebelum_6_L,0.2563,0.2508
Fusiform_R,Temporal_Inf_R,0.2563,0.2508
Occipital_Sup_R,Putamen_R,0.2561,0.2506
Fusiform_L,Putamen_R,0.256,0.2505
Occipital_Sup_R,Cerebelum_4_5_R,0.2559,0.2505
Cingulum_Post_L,Fusiform_L,0.2557,0.2503
Frontal_Inf_Orb_L,Lingual_R,0.2554,0.25
Frontal_Inf_Tri_L,Hippocampus_L,0.2553,0.2499
Caudate_L,Pallidum_R,0.2551,0.2497
Occipital_Sup_R,Temporal_Sup_L,0.2547,0.2493
Lingual_R,Parietal_Sup_R,0.2546,0.2492
Frontal_Sup_Medial_L,Vermis_3,0.2545,0.2491
Frontal_Mid_L,Temporal_Mid_L,0.2543,0.249
ParaHippocampal_L,Postcentral_R,0.2543,0.2489
Angular_R,Temporal_Mid_L,0.2542,0.2489
Temporal_Pole_Sup_R,Vermis_4_5,0.2542,0.2489
Parietal_Sup_L,Temporal_Mid_L,0.2541,0.2488
Parietal_Sup_L,Cerebelum_4_5_L,0.254,0.2487
Frontal_Sup_Orb_R,Insula_R,0.2539,0.2486
Caudate_R,Temporal_Pole_Sup_L,0.2539,0.2486
Rolandic_Oper_L,Pallidum_R,0.2536,0.2483
Frontal_Inf_Orb_L,Cingulum_Ant_L,0.2536,0.2483
Fusiform_L,Temporal_Pole_Sup_L,0.2534,0.2481
ParaHippocampal_L,Caudate_L,0.2534,0.2481
Precentral_L,Heschl_R,0.2531,0.2479
Postcentral_L,Temporal_Mid_R,0.2531,0.2478
Insula_R,Occipital_Mid_R,0.2531,0.2478
Parietal_Sup_R,Vermis_4_5,0.2529,0.2477
Heschl_L,Temporal_Pole_Sup_L,0.2529,0.2477
Frontal_Sup_Medial_R,Hippocampus_R,0.2526,0.2473
Cingulum_Ant_L,Heschl_R,0.2526,0.2473
SupraMarginal_R,Temporal_Mid_L,0.2525,0.2473
Putamen_R,Vermis_3,0.2525,0.2473
Occipital_Mid_L,Heschl_L,0.2525,0.2473
Frontal_Sup_Orb_R,Putamen_R,0.2523,0.2471
Cingulum_Ant_R,Fusiform_R,0.252,0.2468
Frontal_Inf_Orb_L,Cingulum_Ant_R,0.2519,0.2467
Cingulum_Ant_L,Heschl_L,0.2519,0.2467
Frontal_Inf_Oper_R,Temporal_Mid_L,0.2518,0.2466
Cingulum_Post_R,Cerebelum_4_5_R,0.2515,0.2463
Paracentral_Lobule_R,Temporal_Mid_L,0.2515,0.2463
ParaHippocampal_L,Occipital_Mid_L,0.2514,0.2463
Occipital_Sup_R,Fusiform_R,0.2513,0.2462
Hippocampus_R,Fusiform_L,0.251,0.2458
Frontal_Inf_Oper_R,Temporal_Mid_R,0.251,0.2459
Paracentral_Lobule_L,Cerebelum_4_5_L,0.2507,0.2455
Frontal_Mid_Orb_L,Rectus_L,0.2504,0.2453
Fusiform_L,Thalamus_L,0.2504,0.2453
Lingual_R,Heschl_R,0.2504,0.2453
Temporal_Sup_L,Vermis_3,0.25,0.2449
Pallidum_L,Temporal_Pole_Sup_L,0.2499,0.2448
Occipital_Mid_L,Heschl_R,0.2497,0.2446
Frontal_Inf_Tri_R,Heschl_R,0.2496,0.2445
Frontal_Inf_Tri_R,Vermis_4_5,0.2495,0.2444
Frontal_Inf_Oper_R,Hippocampus_L,0.2493,0.2442
Occipital_Sup_R,Caudate_R,0.2489,0.2439
Frontal_Med_Orb_R,Putamen_L,0.2487,0.2437
Olfactory_R,Rectus_R,0.2482,0.2432
Frontal_Mid_R,Cerebelum_4_5_L,0.2475,0.2425
ParaHippocampal_R,Cerebelum_3_L,0.2473,0.2424
Insula_L,Occipital_Mid_R,0.2473,0.2424
Frontal_Sup_L,Temporal_Mid_R,0.2472,0.2423
Fusiform_L,Putamen_L,0.2467,0.2418
Insula_R,Vermis_3,0.2466,0.2418
Frontal_Sup_R,Fusiform_R,0.2463,0.2414
ParaHippocampal_R,Fusiform_L,0.2462,0.2414
Supp_Motor_Area_R,Fusiform_L,0.246,0.2412
Frontal_Inf_Orb_R,Frontal_Sup_Medial_L,0.246,0.2411
Frontal_Mid_L,ParaHippocampal_L,0.246,0.2412
Temporal_Pole_Sup_L,Vermis_3,0.2459,0.241
Parietal_Sup_R,Putamen_L,0.2458,0.2409
Hippocampus_R,Pallidum_R,0.2457,0.2409
Postcentral_R,Temporal_Mid_R,0.2456,0.2407
Frontal_Mid_R,Hippocampus_R,0.2453,0.2405
Cingulum_Ant_R,Temporal_Pole_Sup_R,0.2453,0.2405
Rolandic_Oper_L,Temporal_Mid_R,0.2452,0.2404
Putamen_L,Pallidum_R,0.2451,0.2403
Temporal_Mid_L,Temporal_Inf_L,0.2451,0.2403
Frontal_Inf_Orb_R,Vermis_4_5,0.245,0.2402
Rolandic_Oper_R,Rectus_L,0.2447,0.2399
Frontal_Inf_Tri_L,Temporal_Mid_L,0.2446,0.2398
ParaHippocampal_L,SupraMarginal_R,0.2446,0.2399
Fusiform_R,Thalamus_R,0.2445,0.2398
Frontal_Inf_Orb_L,Calcarine_R,0.2445,0.2397
Rolandic_Oper_R,Olfactory_L,0.2443,0.2396
Frontal_Mid_L,Hippocampus_R,0.2442,0.2395
Precentral_L,Heschl_L,0.2441,0.2393
Frontal_Mid_L,Cerebelum_4_5_L,0.244,0.2393
Cingulum_Ant_L,Hippocampus_R,0.244,0.2393
Frontal_Sup_R,Pallidum_L,0.2438,0.2391
Frontal_Med_Orb_L,Putamen_R,0.2437,0.239
Caudate_R,Vermis_3,0.2435,0.2388
Occipital_Sup_L,Heschl_L,0.2432,0.2385
Insula_R,Fusiform_L,0.2431,0.2384
ParaHippocampal_R,Temporal_Sup_L,0.243,0.2383
Calcarine_L,Heschl_L,0.2429,0.2383
Frontal_Sup_Orb_L,Temporal_Pole_Sup_L,0.2427,0.238
Frontal_Mid_L,Heschl_L,0.2425,0.2378
Cingulum_Post_R,Temporal_Mid_R,0.2424,0.2378
Cingulum_Mid_R,Fusiform_L,0.2423,0.2377
Olfactory_L,Rectus_L,0.2423,0.2377
Cingulum_Post_R,Pallidum_L,0.2418,0.2372
Frontal_Sup_Orb_L,Cingulum_Ant_R,0.2418,0.2372
ParaHippocampal_R,Precuneus_R,0.2416,0.237
Precuneus_R,Temporal_Mid_R,0.2414,0.2368
ParaHippocampal_R,Precuneus_L,0.2413,0.2367
Occipital_Mid_R,Postcentral_R,0.2413,0.2367
Frontal_Inf_Tri_R,Hippocampus_L,0.2412,0.2367
Temporal_Pole_Sup_L,Cerebelum_4_5_R,0.2411,0.2366
Calcarine_L,Pallidum_L,0.2411,0.2365
Fusiform_L,Cerebelum_3_R,0.241,0.2364
Frontal_Inf_Oper_R,Heschl_R,0.2409,0.2363
ParaHippocampal_L,Putamen_R,0.2406,0.2361
Angular_R,Heschl_L,0.2401,0.2356
Frontal_Med_Orb_R,Caudate_R,0.24,0.2355
Cingulum_Ant_L,Fusiform_L,0.2397,0.2352
ParaHippocampal_L,Parietal_Inf_R,0.2395,0.235
Frontal_Mid_R,Heschl_L,0.2394,0.2349
Precentral_R,Frontal_Inf_Orb_R,0.2393,0.2349
Frontal_Med_Orb_L,Putamen_L,0.2392,0.2347
Occipital_Sup_R,Thalamus_R,0.2392,0.2347
Frontal_Inf_Orb_L,Caudate_R,0.2391,0.2346
Frontal_Inf_Orb_R,Temporal_Sup_L,0.239,0.2346
Frontal_Sup_Medial_L,Hippocampus_L,0.2389,0.2345
Cingulum_Ant_R,Temporal_Mid_L,0.2388,0.2344
Frontal_Sup_R,Vermis_3,0.2385,0.2341
Frontal_Inf_Tri_R,Pallidum_L,0.2384,0.234
Occipital_Sup_R,Thalamus_L,0.2383,0.2339
Supp_Motor_Area_L,Fusiform_L,0.2383,0.2339
Paracentral_Lobule_R,Cerebelum_4_5_L,0.238,0.2336
Heschl_R,Temporal_Mid_L,0.238,0.2336
Parietal_Sup_R,Heschl_L,0.2378,0.2334
Occipital_Mid_L,Thalamus_R,0.2378,0.2335
Fusiform_L,Thalamus_R,0.2378,0.2335
Precuneus_L,Temporal_Mid_R,0.2377,0.2334
Calcarine_R,Cerebelum_3_L,0.2377,0.2334
ParaHippocampal_L,Paracentral_Lobule_R,0.237,0.2326
Frontal_Inf_Orb_R,Postcentral_R,0.237,0.2327
Fusiform_L,Temporal_Sup_R,0.2369,0.2326
Cingulum_Post_R,ParaHippocampal_R,0.2368,0.2325
Rolandic_Oper_L,ParaHippocampal_L,0.2367,0.2324
Angular_R,Vermis_3,0.2364,0.2321
Frontal_Mid_R,ParaHippocampal_L,0.2362,0.2319
Putamen_L,Temporal_Mid_R,0.2359,0.2316
Parietal_Sup_R,Putamen_R,0.2359,0.2317
Cuneus_L,Cerebelum_3_L,0.2357,0.2314
Frontal_Mid_L,Heschl_R,0.2357,0.2314
Frontal_Inf_Orb_R,SupraMarginal_R,0.2356,0.2313
Cingulum_Mid_R,Temporal_Mid_R,0.2355,0.2312
Frontal_Sup_Orb_L,Frontal_Inf_Orb_R,0.2354,0.2312
Lingual_L,Temporal_Pole_Sup_R,0.2348,0.2306
Rolandic_Oper_L,Occipital_Mid_R,0.2347,0.2304
Frontal_Inf_Tri_L,Cerebelum_4_5_L,0.2346,0.2304
ParaHippocampal_L,Parietal_Sup_R,0.2344,0.2302
Cingulum_Ant_L,Temporal_Mid_R,0.2338,0.2296
Cingulum_Ant_R,Cerebelum_4_5_R,0.2335,0.2294
Fusiform_R,Heschl_R,0.2332,0.2291
Occipital_Sup_R,Fusiform_L,0.233,0.2289
Pallidum_L,Temporal_Sup_R,0.2327,0.2286
Precuneus_R,Vermis_3,0.2327,0.2286
Calcarine_R,Cerebelum_3_R,0.2326,0.2285
Cingulum_Post_R,Fusiform_R,0.2318,0.2278
Frontal_Sup_Medial_R,Temporal_Pole_Sup_L,0.2317,0.2276
Rolandic_Oper_L,Temporal_Pole_Sup_R,0.2315,0.2274
Frontal_Sup_Medial_R,Frontal_Med_Orb_R,0.2313,0.2273
Frontal_Sup_Orb_L,Temporal_Sup_L,0.2312,0.2271
Parietal_Inf_R,Temporal_Mid_R,0.2311,0.2271
ParaHippocampal_L,Angular_R,0.2307,0.2267
Fusiform_L,Temporal_Inf_L,0.2307,0.2267
Frontal_Inf_Orb_R,Caudate_L,0.2305,0.2265
Frontal_Inf_Oper_R,Temporal_Pole_Sup_L,0.2305,0.2265
Cingulum_Ant_R,Parietal_Sup_R,0.2305,0.2265
Insula_L,Pallidum_R,0.2304,0.2264
Occipital_Mid_L,Pallidum_L,0.2303,0.2263
SupraMarginal_L,Cerebelum_4_5_R,0.2302,0.2262
Frontal_Inf_Oper_R,Occipital_Mid_R,0.2301,0.2261
Parietal_Sup_R,Temporal_Sup_L,0.23,0.226
Cingulum_Ant_L,Temporal_Mid_L,0.2299,0.2259
Temporal_Pole_Sup_L,Temporal_Mid_L,0.2298,0.2258
ParaHippocampal_R,SupraMarginal_L,0.2298,0.2259
Cerebelum_4_5_L,Cerebelum_6_L,0.2297,0.2257
Occipital_Mid_L,Cerebelum_3_L,0.2297,0.2258
Frontal_Inf_Tri_R,Temporal_Sup_L,0.2296,0.2257
Cingulum_Mid_L,Fusiform_L,0.2293,0.2254
Precuneus_R,Cerebelum_4_5_R,0.2292,0.2253
Pallidum_L,Temporal_Mid_L,0.229,0.2251
Pallidum_L,Temporal_Pole_Sup_R,0.2288,0.2249
Fusiform_R,Temporal_Pole_Sup_L,0.2288,0.2249
Frontal_Inf_Oper_L,Temporal_Sup_R,0.2286,0.2247
ParaHippocampal_R,Parietal_Inf_R,0.2286,0.2247
Supp_Motor_Area_R,Vermis_3,0.2285,0.2246
Frontal_Sup_R,Cerebelum_4_5_R,0.2285,0.2246
Fusiform_R,Angular_L,0.2283,0.2244
Frontal_Sup_Orb_R,Rolandic_Oper_R,0.2283,0.2244
Cingulum_Post_R,Cerebelum_3_L,0.2279,0.224
Fusiform_L,SupraMarginal_L,0.2278,0.2239
Calcarine_L,Cerebelum_3_L,0.2278,0.224
Cuneus_L,Heschl_L,0.2277,0.2238
Supp_Motor_Area_R,Pallidum_R,0.2273,0.2234
Frontal_Inf_Orb_L,Lingual_L,0.2272,0.2234
Frontal_Inf_Tri_R,Cerebelum_4_5_L,0.2271,0.2233
Cingulum_Ant_L,Occipital_Mid_R,0.227,0.2232
Occipital_Mid_R,Precuneus_R,0.227,0.2232
Fusiform_R,Temporal_Pole_Sup_R,0.2269,0.2231
Frontal_Sup_Medial_L,Heschl_R,0.2269,0.2231
Cerebelum_4_5_R,Cerebelum_6_R,0.2269,0.2231
Fusiform_L,Precuneus_R,0.2267,0.2229
Frontal_Med_Orb_R,Pallidum_L,0.2264,0.2226
Frontal_Sup_Orb_R,Cingulum_Ant_L,0.226,0.2222
Frontal_Sup_Orb_L,Caudate_R,0.2259,0.2221
Fusiform_R,SupraMarginal_L,0.2257,0.2219
Lingual_L,Occipital_Mid_R,0.2256,0.2218
Frontal_Med_Orb_R,Temporal_Sup_L,0.2256,0.2219
Calcarine_L,Temporal_Pole_Sup_L,0.2254,0.2217
Angular_L,Cerebelum_4_5_R,0.2254,0.2217
Supp_Motor_Area_L,Pallidum_R,0.2251,0.2214
Cingulum_Ant_R,Hippocampus_R,0.2251,0.2214
Frontal_Inf_Tri_L,Occipital_Sup_R,0.225,0.2212
Parietal_Inf_R,Temporal_Mid_L,0.225,0.2213
Frontal_Mid_Orb_R,Insula_L,0.2245,0.2208
Rolandic_Oper_L,Frontal_Med_Orb_R,0.2243,0.2206
Occipital_Sup_R,Vermis_3,0.2243,0.2206
Pallidum_R,Temporal_Sup_R,0.2243,0.2206
ParaHippocampal_R,Occipital_Sup_R,0.2243,0.2206
Cingulum_Mid_L,Vermis_3,0.224,0.2203
ParaHippocampal_R,Occipital_Mid_L,0.224,0.2203
Rolandic_Oper_L,ParaHippocampal_R,0.2239,0.2202
Frontal_Inf_Orb_L,Caudate_L,0.2239,0.2202
Cingulum_Ant_L,Cerebelum_4_5_R,0.2238,0.2201
Frontal_Inf_Tri_R,Temporal_Mid_R,0.2238,0.2201
ParaHippocampal_R,Temporal_Mid_L,0.2236,0.2199
Frontal_Inf_Orb_L,Postcentral_L,0.2235,0.2198
Cerebelum_6_R,Vermis_6,0.2235,0.2198
SupraMarginal_R,Pallidum_L,0.2234,0.2197
ParaHippocampal_R,Parietal_Sup_L,0.2233,0.2196
Temporal_Mid_R,Cerebelum_4_5_L,0.2233,0.2197
Occipital_Mid_L,Occipital_Inf_L,0.223,0.2193
Supp_Motor_Area_L,Pallidum_L,0.223,0.2193
Fusiform_L,Heschl_L,0.2226,0.219
Frontal_Sup_Medial_R,Fusiform_R,0.2218,0.2182
Frontal_Inf_Orb_L,Heschl_L,0.2216,0.218
Calcarine_L,Cerebelum_3_R,0.2216,0.218
Cingulum_Ant_R,Heschl_R,0.2215,0.218
ParaHippocampal_L,Heschl_R,0.2214,0.2178
Cuneus_L,Pallidum_L,0.2213,0.2178
Frontal_Inf_Orb_L,Frontal_Sup_Medial_R,0.221,0.2174
Rolandic_Oper_L,Cerebelum_3_L,0.221,0.2175
Postcentral_L,Pallidum_L,0.2206,0.2171
Frontal_Inf_Orb_L,Cuneus_L,0.2202,0.2167
Frontal_Inf_Oper_L,Temporal_Pole_Sup_L,0.2199,0.2164
Cingulum_Mid_R,Vermis_3,0.2199,0.2165
Cuneus_R,Vermis_3,0.2196,0.2161
Frontal_Sup_Medial_R,Cerebelum_4_5_R,0.2195,0.2161
Frontal_Med_Orb_L,Cingulum_Ant_R,0.2192,0.2157
Frontal_Inf_Oper_L,Vermis_3,0.2191,0.2157
Rectus_L,Insula_R,0.219,0.2155
Frontal_Sup_Orb_L,Calcarine_R,0.219,0.2156
Calcarine_R,Temporal_Pole_Sup_R,0.219,0.2156
Hippocampus_R,Cerebelum_3_L,0.2189,0.2155
Frontal_Inf_Orb_L,Vermis_4_5,0.2187,0.2153
Frontal_Mid_Orb_L,Insula_L,0.2187,0.2153
Cingulum_Post_L,ParaHippocampal_R,0.2185,0.2151
Thalamus_R,Cerebelum_3_L,0.2185,0.2151
Frontal_Inf_Tri_R,Temporal_Mid_L,0.2184,0.215
ParaHippocampal_L,Cerebelum_3_R,0.218,0.2146
Frontal_Mid_Orb_L,Pallidum_L,0.218,0.2146
Frontal_Sup_Medial_L,ParaHippocampal_L,0.2179,0.2146
Frontal_Sup_R,Cerebelum_3_L,0.2176,0.2142
Frontal_Sup_Medial_L,Heschl_L,0.2171,0.2138
Putamen_R,Temporal_Pole_Sup_R,0.2171,0.2138
Supp_Motor_Area_L,Vermis_3,0.2171,0.2137
Frontal_Sup_Medial_L,Temporal_Pole_Sup_L,0.217,0.2136
Frontal_Inf_Orb_R,Calcarine_R,0.217,0.2137
Fusiform_R,Postcentral_R,0.2166,0.2133
Frontal_Med_Orb_R,Rectus_L,0.2165,0.2131
Frontal_Inf_Orb_R,Postcentral_L,0.2164,0.2131
Supp_Motor_Area_R,Temporal_Mid_R,0.2162,0.2129
Frontal_Mid_Orb_R,Putamen_R,0.2162,0.2129
Lingual_R,Occipital_Mid_R,0.2161,0.2128
Frontal_Med_Orb_L,Pallidum_L,0.2161,0.2128
Angular_L,Vermis_3,0.2158,0.2125
Fusiform_L,Precuneus_L,0.2158,0.2125
ParaHippocampal_R,Parietal_Inf_L,0.2154,0.2122
Paracentral_Lobule_L,Temporal_Mid_R,0.2152,0.2119
Insula_L,ParaHippocampal_L,0.215,0.2117
Frontal_Inf_Oper_R,Vermis_3,0.215,0.2118
Frontal_Inf_Orb_R,Lingual_R,0.215,0.2117
Frontal_Mid_Orb_L,Insula_R,0.2149,0.2117
Fusiform_L,Caudate_R,0.2146,0.2114
Olfactory_L,Insula_R,0.2145,0.2113
Angular_L,Pallidum_L,0.2144,0.2112
Pallidum_L,Vermis_3,0.2144,0.2112
Frontal_Sup_Orb_L,Frontal_Inf_Tri_L,0.2143,0.2111
Fusiform_R,Postcentral_L,0.2142,0.211
Frontal_Sup_Orb_L,Calcarine_L,0.2141,0.2109
ParaHippocampal_R,Heschl_R,0.2141,0.2109
Fusiform_L,Postcentral_R,0.2141,0.2109
Temporal_Pole_Sup_R,Cerebelum_4_5_L,0.2138,0.2106
Supp_Motor_Area_L,Cerebelum_4_5_R,0.2135,0.2103
Paracentral_Lobule_R,Temporal_Mid_R,0.2134,0.2102
Frontal_Sup_Orb_L,Frontal_Sup_Medial_R,0.2133,0.2102
Frontal_Mid_Orb_L,Putamen_L,0.2132,0.21
Cingulum_Ant_R,Temporal_Mid_R,0.2132,0.21
Precuneus_L,Vermis_3,0.2132,0.21
Rectus_L,Rectus_R,0.2129,0.2098
Frontal_Sup_Medial_L,Fusiform_R,0.2128,0.2097
SupraMarginal_R,Pallidum_R,0.2126,0.2094
ParaHippocampal_L,Caudate_R,0.2126,0.2094
Olfactory_L,Insula_L,0.2125,0.2093
Hippocampus_L,Pallidum_L,0.2125,0.2094
Frontal_Inf_Orb_L,Cerebelum_4_5_R,0.2124,0.2093
Occipital_Mid_R,Parietal_Inf_R,0.2124,0.2092
Cingulum_Mid_R,Pallidum_L,0.2123,0.2092
Frontal_Inf_Orb_L,Frontal_Sup_Medial_L,0.2123,0.2092
Hippocampus_L,Temporal_Inf_L,0.2123,0.2092
Rolandic_Oper_R,Pallidum_R,0.2121,0.2089
Frontal_Sup_Medial_R,Hippocampus_L,0.2119,0.2087
Fusiform_L,Paracentral_Lobule_L,0.2118,0.2087
Frontal_Inf_Orb_L,Thalamus_L,0.2118,0.2087
Temporal_Sup_R,Temporal_Pole_Sup_R,0.2117,0.2086
Rolandic_Oper_L,Frontal_Med_Orb_L,0.2116,0.2085
ParaHippocampal_L,Pallidum_R,0.2116,0.2085
Frontal_Inf_Oper_L,ParaHippocampal_L,0.2116,0.2085
ParaHippocampal_L,Putamen_L,0.2112,0.2081
Frontal_Sup_Orb_L,Frontal_Inf_Tri_R,0.2111,0.208
ParaHippocampal_L,Occipital_Sup_R,0.211,0.2079
Frontal_Sup_Orb_L,Temporal_Pole_Sup_R,0.211,0.2079
Occipital_Mid_L,Vermis_3,0.211,0.208
ParaHippocampal_R,Postcentral_R,0.2108,0.2077
Postcentral_L,Pallidum_R,0.2107,0.2076
Precuneus_R,Pallidum_R,0.2105,0.2075
Frontal_Inf_Tri_L,Hippocampus_R,0.2105,0.2074
Cuneus_R,Cerebelum_3_L,0.2104,0.2074
Occipital_Mid_R,Postcentral_L,0.2104,0.2073
Cingulum_Mid_R,Pallidum_R,0.2103,0.2073
Cingulum_Post_L,Cerebelum_4_5_R,0.2103,0.2072
Cingulum_Post_L,Temporal_Mid_R,0.2101,0.2071
Frontal_Sup_Orb_R,Insula_L,0.21,0.2069
Hippocampus_R,Pallidum_L,0.21,0.207
Frontal_Mid_Orb_R,Temporal_Pole_Sup_R,0.21,0.2069
SupraMarginal_R,Vermis_3,0.2099,0.2069
Fusiform_L,Paracentral_Lobule_R,0.2097,0.2067
Occipital_Mid_R,Angular_L,0.2097,0.2066
Supp_Motor_Area_R,Cerebelum_4_5_R,0.2093,0.2063
Fusiform_L,Postcentral_L,0.2091,0.2061
Cerebelum_4_5_R,Vermis_1_2,0.2091,0.2061
Occipital_Sup_L,Vermis_3,0.2091,0.2061
Frontal_Mid_R,Fusiform_L,0.2088,0.2058
Parietal_Sup_R,Cerebelum_4_5_L,0.2088,0.2058
Frontal_Sup_L,Pallidum_R,0.2087,0.2058
Frontal_Sup_L,Fusiform_R,0.2084,0.2054
Olfactory_L,Temporal_Sup_L,0.2084,0.2054
Frontal_Sup_R,Frontal_Sup_Orb_L,0.2084,0.2055
Frontal_Inf_Oper_L,Heschl_L,0.208,0.205
Cuneus_R,Pallidum_L,0.208,0.2051
Precuneus_L,Cerebelum_4_5_R,0.2077,0.2047
Cingulum_Mid_R,ParaHippocampal_R,0.2075,0.2046
Precentral_R,Temporal_Mid_R,0.2072,0.2043
Temporal_Pole_Sup_R,Vermis_3,0.2071,0.2042
Caudate_L,Temporal_Mid_R,0.2069,0.204
Frontal_Med_Orb_L,Caudate_L,0.2066,0.2037
Insula_L,Cerebelum_3_L,0.2066,0.2038
Cerebelum_4_5_L,Vermis_1_2,0.2066,0.2037
Frontal_Inf_Oper_R,Fusiform_R,0.2065,0.2036
Cingulum_Ant_L,Hippocampus_L,0.2064,0.2035
Occipital_Mid_R,Precuneus_L,0.2064,0.2036
Supp_Motor_Area_L,Temporal_Mid_R,0.2063,0.2034
Frontal_Sup_R,Frontal_Med_Orb_R,0.2063,0.2034
Fusiform_R,Pallidum_L,0.2062,0.2033
Frontal_Med_Orb_L,Caudate_R,0.2061,0.2032
Frontal_Sup_Orb_L,Vermis_4_5,0.206,0.2032
Fusiform_L,Caudate_L,0.206,0.2032
Caudate_L,Vermis_3,0.206,0.2032
Cingulum_Ant_R,Occipital_Mid_R,0.2058,0.2029
Cingulum_Post_L,Cerebelum_3_L,0.2057,0.2029
Cingulum_Ant_L,Temporal_Pole_Sup_R,0.2056,0.2027
Frontal_Sup_L,Vermis_3,0.2056,0.2028
SupraMarginal_L,Pallidum_R,0.2053,0.2024
Cingulum_Post_L,Pallidum_L,0.2052,0.2024
ParaHippocampal_R,Postcentral_L,0.2052,0.2023
Insula_L,Cerebelum_3_R,0.205,0.2022
ParaHippocampal_R,Putamen_L,0.2049,0.2021
Rolandic_Oper_R,Cerebelum_3_L,0.2048,0.2019
Fusiform_R,Precuneus_R,0.2046,0.2018
Frontal_Inf_Orb_R,Supp_Motor_Area_L,0.2046,0.2018
Frontal_Med_Orb_R,Vermis_4_5,0.2046,0.2018
Temporal_Sup_L,Cerebelum_3_L,0.2045,0.2017
Olfactory_L,Temporal_Pole_Sup_R,0.2045,0.2017
Frontal_Inf_Orb_L,Calcarine_L,0.2045,0.2017
Insula_L,ParaHippocampal_R,0.2044,0.2016
Fusiform_R,Precuneus_L,0.2038,0.201
Temporal_Mid_L,Vermis_3,0.2037,0.201
Angular_L,Cerebelum_3_L,0.2036,0.2008
Fusiform_L,Parietal_Inf_L,0.2034,0.2006
Frontal_Sup_Medial_R,Temporal_Pole_Sup_R,0.2033,0.2005
Frontal_Sup_Medial_L,Cerebelum_4_5_R,0.2033,0.2005
Cingulum_Mid_L,Temporal_Mid_R,0.2032,0.2005
Frontal_Inf_Orb_R,Lingual_L,0.2029,0.2002
Temporal_Mid_R,Cerebelum_4_5_R,0.2029,0.2002
Frontal_Inf_Orb_L,SupraMarginal_L,0.2027,0.2
Frontal_Inf_Tri_L,Temporal_Pole_Sup_L,0.2026,0.1999
Frontal_Sup_L,Pallidum_L,0.2026,0.1999
Frontal_Inf_Orb_R,Cingulum_Mid_L,0.2025,0.1998
Paracentral_Lobule_L,Vermis_3,0.2021,0.1994
Frontal_Mid_L,Fusiform_L,0.202,0.1993
Frontal_Inf_Orb_L,Temporal_Mid_L,0.202,0.1993
Frontal_Sup_R,ParaHippocampal_R,0.202,0.1993
Frontal_Inf_Orb_R,Cingulum_Mid_R,0.2019,0.1992
Insula_R,ParaHippocampal_R,0.2019,0.1992
Fusiform_R,Caudate_R,0.2018,0.1991
Lingual_R,Cerebelum_6_L,0.2016,0.1989
Frontal_Inf_Orb_R,Heschl_R,0.2016,0.1989
Frontal_Sup_R,Frontal_Inf_Orb_R,0.2014,0.1988
Cerebelum_6_L,Vermis_4_5,0.2011,0.1984
SupraMarginal_L,Temporal_Pole_Sup_L,0.2011,0.1985
Frontal_Sup_Medial_R,Heschl_L,0.2008,0.1981
Postcentral_R,Cerebelum_4_5_R,0.2007,0.1981
Temporal_Sup_L,Temporal_Pole_Sup_R,0.2005,0.1978
Frontal_Med_Orb_L,Temporal_Pole_Sup_L,0.2005,0.1978
Cingulum_Mid_L,ParaHippocampal_R,0.2001,0.1974
Frontal_Inf_Orb_L,Cerebelum_4_5_L,0.2001,0.1974
Frontal_Med_Orb_L,Temporal_Sup_L,0.2001,0.1975
Rectus_L,Temporal_Pole_Sup_R,0.2001,0.1975
Temporal_Mid_R,Cerebelum_3_R,0.2,0.1974
Cingulum_Ant_L,Cerebelum_3_L,0.2,0.1974
ParaHippocampal_R,Paracentral_Lobule_L,0.2,0.1974
Parietal_Sup_R,Temporal_Mid_R,0.1999,0.1973
Vermis_1_2,Vermis_4_5,0.1999,0.1973
Cingulum_Mid_L,Cerebelum_4_5_R,0.1997,0.1971
Paracentral_Lobule_L,Cerebelum_4_5_R,0.1996,0.197
Olfactory_L,Cingulum_Ant_R,0.1995,0.1969
Frontal_Sup_Orb_R,Caudate_R,0.1994,0.1968
Frontal_Inf_Orb_R,Cuneus_L,0.199,0.1965
Caudate_L,Temporal_Pole_Sup_L,0.199,0.1964
Frontal_Inf_Oper_L,Fusiform_L,0.199,0.1964
Frontal_Sup_L,Cerebelum_3_L,0.199,0.1964
Pallidum_R,Heschl_R,0.1988,0.1962
Pallidum_R,Temporal_Mid_L,0.1987,0.1961
Cingulum_Post_L,Fusiform_R,0.1987,0.1961
Frontal_Inf_Orb_L,Frontal_Med_Orb_R,0.1986,0.196
Cingulum_Ant_L,Fusiform_R,0.1986,0.196
Cuneus_L,Temporal_Pole_Sup_L,0.1984,0.1959
Calcarine_L,Temporal_Pole_Sup_R,0.1981,0.1955
Frontal_Sup_Orb_L,Caudate_L,0.1981,0.1955
Precentral_R,Fusiform_L,0.198,0.1954
Supp_Motor_Area_R,Cerebelum_3_L,0.198,0.1955
Frontal_Sup_Orb_R,Frontal_Inf_Orb_L,0.198,0.1955
Occipital_Mid_R,Putamen_L,0.1977,0.1952
Postcentral_L,Vermis_3,0.1976,0.1951
Frontal_Mid_R,Pallidum_L,0.1975,0.1949
Parietal_Inf_L,Pallidum_L,0.1973,0.1948
Cingulum_Mid_R,Cerebelum_4_5_R,0.1972,0.1947
Postcentral_L,Temporal_Pole_Sup_L,0.1969,0.1944
ParaHippocampal_L,Temporal_Inf_L,0.1969,0.1944
Occipital_Mid_R,Parietal_Sup_R,0.1968,0.1943
Cuneus_L,Cerebelum_3_R,0.1968,0.1943
Frontal_Med_Orb_R,Temporal_Pole_Sup_R,0.1967,0.1942
Postcentral_L,Cerebelum_4_5_R,0.1967,0.1942
Frontal_Inf_Tri_R,Occipital_Mid_R,0.1966,0.1941
Cingulum_Mid_L,Fusiform_R,0.1966,0.1942
Lingual_L,Pallidum_R,0.1963,0.1938
Frontal_Med_Orb_L,Rectus_L,0.1962,0.1937
Frontal_Sup_Medial_L,Pallidum_R,0.1957,0.1933
Frontal_Med_Orb_R,Lingual_L,0.1956,0.1932
Cuneus_L,Pallidum_R,0.1955,0.193
Frontal_Inf_Tri_L,Heschl_L,0.1954,0.1929
Occipital_Mid_L,Temporal_Pole_Sup_L,0.1949,0.1925
Cingulum_Post_R,Occipital_Mid_R,0.1944,0.192
Caudate_L,Cerebelum_4_5_R,0.1942,0.1918
Occipital_Mid_R,Fusiform_L,0.1942,0.1917
Frontal_Sup_Medial_R,Cerebelum_3_L,0.1942,0.1918
Frontal_Inf_Orb_R,Supp_Motor_Area_R,0.1942,0.1918
Frontal_Med_Orb_R,Heschl_R,0.1941,0.1917
Supp_Motor_Area_R,Pallidum_L,0.1941,0.1917
Supp_Motor_Area_L,Fusiform_R,0.1941,0.1917
Parietal_Inf_R,Cerebelum_4_5_R,0.194,0.1916
Frontal_Sup_L,Cerebelum_4_5_R,0.1938,0.1914
Fusiform_L,Heschl_R,0.1934,0.191
Cerebelum_4_5_R,Cerebelum_6_L,0.1934,0.191
Frontal_Mid_Orb_R,Putamen_L,0.1932,0.1909
Pallidum_R,Vermis_4_5,0.1931,0.1907
Fusiform_R,Parietal_Inf_R,0.1931,0.1907
Rolandic_Oper_L,Cerebelum_3_R,0.193,0.1906
Frontal_Sup_Orb_L,Frontal_Inf_Oper_R,0.193,0.1906
Pallidum_R,Cerebelum_4_5_R,0.1929,0.1906
Frontal_Sup_Medial_R,ParaHippocampal_L,0.1927,0.1903
Precuneus_R,Cerebelum_3_L,0.1927,0.1904
Frontal_Inf_Oper_L,Occipital_Mid_R,0.1926,0.1902
Frontal_Sup_Orb_L,Lingual_R,0.1925,0.1901
Frontal_Inf_Oper_L,Temporal_Mid_R,0.1925,0.1901
Frontal_Sup_Orb_L,Frontal_Sup_Medial_L,0.1924,0.1901
SupraMarginal_L,Cerebelum_3_L,0.1923,0.19
Frontal_Inf_Oper_R,Heschl_L,0.1923,0.19
Occipital_Sup_L,Pallidum_L,0.1923,0.1899
Cingulum_Mid_L,Pallidum_L,0.1923,0.1899
Frontal_Inf_Orb_L,Fusiform_R,0.1922,0.1899
Parietal_Sup_R,Temporal_Mid_L,0.1921,0.1898
Occipital_Mid_R,Vermis_4_5,0.1921,0.1898
Cingulum_Ant_R,Heschl_L,0.1921,0.1897
Frontal_Inf_Orb_L,Supp_Motor_Area_L,0.1911,0.1889
Putamen_R,Cerebelum_3_L,0.1911,0.1888
Postcentral_R,Vermis_3,0.191,0.1887
Cingulum_Mid_R,Occipital_Mid_R,0.191,0.1887
Temporal_Mid_L,Temporal_Mid_R,0.1909,0.1887
Fusiform_L,SupraMarginal_R,0.1908,0.1886
Olfactory_L,Cingulum_Ant_L,0.1908,0.1885
Frontal_Mid_Orb_L,Rolandic_Oper_R,0.1907,0.1885
Cingulum_Ant_L,Pallidum_R,0.1907,0.1885
Frontal_Sup_Orb_R,Putamen_L,0.1906,0.1883
Frontal_Inf_Tri_L,Pallidum_R,0.1905,0.1882
ParaHippocampal_R,Heschl_L,0.1905,0.1882
Frontal_Mid_R,Frontal_Inf_Orb_R,0.1903,0.188
Frontal_Sup_Orb_L,Frontal_Inf_Oper_L,0.1899,0.1877
Cingulum_Mid_L,Occipital_Mid_R,0.1899,0.1876
Insula_R,ParaHippocampal_L,0.1898,0.1875
Frontal_Med_Orb_R,Calcarine_L,0.1895,0.1872
Postcentral_R,Pallidum_L,0.1895,0.1873
SupraMarginal_L,Vermis_3,0.1892,0.187
Frontal_Sup_Orb_R,Temporal_Sup_L,0.1892,0.187
Fusiform_R,Parietal_Inf_L,0.1889,0.1866
Precentral_L,Fusiform_L,0.1888,0.1866
ParaHippocampal_R,Parietal_Sup_R,0.1886,0.1864
Rolandic_Oper_R,Cerebelum_3_R,0.1884,0.1862
Frontal_Inf_Orb_R,Calcarine_L,0.1884,0.1862
Olfactory_L,Frontal_Med_Orb_R,0.1883,0.1861
Frontal_Inf_Tri_L,Temporal_Sup_R,0.1883,0.1861
Thalamus_L,Temporal_Pole_Sup_L,0.1882,0.186
Occipital_Mid_R,Fusiform_R,0.1882,0.186
Lingual_L,Occipital_Inf_L,0.1882,0.186
Frontal_Inf_Tri_R,Pallidum_R,0.1879,0.1857
Precentral_R,Occipital_Mid_R,0.1877,0.1855
Rolandic_Oper_L,Olfactory_L,0.1875,0.1853
Frontal_Sup_Orb_L,Frontal_Mid_R,0.1875,0.1854
Cuneus_R,Pallidum_R,0.1875,0.1853
Parietal_Inf_L,Vermis_3,0.1875,0.1853
Cerebelum_6_L,Vermis_3,0.1874,0.1852
Fusiform_L,Pallidum_L,0.1872,0.1851
Frontal_Inf_Orb_L,Frontal_Med_Orb_L,0.1871,0.1849
Pallidum_L,Cerebelum_3_L,0.1871,0.185
Frontal_Sup_Orb_R,Cingulum_Ant_R,0.187,0.1849
Rolandic_Oper_R,ParaHippocampal_R,0.1869,0.1847
Frontal_Inf_Orb_R,Cingulum_Post_R,0.1867,0.1845
Cingulum_Mid_L,Pallidum_R,0.1867,0.1846
Occipital_Sup_R,Cerebelum_3_L,0.1865,0.1843
Temporal_Mid_R,Vermis_3,0.1864,0.1843
Frontal_Med_Orb_R,Calcarine_R,0.1864,0.1843
Occipital_Mid_R,Heschl_R,0.1863,0.1842
Frontal_Sup_Orb_R,Pallidum_L,0.1863,0.1842
Pallidum_R,Cerebelum_4_5_L,0.1861,0.184
Fusiform_L,Angular_R,0.186,0.1839
Frontal_Inf_Orb_R,Cingulum_Post_L,0.186,0.1839
Frontal_Sup_R,Temporal_Pole_Sup_L,0.1857,0.1836
Cingulum_Post_R,Pallidum_R,0.1857,0.1836
Frontal_Inf_Orb_R,Paracentral_Lobule_L,0.1848,0.1827
Temporal_Pole_Sup_L,Cerebelum_3_R,0.1847,0.1827
Precentral_L,Frontal_Inf_Orb_R,0.1846,0.1825
Cingulum_Post_L,Pallidum_R,0.1846,0.1826
Temporal_Sup_L,Cerebelum_3_R,0.1846,0.1825
Precentral_R,Fusiform_R,0.1845,0.1824
Frontal_Inf_Orb_L,Vermis_3,0.1845,0.1825
Precentral_R,ParaHippocampal_R,0.1844,0.1823
Parietal_Inf_L,Cerebelum_4_5_R,0.1844,0.1824
Supp_Motor_Area_R,Occipital_Mid_R,0.1842,0.1822
Frontal_Sup_Orb_L,Lingual_L,0.184,0.182
Frontal_Inf_Orb_R,Temporal_Sup_R,0.1837,0.1816
Frontal_Sup_Orb_L,Cuneus_L,0.1836,0.1816
Temporal_Sup_R,Vermis_3,0.1835,0.1815
ParaHippocampal_R,Paracentral_Lobule_R,0.1834,0.1814
Frontal_Inf_Orb_L,Rectus_L,0.1829,0.1809
Frontal_Inf_Orb_L,Cuneus_R,0.1827,0.1807
Putamen_L,Cerebelum_3_L,0.1827,0.1807
ParaHippocampal_R,Pallidum_L,0.1826,0.1806
Supp_Motor_Area_L,ParaHippocampal_R,0.1823,0.1803
Frontal_Mid_Orb_L,Rolandic_Oper_L,0.1823,0.1803
Frontal_Inf_Orb_L,Fusiform_L,0.1822,0.1802
Supp_Motor_Area_L,Cerebelum_3_L,0.1821,0.1801
Frontal_Mid_L,Frontal_Inf_Orb_R,0.1819,0.1799
Olfactory_L,Caudate_L,0.1819,0.1799
Temporal_Mid_L,Cerebelum_3_L,0.1818,0.1798
Frontal_Inf_Tri_L,ParaHippocampal_L,0.1818,0.1799
Frontal_Inf_Orb_R,Cuneus_R,0.1816,0.1796
Supp_Motor_Area_R,ParaHippocampal_R,0.1816,0.1796
Rolandic_Oper_L,Rectus_L,0.1815,0.1795
Supp_Motor_Area_L,Temporal_Pole_Sup_L,0.1811,0.1791
Precentral_L,Temporal_Mid_R,0.181,0.179
Occipital_Sup_L,Cerebelum_3_R,0.1809,0.179
Cingulum_Post_R,Temporal_Pole_Sup_L,0.1809,0.179
Frontal_Sup_Medial_L,ParaHippocampal_R,0.1807,0.1788
Frontal_Mid_Orb_L,Putamen_R,0.1807,0.1788
Frontal_Sup_L,Frontal_Sup_Orb_L,0.1806,0.1787
Frontal_Med_Orb_R,Caudate_L,0.1806,0.1786
Frontal_Sup_Medial_L,Cerebelum_3_L,0.1805,0.1786
Occipital_Sup_L,Cerebelum_3_L,0.1804,0.1785
Cingulum_Mid_R,Fusiform_R,0.1803,0.1783
Rectus_L,Insula_L,0.1801,0.1782
Frontal_Mid_Orb_L,Temporal_Sup_L,0.1801,0.1782
Thalamus_R,Cerebelum_3_R,0.1801,0.1782
Parietal_Sup_L,Temporal_Mid_R,0.18,0.1781
Parietal_Inf_L,Cerebelum_3_L,0.1799,0.178
Cingulum_Post_L,Occipital_Mid_R,0.1799,0.178
Occipital_Mid_R,Parietal_Sup_L,0.1799,0.178
Lingual_R,Vermis_1_2,0.1798,0.1778
Frontal_Mid_Orb_R,Temporal_Pole_Sup_L,0.1798,0.1779
Parietal_Inf_L,Pallidum_R,0.1797,0.1778
Precuneus_R,Pallidum_L,0.1796,0.1777
Frontal_Inf_Oper_L,Fusiform_R,0.1795,0.1776
Frontal_Inf_Orb_L,Heschl_R,0.1793,0.1774
Frontal_Med_Orb_R,Lingual_R,0.1792,0.1773
Cuneus_R,Temporal_Pole_Sup_L,0.179,0.1771
Frontal_Sup_Medial_R,Frontal_Med_Orb_L,0.1789,0.177
Occipital_Mid_R,Paracentral_Lobule_R,0.1788,0.1769
Parietal_Inf_R,Vermis_3,0.1787,0.1769
Olfactory_L,Lingual_R,0.1785,0.1767
Cingulum_Ant_R,Pallidum_R,0.1783,0.1764
Fusiform_R,Cerebelum_6_L,0.1783,0.1764
Frontal_Inf_Orb_L,Postcentral_R,0.1782,0.1764
Frontal_Mid_Orb_R,Pallidum_L,0.178,0.1761
Caudate_R,Temporal_Pole_Sup_R,0.1777,0.1759
Frontal_Inf_Oper_L,Pallidum_R,0.1776,0.1757
Fusiform_R,Vermis_1_2,0.1775,0.1757
Olfactory_R,Caudate_R,0.1775,0.1757
Paracentral_Lobule_R,Vermis_3,0.1772,0.1754
Temporal_Pole_Sup_R,Temporal_Pole_Mid_R,0.1769,0.175
Heschl_R,Temporal_Mid_R,0.1767,0.1749
Frontal_Inf_Oper_R,Fusiform_L,0.1766,0.1748
Heschl_R,Temporal_Pole_Sup_L,0.1766,0.1748
Angular_R,Pallidum_R,0.1765,0.1747
Frontal_Sup_L,Temporal_Pole_Sup_L,0.1764,0.1746
Frontal_Mid_R,Occipital_Mid_R,0.1759,0.1741
Temporal_Sup_L,Cerebelum_6_L,0.1759,0.1741
Fusiform_R,Caudate_L,0.1758,0.174
Frontal_Mid_L,Pallidum_L,0.1755,0.1737
Frontal_Inf_Orb_L,Cingulum_Mid_L,0.1754,0.1736
Frontal_Sup_L,Occipital_Mid_R,0.1754,0.1737
Frontal_Mid_Orb_R,Rolandic_Oper_L,0.1753,0.1735
Occipital_Sup_L,Pallidum_R,0.1752,0.1734
Cingulum_Mid_L,Cerebelum_3_L,0.1752,0.1734
Amygdala_L,Temporal_Pole_Sup_L,0.1751,0.1734
Frontal_Med_Orb_R,Temporal_Sup_R,0.1751,0.1734
Frontal_Sup_Orb_R,Rectus_L,0.175,0.1732
Frontal_Sup_R,Frontal_Sup_Orb_R,0.1749,0.1732
Frontal_Sup_L,ParaHippocampal_R,0.1748,0.1731
Frontal_Mid_L,Temporal_Mid_R,0.1748,0.173
Frontal_Sup_R,Pallidum_R,0.1747,0.1729
Supp_Motor_Area_R,Fusiform_R,0.1746,0.1729
Occipital_Mid_R,Cerebelum_4_5_R,0.1743,0.1726
Frontal_Mid_R,Temporal_Mid_R,0.1742,0.1725
Frontal_Inf_Oper_L,Cerebelum_4_5_R,0.1741,0.1724
Temporal_Sup_R,Temporal_Inf_R,0.1739,0.1722
Frontal_Inf_Oper_R,ParaHippocampal_R,0.1738,0.172
Frontal_Mid_Orb_L,Temporal_Pole_Sup_R,0.1736,0.1719
Frontal_Inf_Orb_L,Paracentral_Lobule_L,0.1736,0.1719
Rectus_L,Vermis_4_5,0.1736,0.1719
Frontal_Sup_Orb_R,Calcarine_R,0.1735,0.1717
Occipital_Sup_R,Cerebelum_3_R,0.1735,0.1718
Frontal_Inf_Orb_R,SupraMarginal_L,0.1735,0.1718
Occipital_Mid_R,Paracentral_Lobule_L,0.1734,0.1717
Fusiform_L,Parietal_Sup_L,0.1734,0.1717
Precentral_R,Vermis_3,0.1733,0.1716
Frontal_Inf_Orb_R,Cerebelum_4_5_L,0.1732,0.1715
Angular_L,Pallidum_R,0.1732,0.1715
Precentral_L,Vermis_3,0.1732,0.1715
Frontal_Sup_Orb_R,Rectus_R,0.1732,0.1714
Frontal_Inf_Orb_L,Parietal_Inf_L,0.1731,0.1714
Parietal_Inf_L,Temporal_Mid_R,0.1729,0.1712
Rectus_L,Pallidum_L,0.1728,0.1711
Thalamus_R,Temporal_Mid_R,0.1727,0.171
Paracentral_Lobule_L,Pallidum_R,0.1726,0.1709
Precuneus_L,Pallidum_R,0.1724,0.1707
Frontal_Sup_R,Frontal_Med_Orb_L,0.1724,0.1707
Amygdala_L,Temporal_Sup_L,0.1724,0.1707
Olfactory_L,Putamen_L,0.1722,0.1705
Angular_R,Pallidum_L,0.1721,0.1705
Frontal_Inf_Oper_L,ParaHippocampal_R,0.1721,0.1704
Frontal_Inf_Oper_R,ParaHippocampal_L,0.172,0.1704
SupraMarginal_R,Temporal_Pole_Sup_R,0.172,0.1704
Frontal_Sup_R,Frontal_Inf_Orb_L,0.1719,0.1703
Cingulum_Mid_R,Cerebelum_3_L,0.1717,0.17
Heschl_L,Temporal_Pole_Sup_R,0.1716,0.1699
Frontal_Mid_R,Fusiform_R,0.1716,0.1699
Occipital_Sup_R,Pallidum_L,0.1716,0.1699
Cingulum_Ant_R,Cerebelum_3_L,0.1715,0.1698
Frontal_Inf_Orb_R,Rectus_L,0.1715,0.1699
Occipital_Mid_L,Cerebelum_3_R,0.1715,0.1699
Fusiform_R,Temporal_Inf_L,0.1714,0.1698
ParaHippocampal_R,Caudate_L,0.1713,0.1696
Insula_R,Cerebelum_3_L,0.1712,0.1696
Frontal_Inf_Orb_R,Thalamus_R,0.1712,0.1695
Precuneus_L,Cerebelum_3_L,0.1709,0.1692
Frontal_Inf_Orb_R,Heschl_L,0.1707,0.1691
Occipital_Sup_R,Heschl_L,0.1707,0.1691
Frontal_Sup_Medial_R,ParaHippocampal_R,0.1707,0.169
Frontal_Med_Orb_L,Vermis_4_5,0.1706,0.169
Rectus_L,Putamen_L,0.1706,0.169
Postcentral_R,Cerebelum_3_L,0.1705,0.1688
Angular_R,Cerebelum_3_R,0.1705,0.1689
Fusiform_R,Paracentral_Lobule_L,0.1703,0.1687
Frontal_Inf_Oper_L,Heschl_R,0.1699,0.1682
Frontal_Mid_Orb_L,Temporal_Pole_Sup_L,0.1694,0.1678
ParaHippocampal_L,Temporal_Mid_R,0.1691,0.1675
Fusiform_R,Pallidum_R,0.1691,0.1675
Temporal_Sup_L,Temporal_Mid_R,0.1689,0.1673
Supp_Motor_Area_L,Occipital_Mid_R,0.1688,0.1672
Rectus_L,Putamen_R,0.1685,0.1669
Frontal_Sup_Orb_R,Frontal_Mid_R,0.1684,0.1668
Precentral_R,Pallidum_L,0.1683,0.1668
Frontal_Inf_Orb_L,Temporal_Sup_R,0.1681,0.1665
Postcentral_R,Temporal_Pole_Sup_L,0.1681,0.1666
Frontal_Inf_Orb_R,Cerebelum_4_5_R,0.168,0.1664
Temporal_Sup_R,Temporal_Pole_Sup_L,0.1679,0.1664
Occipital_Inf_L,Fusiform_L,0.1678,0.1663
Temporal_Sup_R,Cerebelum_3_R,0.1676,0.1661
Angular_L,Temporal_Pole_Sup_L,0.1675,0.1659
Frontal_Sup_Orb_R,Caudate_L,0.1673,0.1658
Frontal_Inf_Orb_L,Supp_Motor_Area_R,0.1672,0.1657
Postcentral_L,Cerebelum_3_L,0.1672,0.1657
Temporal_Pole_Sup_R,Cerebelum_6_L,0.1672,0.1657
Cerebelum_3_R,Cerebelum_6_L,0.1671,0.1655
Cuneus_R,Cerebelum_3_R,0.1671,0.1655
Paracentral_Lobule_R,Cerebelum_4_5_R,0.1671,0.1655
Parietal_Inf_R,Pallidum_L,0.1669,0.1654
Frontal_Mid_L,Pallidum_R,0.1668,0.1653
Fusiform_L,Parietal_Inf_R,0.1668,0.1653
Frontal_Inf_Oper_R,Cerebelum_4_5_R,0.1666,0.1651
Occipital_Mid_R,Parietal_Inf_L,0.1666,0.1651
Frontal_Sup_L,Frontal_Inf_Orb_R,0.1665,0.165
Frontal_Inf_Orb_L,Occipital_Mid_L,0.1663,0.1647
Rolandic_Oper_R,ParaHippocampal_L,0.1663,0.1648
Angular_L,Temporal_Mid_R,0.1662,0.1647
Frontal_Inf_Orb_L,Occipital_Sup_L,0.1661,0.1646
Frontal_Inf_Tri_L,Fusiform_L,0.1661,0.1646
Frontal_Mid_Orb_R,Cingulum_Ant_L,0.166,0.1645
Temporal_Inf_L,Cerebelum_4_5_L,0.1659,0.1644
Occipital_Mid_R,Cerebelum_4_5_L,0.1656,0.1641
Fusiform_R,Parietal_Sup_L,0.1655,0.164
Frontal_Sup_Orb_R,Calcarine_L,0.1654,0.1639
Parietal_Sup_L,Cerebelum_4_5_R,0.1654,0.1639
Postcentral_R,Pallidum_R,0.1653,0.1638
Temporal_Inf_L,Cerebelum_4_5_R,0.1653,0.1638
Frontal_Inf_Orb_L,Hippocampus_L,0.1653,0.1638
Frontal_Sup_Orb_R,Frontal_Sup_Medial_R,0.1652,0.1637
Frontal_Inf_Orb_R,Occipital_Mid_L,0.1652,0.1637
Temporal_Pole_Sup_R,Cerebelum_3_R,0.1651,0.1636
Frontal_Inf_Orb_R,Thalamus_L,0.1649,0.1634
Olfactory_L,Temporal_Sup_R,0.1647,0.1632
Frontal_Sup_Orb_L,Occipital_Mid_L,0.1647,0.1632
Lingual_R,Temporal_Inf_R,0.1647,0.1632
Rolandic_Oper_R,Cerebelum_6_L,0.1645,0.1631
Paracentral_Lobule_L,Pallidum_L,0.1645,0.163
Rolandic_Oper_R,Temporal_Inf_R,0.1645,0.163
Frontal_Inf_Orb_R,Parietal_Inf_L,0.1644,0.163
Calcarine_L,Pallidum_R,0.1642,0.1627
Lingual_R,Cerebelum_6_R,0.164,0.1626
Lingual_L,Vermis_1_2,0.164,0.1625
Olfactory_L,Calcarine_R,0.164,0.1626
Frontal_Inf_Oper_R,Temporal_Pole_Sup_R,0.164,0.1625
Frontal_Sup_Orb_L,Frontal_Mid_L,0.1639,0.1625
Frontal_Sup_Orb_R,Rolandic_Oper_L,0.1638,0.1624
Frontal_Mid_Orb_R,Rectus_R,0.1638,0.1624
Frontal_Med_Orb_R,Cerebelum_4_5_R,0.1637,0.1622
Cingulum_Ant_R,Cerebelum_3_R,0.1636,0.1621
Cingulum_Ant_R,ParaHippocampal_R,0.1634,0.162
Frontal_Mid_Orb_R,Caudate_R,0.1634,0.162
Temporal_Mid_L,Cerebelum_3_R,0.1634,0.162
Frontal_Mid_R,Pallidum_R,0.1634,0.1619
Heschl_L,Cerebelum_3_L,0.1629,0.1614
Precentral_R,Cerebelum_4_5_R,0.1627,0.1613
Olfactory_L,Frontal_Sup_Medial_R,0.1625,0.1611
Temporal_Pole_Sup_L,Cerebelum_6_L,0.1624,0.161
Cingulum_Ant_L,ParaHippocampal_L,0.1623,0.1609
Occipital_Mid_R,Temporal_Sup_L,0.1621,0.1607
Lingual_R,Pallidum_R,0.1621,0.1607
Frontal_Med_Orb_R,Rectus_R,0.1621,0.1607
Insula_L,Cerebelum_6_L,0.1621,0.1607
Precentral_L,Pallidum_L,0.162,0.1605
Olfactory_R,Caudate_L,0.1618,0.1604
Amygdala_L,Temporal_Pole_Sup_R,0.1617,0.1603
Frontal_Inf_Orb_R,Occipital_Sup_R,0.1617,0.1603
Frontal_Inf_Tri_R,Fusiform_L,0.1615,0.1602
Precentral_R,Temporal_Pole_Sup_L,0.1614,0.16
Cingulum_Post_L,Temporal_Pole_Sup_L,0.1613,0.1599
Cingulum_Mid_L,Temporal_Pole_Sup_L,0.1613,0.1599
ParaHippocampal_R,Temporal_Inf_R,0.1612,0.1598
Fusiform_L,Vermis_1_2,0.1611,0.1597
Vermis_4_5,Vermis_6,0.161,0.1596
Temporal_Inf_R,Vermis_4_5,0.1609,0.1595
Parietal_Sup_L,Vermis_3,0.1607,0.1593
Frontal_Mid_Orb_L,Cingulum_Ant_L,0.1606,0.1592
Parietal_Inf_R,Pallidum_R,0.1605,0.1591
Frontal_Mid_Orb_L,Frontal_Inf_Tri_L,0.1604,0.159
Occipital_Mid_R,SupraMarginal_L,0.1603,0.159
Occipital_Mid_R,Putamen_R,0.1602,0.1588
Frontal_Inf_Oper_R,Frontal_Med_Orb_L,0.1601,0.1588
Olfactory_L,Vermis_4_5,0.1601,0.1587
Frontal_Sup_Orb_R,Temporal_Pole_Sup_L,0.1601,0.1587
ParaHippocampal_R,Pallidum_R,0.1596,0.1582
Frontal_Sup_Orb_L,Temporal_Sup_R,0.1595,0.1582
Precentral_L,ParaHippocampal_R,0.1594,0.158
Precentral_L,Occipital_Mid_R,0.1592,0.1579
Frontal_Mid_L,Fusiform_R,0.1592,0.1578
Frontal_Inf_Orb_L,Cingulum_Mid_R,0.159,0.1576
Frontal_Sup_Orb_R,Frontal_Inf_Tri_R,0.1588,0.1575
Fusiform_R,Paracentral_Lobule_R,0.1588,0.1574
Frontal_Inf_Orb_R,Precuneus_R,0.1587,0.1574
Occipital_Mid_R,Temporal_Mid_L,0.1586,0.1572
Frontal_Med_Orb_L,Calcarine_L,0.1586,0.1573
Frontal_Inf_Orb_L,Cingulum_Post_R,0.1585,0.1572
Heschl_R,Temporal_Pole_Sup_R,0.1583,0.157
Precuneus_L,Pallidum_L,0.1583,0.157
Frontal_Med_Orb_R,SupraMarginal_R,0.1582,0.1569
Frontal_Sup_Orb_R,Pallidum_R,0.1582,0.1569
Heschl_R,Cerebelum_3_L,0.158,0.1567
Temporal_Pole_Sup_L,Cerebelum_3_L,0.158,0.1567
Caudate_R,Cerebelum_3_L,0.158,0.1567
Rectus_L,Cingulum_Ant_L,0.158,0.1567
Frontal_Inf_Orb_L,SupraMarginal_R,0.1578,0.1565
Frontal_Inf_Tri_R,Fusiform_R,0.1577,0.1564
Fusiform_L,Temporal_Pole_Sup_R,0.1576,0.1563
Frontal_Sup_Medial_R,Pallidum_R,0.1576,0.1563
Paracentral_Lobule_L,Cerebelum_3_L,0.1576,0.1563
Frontal_Inf_Tri_R,Temporal_Pole_Sup_L,0.1575,0.1562
Occipital_Sup_R,Temporal_Pole_Sup_L,0.1574,0.1561
Frontal_Mid_L,ParaHippocampal_R,0.1573,0.156
Frontal_Sup_Orb_L,Pallidum_R,0.1572,0.1559
Amygdala_L,Amygdala_R,0.157,0.1557
Fusiform_L,Temporal_Mid_R,0.1568,0.1556
Frontal_Mid_Orb_L,Lingual_R,0.1565,0.1553
Frontal_Inf_Tri_L,Vermis_3,0.1563,0.155
Precentral_L,Fusiform_R,0.1563,0.155
Calcarine_R,Temporal_Inf_L,0.1563,0.1551
Temporal_Pole_Sup_R,Temporal_Mid_R,0.1562,0.1549
Frontal_Inf_Orb_R,Angular_R,0.156,0.1548
Frontal_Sup_Orb_L,Heschl_L,0.156,0.1547
Hippocampus_L,Cerebelum_3_R,0.1559,0.1546
Lingual_L,Temporal_Inf_R,0.1557,0.1544
Olfactory_R,Temporal_Sup_L,0.1557,0.1545
Calcarine_L,Cerebelum_6_L,0.1557,0.1545
Frontal_Med_Orb_L,Temporal_Pole_Sup_R,0.1556,0.1544
SupraMarginal_R,Temporal_Inf_R,0.1556,0.1543
Precentral_R,Cerebelum_3_L,0.1554,0.1542
Parietal_Inf_L,Temporal_Pole_Sup_L,0.1551,0.1539
Frontal_Med_Orb_L,Lingual_L,0.1551,0.1539
Frontal_Sup_Orb_L,Supp_Motor_Area_L,0.1551,0.1538
SupraMarginal_R,Temporal_Pole_Sup_L,0.1546,0.1534
Frontal_Sup_Medial_L,Frontal_Med_Orb_L,0.1545,0.1532
Calcarine_R,Cerebelum_6_L,0.1543,0.153
Frontal_Med_Orb_L,Calcarine_R,0.1541,0.1529
Lingual_L,Temporal_Inf_L,0.1539,0.1526
Temporal_Inf_R,Cerebelum_4_5_R,0.1537,0.1525
Calcarine_R,Pallidum_R,0.1535,0.1523
Temporal_Inf_L,Cerebelum_3_L,0.1534,0.1522
Frontal_Sup_Orb_R,Lingual_R,0.1534,0.1522
Cerebelum_4_5_L,Cerebelum_6_R,0.1533,0.1521
Hippocampus_R,Occipital_Mid_R,0.153,0.1518
Precentral_L,Pallidum_R,0.153,0.1518
Amygdala_L,Lingual_R,0.1529,0.1517
Frontal_Mid_L,Occipital_Mid_R,0.1528,0.1516
Frontal_Mid_Orb_R,Frontal_Inf_Tri_R,0.1527,0.1515
Frontal_Sup_Orb_R,Lingual_L,0.1527,0.1516
Fusiform_R,Cerebelum_6_R,0.1526,0.1514
ParaHippocampal_L,Pallidum_L,0.1523,0.1511
Cingulum_Post_R,Cerebelum_3_R,0.1523,0.1511
Frontal_Mid_Orb_L,Vermis_4_5,0.1521,0.1509
Frontal_Sup_Orb_L,Heschl_R,0.152,0.1509
Paracentral_Lobule_R,Cerebelum_3_L,0.1519,0.1507
Frontal_Inf_Orb_R,Temporal_Mid_L,0.1519,0.1507
Frontal_Inf_Orb_R,Frontal_Med_Orb_R,0.1518,0.1506
Frontal_Inf_Orb_R,Fusiform_L,0.1517,0.1506
Occipital_Mid_L,Temporal_Inf_L,0.1516,0.1504
Frontal_Med_Orb_L,Heschl_L,0.1516,0.1505
Calcarine_R,Occipital_Inf_L,0.1514,0.1503
Frontal_Sup_L,Frontal_Med_Orb_R,0.1512,0.1501
Putamen_L,Cerebelum_3_R,0.1511,0.15
Hippocampus_L,Temporal_Mid_R,0.1509,0.1498
Cingulum_Mid_R,Temporal_Pole_Sup_L,0.1508,0.1497
Occipital_Mid_R,Caudate_L,0.1506,0.1494
Occipital_Inf_L,Cerebelum_4_5_L,0.1506,0.1495
Frontal_Sup_Orb_L,Cuneus_R,0.1506,0.1494
Frontal_Sup_Orb_L,Occipital_Sup_L,0.1504,0.1493
Parietal_Sup_L,Pallidum_R,0.1503,0.1491
Frontal_Inf_Tri_R,Heschl_L,0.1502,0.1491
Cerebelum_3_L,Cerebelum_6_L,0.1501,0.149
Frontal_Mid_L,Cerebelum_3_L,0.1501,0.149
Temporal_Sup_R,Cerebelum_3_L,0.15,0.1489
ParaHippocampal_R,Occipital_Mid_R,0.1499,0.1488
Frontal_Med_Orb_R,Cerebelum_4_5_L,0.1496,0.1485
Parietal_Sup_L,Cerebelum_3_L,0.1495,0.1484
Occipital_Sup_L,Temporal_Pole_Sup_L,0.1494,0.1483
Frontal_Sup_Orb_L,SupraMarginal_R,0.1493,0.1482
Olfactory_R,Temporal_Sup_R,0.1493,0.1482
Frontal_Inf_Orb_L,Cingulum_Post_L,0.1488,0.1477
Frontal_Inf_Tri_R,ParaHippocampal_L,0.1487,0.1476
Amygdala_L,Cerebelum_4_5_R,0.1486,0.1475
Frontal_Inf_Orb_R,Parietal_Inf_R,0.1484,0.1473
Olfactory_L,Temporal_Pole_Sup_L,0.1482,0.1472
Temporal_Inf_R,Cerebelum_4_5_L,0.1482,0.1471
Frontal_Inf_Orb_L,ParaHippocampal_L,0.1481,0.147
Frontal_Sup_Orb_R,Frontal_Inf_Tri_L,0.1481,0.1471
Occipital_Mid_R,Temporal_Pole_Sup_R,0.148,0.1469
Frontal_Inf_Orb_R,Paracentral_Lobule_R,0.1479,0.1468
Precentral_R,Pallidum_R,0.1479,0.1468
Thalamus_L,Cerebelum_3_R,0.1479,0.1468
ParaHippocampal_R,Caudate_R,0.1478,0.1468
Insula_R,Cerebelum_3_R,0.1478,0.1467
Frontal_Inf_Orb_L,Occipital_Sup_R,0.1476,0.1466
Pallidum_L,Temporal_Mid_R,0.1475,0.1464
Supp_Motor_Area_R,Temporal_Pole_Sup_L,0.1473,0.1463
Occipital_Mid_R,Caudate_R,0.1472,0.1461
Parietal_Sup_R,Pallidum_R,0.1471,0.1461
Frontal_Inf_Orb_R,Precuneus_L,0.1469,0.1458
Frontal_Mid_Orb_R,Lingual_R,0.1466,0.1455
Frontal_Inf_Oper_R,Pallidum_R,0.1466,0.1456
Frontal_Mid_R,Frontal_Inf_Orb_L,0.1466,0.1455
Rolandic_Oper_L,Occipital_Inf_L,0.1465,0.1455
Frontal_Sup_Orb_L,Cingulum_Post_R,0.1465,0.1454
Frontal_Inf_Orb_L,Precuneus_R,0.1465,0.1455
Parietal_Sup_R,Vermis_3,0.1463,0.1452
Frontal_Med_Orb_R,Heschl_L,0.1462,0.1452
Frontal_Inf_Orb_R,Frontal_Med_Orb_L,0.1461,0.1451
Olfactory_L,Fusiform_R,0.146,0.1449
Frontal_Mid_Orb_L,Frontal_Inf_Tri_R,0.146,0.145
Frontal_Sup_Medial_L,Frontal_Med_Orb_R,0.1458,0.1447
Frontal_Inf_Tri_R,Vermis_3,0.1458,0.1447
Thalamus_L,Temporal_Inf_L,0.1457,0.1447
SupraMarginal_R,Cerebelum_3_L,0.1457,0.1447
Frontal_Mid_Orb_R,Frontal_Inf_Tri_L,0.1456,0.1446
Frontal_Sup_Orb_R,Frontal_Inf_Orb_R,0.1454,0.1444
Cingulum_Ant_R,ParaHippocampal_L,0.1454,0.1444
Olfactory_L,Cerebelum_6_L,0.1454,0.1444
Rectus_L,Lingual_R,0.1453,0.1443
Temporal_Mid_L,Cerebelum_6_L,0.1453,0.1443
Caudate_L,Cerebelum_3_L,0.1452,0.1442
Precentral_L,Temporal_Pole_Sup_L,0.145,0.144
Occipital_Mid_R,Temporal_Inf_R,0.1449,0.1439
Cerebelum_6_R,Vermis_4_5,0.1449,0.1439
Lingual_R,Temporal_Inf_L,0.1447,0.1437
Frontal_Sup_Orb_R,Temporal_Pole_Sup_R,0.1447,0.1437
Frontal_Inf_Orb_R,Occipital_Sup_L,0.1446,0.1436
Frontal_Sup_Orb_R,Heschl_R,0.1443,0.1433
Postcentral_R,Temporal_Pole_Sup_R,0.1442,0.1432
Precentral_L,Cerebelum_4_5_R,0.144,0.143
Fusiform_L,Pallidum_R,0.144,0.143
Olfactory_L,Calcarine_L,0.1438,0.1428
Frontal_Sup_Orb_R,Cuneus_L,0.1435,0.1425
Frontal_Mid_Orb_R,Temporal_Sup_L,0.1435,0.1425
Cerebelum_3_R,Cerebelum_6_R,0.1433,0.1423
Frontal_Sup_Orb_L,Cerebelum_4_5_R,0.1432,0.1423
Angular_R,Temporal_Inf_R,0.1432,0.1423
Frontal_Med_Orb_R,Occipital_Mid_L,0.1431,0.1421
Lingual_R,Vermis_6,0.1431,0.1421
Frontal_Mid_R,Frontal_Med_Orb_R,0.1431,0.1421
Angular_R,Cerebelum_3_L,0.1431,0.1421
Olfactory_R,Heschl_R,0.143,0.142
Frontal_Inf_Orb_L,Angular_L,0.1429,0.142
Parietal_Sup_R,Cerebelum_4_5_R,0.1429,0.1419
Frontal_Inf_Tri_L,ParaHippocampal_R,0.1428,0.1418
Rectus_R,Insula_R,0.1427,0.1417
Frontal_Mid_Orb_R,Cingulum_Ant_R,0.1427,0.1418
Frontal_Sup_Orb_L,Occipital_Sup_R,0.1426,0.1416
Frontal_Sup_Orb_R,Temporal_Sup_R,0.1425,0.1415
Calcarine_L,Temporal_Inf_R,0.1424,0.1414
Frontal_Med_Orb_L,Heschl_R,0.1422,0.1412
Frontal_Mid_Orb_R,Calcarine_L,0.1422,0.1412
Olfactory_L,Heschl_L,0.142,0.141
Olfactory_R,Putamen_R,0.1419,0.1409
Frontal_Inf_Orb_R,Angular_L,0.1419,0.1409
Temporal_Sup_L,Temporal_Inf_L,0.1415,0.1406
Frontal_Sup_Orb_L,Cingulum_Post_L,0.1415,0.1406
Insula_L,Occipital_Inf_L,0.1414,0.1404
Lingual_R,Occipital_Inf_L,0.1414,0.1405
Caudate_L,Temporal_Pole_Sup_R,0.1412,0.1403
Frontal_Mid_R,ParaHippocampal_R,0.1411,0.1402
Frontal_Inf_Tri_R,Cerebelum_4_5_R,0.1411,0.1402
Frontal_Inf_Tri_R,ParaHippocampal_R,0.141,0.14
Olfactory_L,Pallidum_L,0.1409,0.14
Cingulum_Ant_R,Hippocampus_L,0.1409,0.14
Frontal_Sup_L,Frontal_Inf_Orb_L,0.1407,0.1398
Precentral_R,Frontal_Inf_Orb_L,0.1407,0.1398
Fusiform_R,Parietal_Sup_R,0.1406,0.1397
Frontal_Mid_R,Frontal_Med_Orb_L,0.1406,0.1397
Rolandic_Oper_L,Cerebelum_6_L,0.1405,0.1396
Frontal_Med_Orb_L,Occipital_Mid_L,0.1405,0.1395
Olfactory_R,Insula_R,0.1402,0.1393
Temporal_Inf_R,Cerebelum_3_R,0.1402,0.1392
Rolandic_Oper_R,Occipital_Inf_L,0.1401,0.1392
Frontal_Sup_Orb_L,Cingulum_Mid_L,0.14,0.139
Frontal_Mid_Orb_L,Lingual_L,0.1398,0.1389
Frontal_Sup_R,Temporal_Pole_Sup_R,0.1397,0.1388
Olfactory_R,Frontal_Med_Orb_R,0.1397,0.1388
Frontal_Inf_Oper_R,Frontal_Med_Orb_R,0.1396,0.1387
Frontal_Sup_Orb_R,Vermis_4_5,0.1395,0.1386
Frontal_Mid_Orb_R,Vermis_4_5,0.1394,0.1385
Putamen_R,Temporal_Inf_L,0.1394,0.1386
ParaHippocampal_L,Temporal_Pole_Sup_L,0.1393,0.1384
Frontal_Inf_Tri_L,Fusiform_R,0.1392,0.1384
Precentral_L,Frontal_Inf_Orb_L,0.1391,0.1382
Insula_R,Temporal_Inf_R,0.139,0.1381
Frontal_Sup_Orb_L,Vermis_3,0.139,0.1381
Rectus_L,Temporal_Pole_Sup_L,0.1387,0.1379
Frontal_Mid_L,Vermis_3,0.1385,0.1376
Cingulum_Ant_L,Cerebelum_3_R,0.1385,0.1377
Frontal_Sup_Orb_R,Frontal_Inf_Oper_L,0.1385,0.1377
Frontal_Mid_R,Cerebelum_3_L,0.1384,0.1376
Olfactory_L,Frontal_Med_Orb_L,0.1383,0.1374
ParaHippocampal_R,Putamen_R,0.1382,0.1374
Frontal_Sup_Orb_L,Postcentral_R,0.1382,0.1373
Rolandic_Oper_R,Temporal_Inf_L,0.1382,0.1373
Amygdala_R,Fusiform_L,0.1382,0.1373
Frontal_Mid_L,Frontal_Inf_Orb_L,0.1381,0.1372
Frontal_Sup_Orb_R,Heschl_L,0.138,0.1372
Precentral_L,Cerebelum_3_L,0.1379,0.137
Amygdala_L,Heschl_L,0.1379,0.137
Olfactory_R,Heschl_L,0.1377,0.1368
Rectus_L,Cerebelum_4_5_R,0.1375,0.1366
Temporal_Sup_R,Temporal_Inf_L,0.1373,0.1364
Insula_R,Cerebelum_6_L,0.1372,0.1363
Rectus_R,Putamen_R,0.1371,0.1362
Paracentral_Lobule_L,Temporal_Pole_Sup_L,0.1368,0.136
Frontal_Inf_Tri_R,Frontal_Med_Orb_R,0.1364,0.1356
Frontal_Sup_Orb_L,Cingulum_Mid_R,0.1364,0.1355
Angular_L,Temporal_Inf_L,0.1364,0.1356
Calcarine_L,Occipital_Inf_L,0.1364,0.1355
Occipital_Sup_R,Temporal_Pole_Sup_R,0.1362,0.1354
Frontal_Mid_Orb_R,Lingual_L,0.1361,0.1352
Rectus_L,Calcarine_R,0.1361,0.1353
Frontal_Mid_Orb_L,Heschl_L,0.1357,0.1349
Olfactory_L,Caudate_R,0.1357,0.1348
Rectus_R,Insula_L,0.1357,0.1348
ParaHippocampal_R,Vermis_1_2,0.1357,0.1349
Caudate_R,Temporal_Mid_R,0.1354,0.1345
Paracentral_Lobule_R,Pallidum_R,0.1353,0.1345
Insula_R,Temporal_Inf_L,0.1352,0.1344
Frontal_Mid_Orb_L,Cerebelum_4_5_R,0.1352,0.1344
Temporal_Pole_Sup_R,Cerebelum_6_R,0.1349,0.1341
Frontal_Inf_Orb_L,Thalamus_R,0.1349,0.1341
Olfactory_R,Thalamus_R,0.1349,0.1341
Frontal_Mid_Orb_R,Cerebelum_4_5_R,0.1348,0.134
Occipital_Mid_L,Pallidum_R,0.1347,0.1339
Amygdala_R,Cerebelum_4_5_R,0.1345,0.1337
Olfactory_R,Pallidum_L,0.1345,0.1337
Frontal_Med_Orb_L,Lingual_R,0.1345,0.1337
Hippocampus_R,Amygdala_R,0.1344,0.1336
SupraMarginal_L,Temporal_Mid_R,0.1343,0.1335
Fusiform_L,Cerebelum_6_R,0.1343,0.1335
Olfactory_R,Insula_L,0.1343,0.1335
Occipital_Inf_L,Temporal_Inf_L,0.1343,0.1335
Frontal_Med_Orb_L,SupraMarginal_R,0.1341,0.1333
Frontal_Inf_Orb_R,Vermis_3,0.134,0.1332
Thalamus_R,Temporal_Inf_L,0.134,0.1332
Frontal_Inf_Oper_L,Cerebelum_3_L,0.1339,0.1331
Frontal_Sup_Orb_R,Occipital_Mid_L,0.1339,0.1331
Frontal_Sup_Orb_L,Supp_Motor_Area_R,0.1338,0.133
Olfactory_L,Cerebelum_4_5_L,0.1338,0.133
Frontal_Sup_Orb_L,Cerebelum_4_5_L,0.1338,0.1331
Cingulum_Ant_L,ParaHippocampal_R,0.1337,0.1329
Frontal_Inf_Tri_L,Temporal_Mid_R,0.1337,0.1329
Frontal_Med_Orb_L,Temporal_Sup_R,0.1336,0.1328
Frontal_Sup_Orb_R,Frontal_Sup_Medial_L,0.1336,0.1328
Frontal_Sup_Orb_R,Cerebelum_4_5_R,0.1336,0.1328
Precentral_R,Frontal_Sup_Orb_L,0.1334,0.1327
Olfactory_L,Lingual_L,0.133,0.1322
Amygdala_L,Vermis_4_5,0.133,0.1322
Putamen_L,Cerebelum_6_L,0.1328,0.132
Frontal_Sup_Medial_R,Cerebelum_3_R,0.1325,0.1317
Frontal_Inf_Tri_L,Frontal_Med_Orb_L,0.1324,0.1317
Frontal_Sup_L,Frontal_Med_Orb_L,0.1323,0.1316
Occipital_Inf_L,Cerebelum_4_5_R,0.1323,0.1316
Frontal_Mid_L,Cerebelum_4_5_R,0.1322,0.1314
Frontal_Sup_Orb_R,SupraMarginal_R,0.1322,0.1314
Frontal_Inf_Orb_L,Cerebelum_3_R,0.1319,0.1311
Occipital_Inf_R,Fusiform_R,0.1317,0.1309
Precentral_R,Frontal_Med_Orb_R,0.1317,0.1309
Insula_R,Occipital_Inf_L,0.1317,0.131
Frontal_Sup_Orb_R,Postcentral_R,0.1315,0.1307
Frontal_Inf_Orb_R,Hippocampus_L,0.1315,0.1307
Frontal_Sup_Orb_R,Supp_Motor_Area_R,0.1311,0.1303
Cuneus_L,Temporal_Inf_L,0.1311,0.1304
Temporal_Pole_Sup_R,Temporal_Inf_R,0.1311,0.1304
Rectus_L,Fusiform_R,0.1309,0.1302
Occipital_Mid_R,Cerebelum_3_R,0.1308,0.13
Olfactory_R,Pallidum_R,0.1306,0.1299
Olfactory_R,Putamen_L,0.1306,0.1299
Insula_L,Amygdala_L,0.1305,0.1297
Occipital_Inf_L,Temporal_Pole_Sup_L,0.1303,0.1296
Frontal_Sup_Orb_L,SupraMarginal_L,0.1301,0.1293
Lingual_L,Cerebelum_6_R,0.1301,0.1293
Occipital_Mid_R,Temporal_Pole_Sup_L,0.1301,0.1294
Amygdala_R,Pallidum_R,0.13,0.1293
Occipital_Inf_L,Vermis_4_5,0.1299,0.1292
Precentral_R,Frontal_Med_Orb_L,0.1299,0.1292
Frontal_Med_Orb_L,Pallidum_R,0.1298,0.1291
Frontal_Sup_Orb_L,Rectus_R,0.1297,0.129
Rectus_R,Temporal_Sup_L,0.1297,0.129
Cuneus_R,Temporal_Inf_L,0.1296,0.1289
Calcarine_R,Temporal_Inf_R,0.1296,0.1289
Paracentral_Lobule_R,Pallidum_L,0.1296,0.1289
Putamen_L,Temporal_Inf_L,0.1295,0.1287
Angular_R,Temporal_Pole_Sup_R,0.1294,0.1287
Parietal_Inf_R,Cerebelum_3_L,0.1293,0.1286
Frontal_Inf_Oper_L,Frontal_Med_Orb_L,0.1293,0.1285
Precentral_R,Frontal_Sup_Orb_R,0.1292,0.1285
Amygdala_R,Fusiform_R,0.1291,0.1284
Frontal_Inf_Orb_L,Hippocampus_R,0.129,0.1283
Frontal_Inf_Orb_L,Paracentral_Lobule_R,0.1288,0.1281
Temporal_Pole_Sup_R,Vermis_1_2,0.1287,0.128
Frontal_Sup_R,Olfactory_L,0.1286,0.1279
Pallidum_L,Cerebelum_3_R,0.1285,0.1278
Occipital_Mid_R,Vermis_3,0.1285,0.1278
Occipital_Inf_L,Putamen_L,0.1285,0.1278
Frontal_Sup_R,Temporal_Inf_L,0.1284,0.1277
Frontal_Sup_Orb_R,Cerebelum_4_5_L,0.1283,0.1276
Frontal_Inf_Orb_L,Angular_R,0.1283,0.1276
Rectus_L,Lingual_L,0.1281,0.1274
Amygdala_R,Temporal_Pole_Sup_R,0.128,0.1273
Occipital_Mid_R,Occipital_Inf_R,0.128,0.1273
Frontal_Inf_Orb_R,Pallidum_R,0.1279,0.1272
Frontal_Inf_Tri_L,Frontal_Med_Orb_R,0.1278,0.1271
Frontal_Sup_Orb_R,Frontal_Inf_Oper_R,0.1277,0.127
Frontal_Inf_Orb_R,Fusiform_R,0.1276,0.1269
Amygdala_L,Vermis_3,0.1276,0.1269
ParaHippocampal_R,Amygdala_R,0.1276,0.1269
Frontal_Inf_Orb_L,Rectus_R,0.1276,0.1269
Rectus_L,Postcentral_R,0.1276,0.1269
Frontal_Inf_Tri_R,Frontal_Med_Orb_L,0.1275,0.1269
Frontal_Sup_Orb_R,Cingulum_Mid_L,0.1275,0.1268
Frontal_Sup_Medial_L,Temporal_Pole_Sup_R,0.1274,0.1267
Occipital_Mid_L,Temporal_Pole_Sup_R,0.1274,0.1267
Temporal_Inf_L,Cerebelum_6_R,0.1273,0.1266
Supp_Motor_Area_L,Frontal_Med_Orb_R,0.1273,0.1266
Insula_R,Amygdala_L,0.1272,0.1265
Frontal_Mid_L,Temporal_Pole_Sup_L,0.1272,0.1265
Thalamus_R,Temporal_Pole_Sup_L,0.1272,0.1265
Putamen_R,Temporal_Mid_R,0.1272,0.1265
Frontal_Mid_Orb_R,Frontal_Inf_Oper_R,0.1271,0.1265
Precentral_L,Frontal_Sup_Orb_L,0.127,0.1264
Frontal_Sup_Orb_L,Postcentral_L,0.127,0.1263
Frontal_Mid_Orb_L,Calcarine_L,0.127,0.1263
Calcarine_L,Temporal_Inf_L,0.1267,0.1261
Frontal_Sup_Orb_L,Angular_R,0.1267,0.126
Frontal_Sup_Medial_L,Cerebelum_3_R,0.1267,0.126
Frontal_Sup_R,Cerebelum_3_R,0.1266,0.1259
Frontal_Med_Orb_L,Postcentral_L,0.1264,0.1258
Frontal_Sup_L,Frontal_Sup_Orb_R,0.1263,0.1256
Rectus_L,Calcarine_L,0.1263,0.1256
Cerebelum_6_L,Vermis_1_2,0.1263,0.1256
Frontal_Mid_Orb_R,Calcarine_R,0.1262,0.1256
Parietal_Sup_L,Pallidum_L,0.126,0.1253
Cuneus_L,Temporal_Pole_Sup_R,0.126,0.1254
Hippocampus_L,Temporal_Pole_Sup_L,0.126,0.1254
Frontal_Inf_Tri_L,Occipital_Mid_R,0.126,0.1253
Cingulum_Ant_R,Temporal_Inf_R,0.1258,0.1251
Frontal_Inf_Orb_L,Cerebelum_3_L,0.1257,0.125
Cerebelum_4_5_R,Vermis_6,0.1256,0.1249
Fusiform_L,Parietal_Sup_R,0.1256,0.1249
Caudate_L,Cerebelum_6_L,0.1252,0.1245
Frontal_Med_Orb_R,Postcentral_R,0.125,0.1243
Cingulum_Post_L,Temporal_Inf_L,0.125,0.1244
Occipital_Inf_L,Fusiform_R,0.1248,0.1242
Precentral_L,Frontal_Med_Orb_R,0.1247,0.1241
Heschl_R,Cerebelum_3_R,0.1247,0.1241
Frontal_Sup_Orb_R,Supp_Motor_Area_L,0.1246,0.1239
Amygdala_L,Cerebelum_6_L,0.1244,0.1238
Frontal_Med_Orb_L,Cuneus_L,0.1243,0.1237
Frontal_Inf_Orb_L,Parietal_Inf_R,0.124,0.1234
Temporal_Mid_R,Cerebelum_6_L,0.1239,0.1233
Frontal_Inf_Oper_L,Frontal_Med_Orb_R,0.1237,0.1231
Heschl_L,Vermis_3,0.1237,0.1231
Frontal_Sup_R,Cerebelum_6_L,0.1237,0.1231
Cingulum_Ant_R,Occipital_Inf_L,0.1235,0.1229
Frontal_Inf_Tri_L,Heschl_R,0.1234,0.1228
Frontal_Inf_Tri_R,Temporal_Pole_Sup_R,0.1232,0.1226
Cerebelum_6_L,Cerebelum_6_R,0.1231,0.1225
Rolandic_Oper_R,Olfactory_R,0.1231,0.1225
Olfactory_L,Frontal_Sup_Medial_L,0.123,0.1223
Occipital_Inf_L,Temporal_Sup_L,0.123,0.1223
Amygdala_L,Cerebelum_4_5_L,0.1229,0.1223
Lingual_R,Occipital_Inf_R,0.1229,0.1223
Frontal_Sup_Orb_R,Cingulum_Post_L,0.1229,0.1223
Frontal_Med_Orb_R,Cuneus_L,0.1227,0.122
Frontal_Inf_Tri_L,Cerebelum_4_5_R,0.1227,0.1221
Fusiform_L,Vermis_6,0.1227,0.1221
Temporal_Inf_L,Vermis_4_5,0.1226,0.122
Frontal_Inf_Orb_L,Precuneus_L,0.1224,0.1218
Frontal_Mid_Orb_L,Thalamus_R,0.1223,0.1217
Supp_Motor_Area_L,Frontal_Med_Orb_L,0.1222,0.1216
Frontal_Sup_Orb_L,Olfactory_L,0.1221,0.1215
Rolandic_Oper_R,Cerebelum_6_R,0.1221,0.1215
SupraMarginal_R,Cerebelum_3_R,0.1217,0.1211
Calcarine_R,Cerebelum_6_R,0.1215,0.1209
Supp_Motor_Area_R,Frontal_Med_Orb_R,0.1213,0.1207
Cingulum_Ant_R,Cerebelum_6_L,0.1212,0.1206
Frontal_Sup_Orb_R,Fusiform_R,0.1212,0.1206
Amygdala_L,Pallidum_L,0.1211,0.1205
Frontal_Med_Orb_R,Occipital_Inf_L,0.121,0.1205
Frontal_Mid_R,Frontal_Mid_Orb_R,0.121,0.1204
Frontal_Mid_L,Frontal_Med_Orb_R,0.1209,0.1203
Precuneus_R,Temporal_Pole_Sup_L,0.1209,0.1203
Frontal_Mid_Orb_L,Caudate_R,0.1209,0.1204
Frontal_Sup_Orb_L,Fusiform_R,0.1207,0.1201
Olfactory_L,Postcentral_R,0.1207,0.1201
Temporal_Inf_L,Vermis_3,0.1206,0.1201
Calcarine_R,Vermis_1_2,0.1206,0.12
Frontal_Sup_Orb_R,Olfactory_R,0.1206,0.12
Amygdala_L,Fusiform_R,0.1203,0.1198
SupraMarginal_L,Temporal_Inf_L,0.1201,0.1195
Frontal_Sup_Medial_R,Rectus_L,0.1201,0.1196
Frontal_Med_Orb_L,Postcentral_R,0.12,0.1194
Pallidum_R,Vermis_3,0.12,0.1194
Frontal_Mid_R,Vermis_3,0.1199,0.1194
Rectus_L,SupraMarginal_R,0.1199,0.1194
Temporal_Pole_Sup_L,Vermis_1_2,0.1199,0.1193
Heschl_R,Temporal_Inf_L,0.1198,0.1192
Frontal_Mid_Orb_R,Frontal_Sup_Medial_R,0.1198,0.1193
Frontal_Sup_Orb_R,Frontal_Mid_L,0.1197,0.1191
Occipital_Mid_L,Cerebelum_6_L,0.1195,0.119
ParaHippocampal_R,Temporal_Inf_L,0.1194,0.1188
Frontal_Sup_Orb_R,Cingulum_Mid_R,0.1194,0.1188
Frontal_Mid_Orb_L,Frontal_Inf_Oper_L,0.1194,0.1189
Occipital_Mid_R,Temporal_Inf_L,0.1194,0.1188
Paracentral_Lobule_R,Temporal_Pole_Sup_L,0.1194,0.1189
Precuneus_R,Cerebelum_3_R,0.1192,0.1186
Frontal_Med_Orb_L,Rectus_R,0.1191,0.1185
Frontal_Sup_Orb_L,Cerebelum_6_L,0.1191,0.1185
Amygdala_R,Temporal_Sup_R,0.119,0.1184
Heschl_R,Vermis_3,0.1189,0.1184
Angular_L,Cerebelum_3_R,0.1187,0.1181
Pallidum_L,Cerebelum_6_L,0.1186,0.118
Rolandic_Oper_R,Amygdala_L,0.1184,0.1178
Frontal_Inf_Oper_R,Cerebelum_3_L,0.1181,0.1175
Occipital_Sup_R,Temporal_Inf_R,0.1181,0.1175
Rectus_L,Temporal_Sup_L,0.1181,0.1175
Temporal_Pole_Sup_R,Vermis_6,0.118,0.1174
Frontal_Med_Orb_R,Angular_R,0.118,0.1174
Temporal_Sup_R,Cerebelum_6_L,0.1179,0.1173
Cingulum_Ant_L,Cerebelum_6_L,0.1179,0.1173
Frontal_Sup_R,Frontal_Mid_Orb_R,0.1179,0.1173
Frontal_Med_Orb_L,Angular_R,0.1177,0.1171
Occipital_Inf_L,Putamen_R,0.1176,0.1171
Cuneus_L,Temporal_Inf_R,0.1174,0.1169
Frontal_Sup_Orb_R,Temporal_Mid_L,0.1171,0.1166
Cuneus_R,Occipital_Inf_L,0.1171,0.1166
Occipital_Sup_L,Temporal_Inf_R,0.1171,0.1166
Amygdala_L,Putamen_L,0.117,0.1165
Frontal_Sup_Orb_R,SupraMarginal_L,0.1169,0.1164
Olfactory_L,Amygdala_L,0.1168,0.1162
Cerebelum_3_R,Vermis_6,0.1167,0.1162
Occipital_Mid_L,Temporal_Inf_R,0.1166,0.116
Frontal_Mid_Orb_L,Rectus_R,0.1165,0.116
Frontal_Mid_Orb_L,Calcarine_R,0.1165,0.1159
Frontal_Med_Orb_R,Cingulum_Mid_L,0.1165,0.1159
Frontal_Sup_Orb_R,Occipital_Sup_L,0.1164,0.1159
Frontal_Med_Orb_R,Vermis_3,0.1163,0.1158
Occipital_Inf_L,Temporal_Mid_L,0.1161,0.1156
Cingulum_Mid_L,Temporal_Inf_L,0.116,0.1155
Frontal_Mid_Orb_R,Frontal_Inf_Oper_L,0.1159,0.1154
Frontal_Med_Orb_R,Postcentral_L,0.1159,0.1154
Frontal_Mid_Orb_R,Supp_Motor_Area_L,0.1158,0.1153
Frontal_Sup_L,Cerebelum_6_L,0.1157,0.1151
Amygdala_L,Lingual_L,0.1156,0.1151
Frontal_Mid_Orb_R,Fusiform_R,0.1155,0.115
Occipital_Sup_L,Occipital_Inf_L,0.1155,0.115
Olfactory_L,Cerebelum_4_5_R,0.1154,0.1149
Rectus_R,Temporal_Pole_Sup_L,0.1154,0.1149
Amygdala_R,Temporal_Mid_L,0.1154,0.1149
Rolandic_Oper_L,Olfactory_R,0.1153,0.1148
Frontal_Med_Orb_L,SupraMarginal_L,0.1153,0.1148
Occipital_Sup_R,Pallidum_R,0.1153,0.1148
Occipital_Inf_L,Heschl_R,0.1152,0.1147
Frontal_Mid_R,Frontal_Mid_Orb_L,0.1152,0.1147
Frontal_Mid_Orb_L,Heschl_R,0.1152,0.1147
Rolandic_Oper_R,Vermis_1_2,0.1151,0.1146
Frontal_Mid_Orb_R,Caudate_L,0.115,0.1144
Amygdala_R,Vermis_4_5,0.115,0.1145
Supp_Motor_Area_R,Temporal_Inf_L,0.1149,0.1144
Frontal_Sup_Medial_R,Temporal_Inf_L,0.1148,0.1143
Olfactory_R,Amygdala_R,0.1148,0.1143
Olfactory_R,Hippocampus_R,0.1147,0.1142
Frontal_Med_Orb_L,Parietal_Inf_R,0.1144,0.1139
Frontal_Inf_Orb_L,Pallidum_R,0.1144,0.1139
Rectus_R,Caudate_L,0.1143,0.1138
Frontal_Mid_Orb_L,Caudate_L,0.1142,0.1137
Amygdala_L,Putamen_R,0.1141,0.1136
Frontal_Inf_Orb_L,Olfactory_L,0.114,0.1135
Rectus_L,Caudate_R,0.1138,0.1133
Cingulum_Mid_R,Temporal_Inf_L,0.1137,0.1132
Frontal_Med_Orb_R,Occipital_Sup_R,0.1137,0.1132
Thalamus_L,Temporal_Mid_R,0.1136,0.1132
Rectus_L,Cerebelum_4_5_L,0.1136,0.1131
Temporal_Pole_Sup_R,Temporal_Mid_L,0.1134,0.1129
Cingulum_Ant_L,Occipital_Inf_L,0.1134,0.1129
Amygdala_L,Cerebelum_3_R,0.1134,0.113
Frontal_Mid_Orb_L,Frontal_Inf_Oper_R,0.1133,0.1128
Supp_Motor_Area_R,Frontal_Med_Orb_L,0.1133,0.1128
Frontal_Sup_Orb_R,Cuneus_R,0.1133,0.1128
Supp_Motor_Area_L,Olfactory_L,0.113,0.1125
Temporal_Mid_L,Cerebelum_6_R,0.113,0.1125
Insula_L,Temporal_Inf_L,0.1129,0.1124
Precentral_R,Rectus_L,0.1129,0.1124
Precuneus_R,Temporal_Inf_L,0.1128,0.1123
Insula_L,Temporal_Inf_R,0.1128,0.1123
Frontal_Sup_R,Rectus_L,0.1128,0.1123
Calcarine_L,Cerebelum_6_R,0.1128,0.1124
Frontal_Mid_Orb_L,Pallidum_R,0.1127,0.1122
Rolandic_Oper_R,Occipital_Inf_R,0.1127,0.1123
Frontal_Mid_Orb_L,SupraMarginal_L,0.1125,0.112
Precuneus_L,Temporal_Inf_L,0.1125,0.112
Frontal_Inf_Tri_L,Cerebelum_3_L,0.1124,0.112
Hippocampus_L,Occipital_Inf_L,0.1123,0.1119
Frontal_Sup_L,Olfactory_L,0.1123,0.1118
Temporal_Pole_Sup_R,Cerebelum_3_L,0.1122,0.1118
Cerebelum_6_R,Vermis_3,0.1121,0.1116
Frontal_Sup_Medial_R,Temporal_Inf_R,0.112,0.1115
Frontal_Med_Orb_R,SupraMarginal_L,0.1119,0.1114
Temporal_Sup_R,Cerebelum_6_R,0.1119,0.1114
Rectus_L,Caudate_L,0.1116,0.1111
Occipital_Inf_L,Heschl_L,0.1114,0.111
Frontal_Sup_Orb_R,Postcentral_L,0.1112,0.1108
Frontal_Mid_Orb_L,Thalamus_L,0.1112,0.1108
Frontal_Med_Orb_R,Temporal_Mid_L,0.1111,0.1107
Occipital_Mid_R,Thalamus_R,0.1111,0.1106
Occipital_Sup_R,Cerebelum_6_L,0.1111,0.1106
Frontal_Sup_Medial_L,Cerebelum_6_L,0.111,0.1105
Rectus_L,Cingulum_Ant_R,0.111,0.1105
Frontal_Mid_R,Temporal_Pole_Sup_L,0.1107,0.1102
Frontal_Sup_Orb_R,Angular_L,0.1107,0.1103
Amygdala_R,Temporal_Sup_L,0.1106,0.1101
Amygdala_R,Cerebelum_4_5_L,0.1105,0.11
Frontal_Med_Orb_R,Pallidum_R,0.1105,0.1101
Olfactory_L,Heschl_R,0.1104,0.11
Frontal_Sup_Orb_R,Angular_R,0.1103,0.1099
Postcentral_R,Temporal_Inf_L,0.1102,0.1098
Frontal_Mid_L,Frontal_Med_Orb_L,0.1101,0.1097
Olfactory_R,Thalamus_L,0.1101,0.1096
Frontal_Mid_Orb_L,Amygdala_L,0.1099,0.1094
Hippocampus_L,Amygdala_L,0.1098,0.1094
Frontal_Med_Orb_R,Fusiform_R,0.1098,0.1094
Frontal_Sup_Orb_L,Temporal_Mid_L,0.1098,0.1093
Occipital_Mid_R,Occipital_Inf_L,0.1095,0.109
Frontal_Med_Orb_R,Cerebelum_6_L,0.1091,0.1087
Olfactory_L,SupraMarginal_R,0.109,0.1086
ParaHippocampal_L,Cerebelum_6_L,0.109,0.1085
Calcarine_L,Vermis_1_2,0.1089,0.1085
Frontal_Mid_Orb_L,Cuneus_L,0.1089,0.1085
Frontal_Inf_Orb_R,Hippocampus_R,0.1087,0.1082
Supp_Motor_Area_L,Rectus_L,0.1086,0.1082
Fusiform_R,Vermis_6,0.1086,0.1082
Cuneus_R,Temporal_Inf_R,0.1084,0.108
Frontal_Mid_Orb_L,Cingulum_Mid_L,0.1082,0.1078
Rectus_R,Heschl_L,0.1079,0.1074
Frontal_Inf_Oper_R,Olfactory_L,0.1078,0.1074
Olfactory_L,Occipital_Mid_R,0.1077,0.1073
Occipital_Inf_L,Cerebelum_3_R,0.1076,0.1072
Frontal_Inf_Orb_L,ParaHippocampal_R,0.1076,0.1072
Cuneus_L,Occipital_Inf_L,0.1074,0.107
Rectus_L,Temporal_Sup_R,0.1073,0.1069
Olfactory_L,Fusiform_L,0.1072,0.1068
Frontal_Mid_R,Cerebelum_4_5_R,0.1072,0.1068
Rectus_R,Pallidum_L,0.1072,0.1068
Frontal_Sup_Orb_L,Thalamus_R,0.107,0.1066
Occipital_Sup_L,Temporal_Pole_Sup_R,0.107,0.1066
Olfactory_R,Cingulum_Ant_R,0.107,0.1066
Occipital_Inf_L,Caudate_R,0.1069,0.1065
Cingulum_Post_L,Cerebelum_3_R,0.1069,0.1065
Precentral_L,Frontal_Sup_Orb_R,0.1068,0.1064
Frontal_Med_Orb_L,Parietal_Inf_L,0.1066,0.1062
Cingulum_Ant_L,Temporal_Inf_R,0.1065,0.1061
Amygdala_L,Calcarine_R,0.1065,0.1061
Occipital_Mid_R,Pallidum_L,0.1065,0.1061
Olfactory_L,Temporal_Mid_R,0.1065,0.1061
Frontal_Sup_Orb_R,Cingulum_Post_R,0.1064,0.106
Rectus_R,Caudate_R,0.1064,0.106
Precuneus_L,Cerebelum_3_R,0.1062,0.1058
Hippocampus_R,Temporal_Inf_L,0.1061,0.1057
Rolandic_Oper_L,Temporal_Inf_L,0.106,0.1056
Frontal_Sup_Orb_L,Paracentral_Lobule_L,0.106,0.1056
Frontal_Med_Orb_R,Cingulum_Mid_R,0.106,0.1056
Frontal_Mid_Orb_R,Thalamus_R,0.1057,0.1054
Frontal_Sup_Orb_L,Parietal_Inf_R,0.1057,0.1053
Occipital_Mid_R,Cerebelum_6_L,0.1056,0.1052
Parietal_Inf_L,Temporal_Inf_L,0.1056,0.1052
Frontal_Mid_Orb_R,Frontal_Sup_Medial_L,0.1055,0.1051
Cuneus_R,Temporal_Pole_Sup_R,0.1054,0.105
Frontal_Sup_Orb_R,Paracentral_Lobule_L,0.1054,0.105
Hippocampus_R,Temporal_Inf_R,0.1053,0.1049
Frontal_Mid_Orb_R,Vermis_3,0.1053,0.1049
Frontal_Med_Orb_R,Occipital_Mid_R,0.1052,0.1048
Amygdala_L,Calcarine_L,0.1052,0.1048
Heschl_L,Temporal_Mid_R,0.1052,0.1048
Rectus_L,Heschl_R,0.105,0.1046
Angular_R,Temporal_Pole_Sup_L,0.1049,0.1045
Frontal_Sup_Orb_R,Precuneus_L,0.1049,0.1045
Precuneus_L,Temporal_Pole_Sup_L,0.1049,0.1045
Frontal_Inf_Orb_R,Amygdala_L,0.1048,0.1044
Frontal_Sup_R,Temporal_Inf_R,0.1047,0.1043
Frontal_Sup_Medial_L,Temporal_Inf_L,0.1046,0.1042
Rectus_L,Cuneus_L,0.1045,0.1041
Frontal_Med_Orb_R,Occipital_Sup_L,0.1044,0.104
Frontal_Med_Orb_R,Cuneus_R,0.1044,0.1041
Putamen_R,Cerebelum_3_R,0.1043,0.1039
Frontal_Sup_Orb_L,Precuneus_R,0.1043,0.104
Rectus_L,Heschl_L,0.1042,0.1038
Occipital_Sup_L,Temporal_Inf_L,0.1042,0.1038
Heschl_L,Cerebelum_3_R,0.1041,0.1037
Cingulum_Post_R,Temporal_Pole_Sup_R,0.1041,0.1037
Putamen_R,Cerebelum_6_L,0.104,0.1037
Frontal_Sup_Medial_R,Cerebelum_6_L,0.1039,0.1036
Cingulum_Ant_R,Temporal_Inf_L,0.1037,0.1033
Amygdala_R,Cerebelum_3_R,0.1035,0.1032
Olfactory_L,Hippocampus_R,0.1035,0.1031
Olfactory_L,Putamen_R,0.1034,0.103
Frontal_Sup_Orb_L,Occipital_Mid_R,0.1034,0.103
Occipital_Inf_L,Pallidum_L,0.1034,0.103
Insula_L,Vermis_1_2,0.1033,0.103
Precentral_L,Frontal_Med_Orb_L,0.1032,0.1029
Frontal_Sup_L,Olfactory_R,0.1031,0.1027
Frontal_Sup_Orb_L,Amygdala_L,0.1028,0.1024
Frontal_Sup_Orb_L,Precuneus_L,0.1028,0.1024
Heschl_L,Temporal_Inf_L,0.1028,0.1024
Occipital_Inf_L,SupraMarginal_L,0.1027,0.1023
Postcentral_L,Temporal_Inf_L,0.1025,0.1022
Cingulum_Post_R,Temporal_Inf_L,0.1024,0.1021
Frontal_Inf_Oper_R,Rectus_L,0.1024,0.102
Frontal_Mid_Orb_R,Cuneus_L,0.1024,0.102
Pallidum_R,Cerebelum_3_L,0.1023,0.1019
ParaHippocampal_L,Amygdala_R,0.1022,0.1019
Paracentral_Lobule_L,Temporal_Inf_L,0.1022,0.1018
Frontal_Sup_L,Cerebelum_3_R,0.1021,0.1017
Frontal_Med_Orb_L,Cuneus_R,0.1021,0.1017
Amygdala_R,Lingual_L,0.102,0.1017
Frontal_Mid_Orb_R,Postcentral_R,0.1018,0.1015
Precentral_R,Frontal_Mid_Orb_R,0.1018,0.1014
Olfactory_L,Cuneus_R,0.1018,0.1014
Olfactory_R,ParaHippocampal_L,0.1017,0.1013
Frontal_Sup_Orb_L,Angular_L,0.1016,0.1012
Frontal_Med_Orb_R,Angular_L,0.1015,0.1012
Pallidum_R,Temporal_Pole_Sup_L,0.1015,0.1011
Frontal_Inf_Orb_L,Cerebelum_6_L,0.1013,0.1009
Rolandic_Oper_L,Temporal_Inf_R,0.1013,0.101
Frontal_Med_Orb_L,Cerebelum_4_5_L,0.1012,0.1008
Olfactory_L,Rectus_R,0.1012,0.1009
Putamen_L,Temporal_Inf_R,0.1011,0.1008
Frontal_Inf_Oper_L,Temporal_Pole_Sup_R,0.101,0.1007
Frontal_Mid_Orb_L,Occipital_Mid_L,0.1009,0.1006
Parietal_Sup_R,Cerebelum_3_L,0.1009,0.1006
Rectus_L,Cingulum_Mid_L,0.1008,0.1004
Amygdala_R,Putamen_R,0.1008,0.1005
Vermis_3,Vermis_6,0.1007,0.1004
Frontal_Med_Orb_R,Parietal_Inf_R,0.1006,0.1002
ParaHippocampal_L,Amygdala_L,0.1005,0.1001
Occipital_Inf_L,Temporal_Sup_R,0.1004,0.1
Frontal_Inf_Orb_R,Occipital_Mid_R,0.1003,0.1
Amygdala_L,Fusiform_L,0.1002,0.0999
Frontal_Mid_Orb_L,Fusiform_R,0.1002,0.0999
Frontal_Med_Orb_L,Occipital_Sup_R,0.1002,0.0999
Precentral_R,Olfactory_L,0.1001,0.0998
Frontal_Mid_Orb_R,Supp_Motor_Area_R,0.1,0.0997
Paracentral_Lobule_L,Cerebelum_3_R,0.0999,0.0996
Olfactory_R,Occipital_Sup_L,0.0998,0.0994
Frontal_Sup_Medial_R,Occipital_Inf_L,0.0997,0.0994
Temporal_Pole_Sup_L,Temporal_Inf_L,0.0997,0.0994
Temporal_Inf_L,Cerebelum_3_R,0.0996,0.0993
Frontal_Mid_Orb_R,SupraMarginal_R,0.0995,0.0992
Frontal_Med_Orb_L,Cingulum_Mid_R,0.0995,0.0992
Olfactory_L,Cerebelum_3_R,0.0993,0.099
Temporal_Pole_Sup_L,Temporal_Inf_R,0.0993,0.099
Frontal_Mid_Orb_R,Cingulum_Mid_L,0.0993,0.0989
Cerebelum_3_L,Cerebelum_6_R,0.0993,0.099
Frontal_Mid_Orb_R,Heschl_R,0.0992,0.0989
Parietal_Inf_R,Temporal_Pole_Sup_L,0.0988,0.0985
Frontal_Sup_Orb_L,Parietal_Inf_L,0.0988,0.0984
Supp_Motor_Area_R,Cerebelum_3_R,0.0987,0.0984
Frontal_Mid_Orb_L,Supp_Motor_Area_L,0.0986,0.0982
Vermis_1_2,Vermis_6,0.0986,0.0983
Frontal_Sup_R,Vermis_1_2,0.0986,0.0983
Frontal_Sup_R,Occipital_Inf_L,0.0985,0.0981
Olfactory_R,Fusiform_R,0.0984,0.098
Caudate_R,Cerebelum_6_L,0.0984,0.0981
Putamen_R,Temporal_Inf_R,0.0984,0.0981
Hippocampus_R,Cerebelum_6_L,0.0982,0.0979
Supp_Motor_Area_R,Olfactory_L,0.0981,0.0977
Frontal_Inf_Tri_L,Temporal_Pole_Sup_R,0.098,0.0977
Frontal_Med_Orb_L,Cingulum_Post_L,0.098,0.0976
Frontal_Sup_Orb_L,Thalamus_L,0.098,0.0977
Olfactory_R,Cerebelum_4_5_L,0.0977,0.0973
Frontal_Sup_R,Frontal_Mid_Orb_L,0.0977,0.0974
Insula_R,Occipital_Inf_R,0.0977,0.0974
Frontal_Sup_Medial_L,Temporal_Inf_R,0.0977,0.0974
Frontal_Mid_Orb_L,Cingulum_Ant_R,0.0976,0.0973
Olfactory_L,Paracentral_Lobule_L,0.0976,0.0973
Rolandic_Oper_R,Rectus_R,0.0975,0.0972
Frontal_Med_Orb_R,Fusiform_L,0.0975,0.0972
Precentral_L,Temporal_Inf_L,0.0973,0.097
Frontal_Med_Orb_L,Occipital_Sup_L,0.0973,0.097
Frontal_Mid_Orb_L,Postcentral_L,0.0971,0.0968
Rectus_L,Vermis_3,0.097,0.0967
Olfactory_R,Temporal_Mid_L,0.097,0.0967
Cerebelum_4_5_L,Vermis_6,0.0969,0.0966
Frontal_Inf_Tri_R,Cerebelum_3_L,0.0968,0.0965
ParaHippocampal_L,Vermis_1_2,0.0968,0.0965
Frontal_Med_Orb_L,Temporal_Mid_L,0.0968,0.0965
Temporal_Pole_Sup_L,Cerebelum_6_R,0.0968,0.0965
Amygdala_R,Cerebelum_6_L,0.0968,0.0965
Amygdala_R,Temporal_Mid_R,0.0967,0.0964
Amygdala_L,Caudate_R,0.0967,0.0964
Frontal_Med_Orb_R,Cingulum_Post_L,0.0965,0.0962
Frontal_Sup_Orb_L,Olfactory_R,0.0964,0.0961
Occipital_Inf_L,Angular_L,0.0964,0.0961
Olfactory_R,Cingulum_Ant_L,0.0962,0.0959
Paracentral_Lobule_R,Temporal_Inf_L,0.0962,0.0959
Lingual_L,Vermis_6,0.0962,0.0959
Precentral_R,Temporal_Inf_L,0.0962,0.0959
Supp_Motor_Area_L,Temporal_Inf_L,0.0959,0.0956
Rectus_L,Postcentral_L,0.0958,0.0955
Olfactory_R,ParaHippocampal_R,0.0958,0.0955
Olfactory_L,Paracentral_Lobule_R,0.0958,0.0955
Temporal_Pole_Sup_L,Temporal_Mid_R,0.0957,0.0954
Frontal_Mid_Orb_L,Cerebelum_4_5_L,0.0957,0.0954
Fusiform_L,Temporal_Inf_R,0.0957,0.0954
Frontal_Med_Orb_L,Cingulum_Mid_L,0.0956,0.0953
Insula_R,Cerebelum_6_R,0.0956,0.0953
Frontal_Med_Orb_L,Vermis_3,0.0956,0.0953
Frontal_Med_Orb_L,Cerebelum_4_5_R,0.0956,0.0953
Caudate_L,Temporal_Inf_L,0.0955,0.0952
Supp_Motor_Area_L,Olfactory_R,0.0955,0.0952
Amygdala_L,Temporal_Sup_R,0.0955,0.0952
Frontal_Inf_Orb_L,Amygdala_L,0.0954,0.0951
Olfactory_R,Calcarine_R,0.0952,0.0949
Temporal_Mid_R,Cerebelum_3_L,0.0951,0.0949
Paracentral_Lobule_L,Temporal_Pole_Sup_R,0.0951,0.0948
Frontal_Mid_L,Frontal_Mid_Orb_L,0.095,0.0947
Parietal_Sup_L,Temporal_Inf_L,0.0949,0.0946
Frontal_Inf_Tri_L,Olfactory_R,0.0949,0.0947
Rectus_L,Cerebelum_6_L,0.0948,0.0945
Cuneus_R,Cerebelum_6_L,0.0947,0.0944
Caudate_R,Temporal_Inf_L,0.0946,0.0943
Rolandic_Oper_L,Rectus_R,0.0945,0.0942
Frontal_Med_Orb_R,Amygdala_L,0.0945,0.0942
Amygdala_R,Calcarine_L,0.0944,0.0941
Olfactory_L,Occipital_Mid_L,0.0944,0.0941
Frontal_Med_Orb_L,Angular_L,0.0942,0.094
Frontal_Sup_Orb_R,Thalamus_L,0.0939,0.0936
Frontal_Mid_Orb_L,Vermis_3,0.0939,0.0936
SupraMarginal_R,Temporal_Inf_L,0.0938,0.0935
Cuneus_L,Cerebelum_6_L,0.0937,0.0935
Parietal_Sup_R,Pallidum_L,0.0937,0.0934
Supp_Motor_Area_L,Temporal_Pole_Sup_R,0.0936,0.0933
Olfactory_L,Postcentral_L,0.0936,0.0933
Olfactory_R,Frontal_Sup_Medial_L,0.0936,0.0934
Vermis_6,Vermis_7,0.0935,0.0932
Amygdala_R,Calcarine_R,0.0935,0.0932
Insula_L,Cerebelum_6_R,0.0934,0.0931
Occipital_Inf_L,Cerebelum_6_L,0.0934,0.0931
Frontal_Inf_Orb_L,Cerebelum_6_R,0.0934,0.0931
Occipital_Sup_R,Temporal_Inf_L,0.0933,0.0931
Heschl_L,Cerebelum_6_L,0.0931,0.0928
Rectus_L,Cerebelum_3_L,0.093,0.0927
Frontal_Mid_Orb_L,Postcentral_R,0.093,0.0927
Temporal_Sup_L,Cerebelum_6_R,0.093,0.0927
Rectus_L,Paracentral_Lobule_L,0.093,0.0928
Rectus_R,Cingulum_Ant_L,0.093,0.0927
Frontal_Inf_Orb_R,Parietal_Sup_L,0.0929,0.0927
Frontal_Med_Orb_R,Cingulum_Post_R,0.0929,0.0926
Frontal_Med_Orb_L,Paracentral_Lobule_L,0.0929,0.0926
Temporal_Sup_L,Vermis_1_2,0.0928,0.0925
Pallidum_L,Temporal_Inf_R,0.0928,0.0925
Amygdala_R,Lingual_R,0.0928,0.0926
Olfactory_L,ParaHippocampal_R,0.0926,0.0923
Postcentral_L,Temporal_Pole_Sup_R,0.0926,0.0924
Frontal_Inf_Orb_R,Cerebelum_3_L,0.0924,0.0922
Frontal_Inf_Oper_L,Cerebelum_3_R,0.0923,0.0921
Olfactory_R,Fusiform_L,0.0921,0.0918
Frontal_Med_Orb_L,Thalamus_R,0.0921,0.0919
Frontal_Inf_Orb_R,ParaHippocampal_L,0.0921,0.0918
Pallidum_L,Temporal_Inf_L,0.092,0.0917
Frontal_Sup_Orb_R,Paracentral_Lobule_R,0.092,0.0917
Cuneus_L,Cerebelum_6_R,0.0919,0.0917
Frontal_Mid_R,Cerebelum_6_L,0.0917,0.0915
Olfactory_R,Temporal_Pole_Sup_L,0.0917,0.0915
Frontal_Mid_Orb_L,Cuneus_R,0.0916,0.0914
Frontal_Med_Orb_L,Occipital_Mid_R,0.0916,0.0913
Frontal_Mid_Orb_R,Cingulum_Mid_R,0.0916,0.0913
Frontal_Sup_Orb_R,Thalamus_R,0.0916,0.0913
Caudate_R,Cerebelum_3_R,0.0916,0.0913
Rectus_R,Temporal_Pole_Sup_R,0.0916,0.0913
Rectus_R,Putamen_L,0.0915,0.0913
Temporal_Inf_R,Vermis_3,0.0915,0.0913
Frontal_Sup_Orb_R,Parietal_Inf_L,0.0915,0.0912
Frontal_Med_Orb_R,Cerebelum_3_L,0.0915,0.0913
Olfactory_R,Cuneus_R,0.0914,0.0912
Frontal_Inf_Orb_R,Rectus_R,0.0914,0.0912
Frontal_Sup_R,Olfactory_R,0.0914,0.0912
Frontal_Mid_Orb_R,Amygdala_R,0.0913,0.091
Occipital_Inf_L,SupraMarginal_R,0.091,0.0907
Supp_Motor_Area_L,Cerebelum_6_L,0.091,0.0907
Frontal_Inf_Orb_L,Temporal_Inf_L,0.091,0.0907
Frontal_Mid_R,Temporal_Inf_L,0.0909,0.0906
Frontal_Sup_Orb_R,Amygdala_L,0.0909,0.0906
Hippocampus_L,Amygdala_R,0.0908,0.0905
Frontal_Mid_R,Olfactory_L,0.0907,0.0905
Precentral_R,Temporal_Pole_Sup_R,0.0906,0.0903
Cingulum_Mid_L,Temporal_Pole_Sup_R,0.0906,0.0904
Olfactory_L,Cingulum_Mid_L,0.0904,0.0902
Olfactory_L,Occipital_Sup_R,0.0904,0.0901
Precentral_R,Frontal_Mid_Orb_L,0.0902,0.0899
Supp_Motor_Area_L,Cerebelum_3_R,0.0901,0.0899
Rectus_L,Occipital_Sup_R,0.09,0.0898
Occipital_Inf_R,Temporal_Pole_Sup_R,0.09,0.0897
Frontal_Inf_Orb_L,Occipital_Mid_R,0.09,0.0897
Caudate_L,Cerebelum_3_R,0.0899,0.0896
Calcarine_R,Vermis_6,0.0899,0.0897
Supp_Motor_Area_R,Rectus_L,0.0899,0.0896
Frontal_Sup_R,Cerebelum_6_R,0.0897,0.0895
Occipital_Inf_L,Caudate_L,0.0896,0.0894
Frontal_Inf_Orb_R,Temporal_Inf_L,0.0896,0.0894
Frontal_Inf_Oper_R,Cerebelum_3_R,0.0896,0.0894
ParaHippocampal_R,Temporal_Pole_Sup_R,0.0895,0.0892
Paracentral_Lobule_R,Cerebelum_3_R,0.0894,0.0891
Frontal_Med_Orb_L,Cingulum_Post_R,0.0892,0.0889
Frontal_Med_Orb_R,Temporal_Inf_R,0.0892,0.0889
Amygdala_L,Vermis_6,0.0891,0.0889
Cingulum_Ant_L,Temporal_Inf_L,0.0891,0.0889
Frontal_Sup_L,Temporal_Inf_L,0.0891,0.0889
Frontal_Sup_Orb_R,Parietal_Inf_R,0.0891,0.0889
Hippocampus_R,Temporal_Pole_Sup_L,0.089,0.0888
Frontal_Sup_Medial_R,Cerebelum_6_R,0.0889,0.0886
Amygdala_R,Temporal_Pole_Sup_L,0.0889,0.0887
Amygdala_L,Temporal_Pole_Mid_R,0.0886,0.0884
Amygdala_R,Cuneus_R,0.0886,0.0884
Amygdala_R,Cerebelum_6_R,0.0885,0.0883
Cingulum_Ant_R,Vermis_1_2,0.0883,0.0881
Rolandic_Oper_L,Amygdala_L,0.0882,0.088
Occipital_Sup_R,Vermis_1_2,0.0877,0.0875
Temporal_Pole_Sup_R,Temporal_Inf_L,0.0877,0.0874
Olfactory_R,Occipital_Mid_L,0.0876,0.0874
Parietal_Inf_R,Cerebelum_3_R,0.0875,0.0872
Frontal_Mid_Orb_R,SupraMarginal_L,0.0875,0.0872
ParaHippocampal_R,Occipital_Inf_L,0.0874,0.0872
Olfactory_L,SupraMarginal_L,0.0873,0.0871
Occipital_Sup_L,Cerebelum_6_L,0.0873,0.0871
Frontal_Sup_Medial_L,Rectus_L,0.0872,0.0869
Amygdala_R,Thalamus_R,0.0872,0.087
Frontal_Sup_Orb_L,Paracentral_Lobule_R,0.0872,0.087
Frontal_Mid_Orb_L,Amygdala_R,0.0872,0.087
Occipital_Inf_L,Vermis_3,0.087,0.0868
Frontal_Mid_Orb_R,Thalamus_L,0.087,0.0868
Frontal_Inf_Orb_R,Olfactory_L,0.0869,0.0867
Cerebelum_6_R,Vermis_1_2,0.0868,0.0866
Frontal_Mid_Orb_R,Cingulum_Post_R,0.0868,0.0865
Frontal_Med_Orb_L,Occipital_Inf_L,0.0866,0.0864
Olfactory_R,Hippocampus_L,0.0866,0.0864
ParaHippocampal_R,Temporal_Pole_Sup_L,0.0866,0.0864
Frontal_Inf_Tri_L,Rectus_R,0.0865,0.0863
Olfactory_R,Lingual_L,0.0864,0.0862
Amygdala_L,Caudate_L,0.0863,0.0861
ParaHippocampal_R,Cerebelum_6_L,0.0863,0.0861
Frontal_Med_Orb_R,Thalamus_R,0.0863,0.0861
Temporal_Mid_R,Cerebelum_6_R,0.0863,0.0861
Cingulum_Ant_R,Cerebelum_6_R,0.0862,0.0859
Occipital_Inf_R,Temporal_Inf_R,0.0861,0.0859
Temporal_Mid_R,Vermis_1_2,0.0861,0.0858
Frontal_Sup_L,Temporal_Inf_R,0.0861,0.0859
Rectus_L,Thalamus_L,0.0859,0.0857
Rolandic_Oper_L,Vermis_1_2,0.0858,0.0856
Insula_L,Amygdala_R,0.0857,0.0855
Frontal_Med_Orb_L,Cerebelum_6_L,0.0856,0.0854
Frontal_Mid_Orb_R,Heschl_L,0.0856,0.0854
Frontal_Inf_Orb_R,ParaHippocampal_R,0.0856,0.0854
Insula_R,Amygdala_R,0.0856,0.0854
Frontal_Mid_R,Olfactory_R,0.0856,0.0854
Olfactory_L,Cingulum_Mid_R,0.0855,0.0853
Olfactory_R,Cuneus_L,0.0854,0.0852
Amygdala_R,Vermis_3,0.0853,0.0851
Temporal_Sup_L,Vermis_6,0.0852,0.085
Frontal_Inf_Oper_L,Cerebelum_6_L,0.0852,0.085
Olfactory_R,Frontal_Sup_Medial_R,0.085,0.0848
Rectus_L,Cingulum_Mid_R,0.085,0.0848
Rectus_L,Paracentral_Lobule_R,0.085,0.0848
Olfactory_L,Occipital_Sup_L,0.0849,0.0847
Temporal_Inf_R,Cerebelum_6_L,0.0848,0.0846
Frontal_Mid_Orb_R,Cerebelum_6_L,0.0848,0.0846
Frontal_Mid_L,Olfactory_L,0.0848,0.0846
Frontal_Mid_Orb_L,SupraMarginal_R,0.0846,0.0844
Olfactory_L,Cuneus_L,0.0846,0.0844
Frontal_Mid_Orb_L,Cingulum_Mid_R,0.0845,0.0843
Cingulum_Mid_R,Cerebelum_3_R,0.0845,0.0843
Frontal_Sup_Orb_R,Hippocampus_L,0.0845,0.0843
Occipital_Mid_R,Thalamus_L,0.0845,0.0843
Frontal_Mid_Orb_L,Hippocampus_L,0.0844,0.0842
Postcentral_R,Temporal_Inf_R,0.0844,0.0842
Rectus_R,Temporal_Mid_L,0.0843,0.0841
Rectus_R,Cuneus_L,0.0841,0.0839
Cingulum_Ant_R,Amygdala_L,0.0841,0.0839
Occipital_Inf_L,Cerebelum_3_L,0.0841,0.0839
Frontal_Med_Orb_R,Parietal_Inf_L,0.0841,0.0839
Occipital_Sup_R,Occipital_Inf_L,0.0839,0.0837
Frontal_Mid_Orb_L,Frontal_Sup_Medial_R,0.0837,0.0835
Frontal_Inf_Oper_L,Rectus_R,0.0837,0.0835
Frontal_Mid_Orb_R,Amygdala_L,0.0837,0.0835
Supp_Motor_Area_R,Temporal_Pole_Sup_R,0.0835,0.0833
Occipital_Mid_R,Cerebelum_6_R,0.0834,0.0832
Frontal_Sup_Orb_L,Fusiform_L,0.0832,0.083
Frontal_Sup_Orb_R,Occipital_Inf_L,0.0832,0.0831
Occipital_Mid_R,Vermis_1_2,0.0831,0.0829
Frontal_Mid_Orb_L,Temporal_Sup_R,0.083,0.0828
Rectus_L,Temporal_Mid_R,0.0829,0.0827
Frontal_Inf_Orb_R,Cerebelum_6_L,0.0827,0.0825
Frontal_Inf_Oper_L,Temporal_Inf_L,0.0827,0.0825
Heschl_R,Cerebelum_6_L,0.0826,0.0824
Temporal_Mid_L,Vermis_1_2,0.0825,0.0823
Lingual_L,Occipital_Inf_R,0.0824,0.0822
Frontal_Inf_Oper_R,Olfactory_R,0.0824,0.0822
Rectus_L,Angular_R,0.0823,0.0821
Amygdala_R,Cerebelum_3_L,0.0823,0.0821
Hippocampus_R,Temporal_Pole_Sup_R,0.0822,0.082
Frontal_Inf_Orb_L,Olfactory_R,0.0819,0.0817
Frontal_Mid_L,Olfactory_R,0.0819,0.0817
Frontal_Mid_Orb_L,Paracentral_Lobule_L,0.0818,0.0816
Temporal_Mid_L,Temporal_Inf_R,0.0817,0.0815
Cingulum_Mid_R,Temporal_Pole_Sup_R,0.0817,0.0815
Frontal_Mid_L,Temporal_Inf_L,0.0817,0.0816
Hippocampus_R,Vermis_1_2,0.0817,0.0815
Occipital_Sup_R,Cerebelum_6_R,0.0817,0.0815
Cingulum_Post_L,Occipital_Inf_L,0.0817,0.0815
Postcentral_R,Cerebelum_3_R,0.0817,0.0815
Frontal_Sup_L,Temporal_Pole_Sup_R,0.0816,0.0814
Rectus_R,Cingulum_Ant_R,0.0816,0.0814
Frontal_Mid_Orb_L,Parietal_Inf_L,0.0816,0.0815
Occipital_Mid_L,Vermis_1_2,0.0813,0.0811
Cerebelum_Crus1_L,Cerebelum_6_L,0.0813,0.0811
Amygdala_L,Cerebelum_3_L,0.0813,0.0811
Olfactory_R,Cingulum_Post_R,0.0812,0.081
Olfactory_L,Thalamus_R,0.0812,0.081
Frontal_Mid_Orb_R,Temporal_Mid_L,0.081,0.0808
Frontal_Med_Orb_R,Thalamus_L,0.081,0.0808
Parietal_Inf_R,Temporal_Inf_L,0.0809,0.0807
Rectus_R,Heschl_R,0.0809,0.0808
Frontal_Inf_Oper_R,Cerebelum_6_L,0.0809,0.0807
Occipital_Mid_R,Heschl_L,0.0808,0.0806
Frontal_Sup_L,Frontal_Mid_Orb_L,0.0808,0.0806
Precentral_L,Frontal_Mid_Orb_R,0.0807,0.0805
Frontal_Sup_Orb_R,Precuneus_R,0.0807,0.0805
Rectus_L,Cuneus_R,0.0807,0.0805
Frontal_Med_Orb_R,Occipital_Inf_R,0.0807,0.0805
Precentral_L,Frontal_Mid_Orb_L,0.0806,0.0804
ParaHippocampal_L,Occipital_Inf_L,0.0805,0.0804
Frontal_Sup_L,Vermis_1_2,0.0803,0.0801
Occipital_Inf_R,Temporal_Mid_R,0.0803,0.0801
Precentral_L,Rectus_L,0.0801,0.0799
Rectus_L,Cingulum_Post_R,0.0801,0.0799
Frontal_Mid_Orb_R,Temporal_Sup_R,0.08,0.0798
Frontal_Sup_Orb_R,Fusiform_L,0.08,0.0798
Amygdala_R,Caudate_R,0.08,0.0799
Olfactory_R,Paracentral_Lobule_L,0.08,0.0799
Cingulum_Post_R,Cerebelum_6_L,0.0797,0.0795
Insula_L,Occipital_Inf_R,0.0797,0.0795
Calcarine_L,Occipital_Inf_R,0.0797,0.0796
Rectus_R,Calcarine_R,0.0796,0.0794
Olfactory_R,Occipital_Sup_R,0.0796,0.0794
Amygdala_R,Pallidum_L,0.0795,0.0793
Angular_L,Cerebelum_6_L,0.0795,0.0793
Olfactory_R,Frontal_Med_Orb_L,0.0795,0.0794
Olfactory_L,Amygdala_R,0.0795,0.0793
Frontal_Sup_Orb_L,Cerebelum_3_L,0.0794,0.0793
Olfactory_L,Temporal_Mid_L,0.0794,0.0792
Olfactory_L,Vermis_6,0.0793,0.0791
Frontal_Sup_Orb_L,Temporal_Mid_R,0.0793,0.0792
Rolandic_Oper_R,Amygdala_R,0.0792,0.0791
Frontal_Sup_Orb_L,Amygdala_R,0.0792,0.0791
Supp_Motor_Area_R,Olfactory_R,0.0791,0.079
Olfactory_L,Temporal_Inf_R,0.0791,0.0789
Frontal_Inf_Tri_R,Olfactory_L,0.0791,0.0789
Olfactory_R,Cingulum_Mid_R,0.079,0.0789
Rectus_L,Parietal_Inf_R,0.079,0.0788
Frontal_Inf_Oper_R,Temporal_Inf_R,0.0787,0.0785
Olfactory_R,SupraMarginal_L,0.0787,0.0785
Frontal_Mid_Orb_L,Temporal_Mid_L,0.0787,0.0785
Occipital_Inf_L,Angular_R,0.0785,0.0783
Occipital_Inf_L,Parietal_Inf_L,0.0783,0.0782
Occipital_Inf_L,Postcentral_L,0.0783,0.0781
Frontal_Inf_Orb_R,Temporal_Inf_R,0.0781,0.0779
Amygdala_R,Cuneus_L,0.0781,0.078
Frontal_Mid_Orb_R,Occipital_Mid_L,0.0781,0.0779
Occipital_Inf_R,Putamen_L,0.0781,0.0779
Cingulum_Post_R,Occipital_Inf_L,0.078,0.0778
Cerebelum_3_L,Vermis_6,0.078,0.0778
Frontal_Mid_Orb_R,Paracentral_Lobule_L,0.078,0.0778
Frontal_Mid_Orb_L,Cerebelum_3_L,0.078,0.0778
Frontal_Inf_Orb_L,Vermis_1_2,0.078,0.0779
Rectus_L,Occipital_Mid_L,0.0778,0.0777
Rectus_L,Occipital_Mid_R,0.0777,0.0775
Frontal_Med_Orb_R,Paracentral_Lobule_R,0.0777,0.0775
Olfactory_L,Cingulum_Post_R,0.0777,0.0776
Olfactory_L,Thalamus_L,0.0776,0.0774
Temporal_Inf_R,Cerebelum_6_R,0.0775,0.0773
Hippocampus_L,Occipital_Mid_R,0.0775,0.0773
Amygdala_L,Cerebelum_6_R,0.0775,0.0774
SupraMarginal_L,Cerebelum_3_R,0.0775,0.0773
Parietal_Inf_R,Temporal_Inf_R,0.0774,0.0772
Rectus_L,Cingulum_Post_L,0.0774,0.0772
Frontal_Med_Orb_R,Temporal_Pole_Mid_R,0.0773,0.0772
Amygdala_R,Occipital_Sup_L,0.0773,0.0772
Frontal_Med_Orb_R,Paracentral_Lobule_L,0.0773,0.0772
Frontal_Sup_Medial_R,Vermis_1_2,0.0772,0.0771
Frontal_Mid_Orb_L,Supp_Motor_Area_R,0.0772,0.077
Pallidum_R,Cerebelum_3_R,0.0772,0.077
Rectus_R,Pallidum_R,0.077,0.0768
Supp_Motor_Area_R,Cerebelum_6_L,0.077,0.0769
Cingulum_Mid_L,Cerebelum_3_R,0.077,0.0769
Frontal_Sup_L,Frontal_Mid_Orb_R,0.077,0.0768
ParaHippocampal_L,Occipital_Mid_R,0.0769,0.0767
Cingulum_Ant_L,Vermis_1_2,0.0769,0.0768
Olfactory_L,Angular_R,0.0769,0.0767
Putamen_L,Cerebelum_6_R,0.0768,0.0766
Angular_R,Vermis_1_2,0.0767,0.0765
Frontal_Med_Orb_R,Vermis_1_2,0.0766,0.0764
Olfactory_R,Vermis_4_5,0.0765,0.0763
Postcentral_L,Cerebelum_3_R,0.0765,0.0764
Occipital_Inf_L,Temporal_Inf_R,0.0765,0.0763
Temporal_Pole_Sup_L,Temporal_Pole_Mid_L,0.0764,0.0762
Parietal_Sup_L,Temporal_Pole_Sup_L,0.0764,0.0763
Frontal_Inf_Orb_L,Parietal_Sup_R,0.0763,0.0761
Olfactory_R,Rectus_L,0.0762,0.076
Frontal_Mid_Orb_L,Hippocampus_R,0.0761,0.076
Calcarine_R,Occipital_Inf_R,0.076,0.0758
Frontal_Med_Orb_L,Thalamus_L,0.076,0.0759
Frontal_Mid_Orb_L,Frontal_Sup_Medial_L,0.0759,0.0758
Rolandic_Oper_R,Vermis_6,0.0758,0.0756
Temporal_Pole_Mid_R,Cerebelum_4_5_R,0.0757,0.0756
Frontal_Sup_L,Rectus_L,0.0756,0.0755
Frontal_Inf_Orb_L,Amygdala_R,0.0756,0.0754
Olfactory_L,Occipital_Inf_R,0.0756,0.0754
Frontal_Mid_Orb_R,Postcentral_L,0.0755,0.0754
Frontal_Mid_R,Rectus_L,0.0755,0.0754
Cuneus_R,Cerebelum_6_R,0.0754,0.0752
Occipital_Inf_R,Caudate_R,0.0754,0.0753
Cingulum_Post_L,Temporal_Pole_Sup_R,0.0754,0.0752
Occipital_Inf_L,Postcentral_R,0.0753,0.0752
Frontal_Mid_Orb_L,Cingulum_Post_L,0.0752,0.0751
Occipital_Inf_L,Thalamus_L,0.0751,0.0749
Frontal_Inf_Tri_R,Olfactory_R,0.075,0.0748
Frontal_Mid_Orb_R,Fusiform_L,0.075,0.0749
Occipital_Inf_L,Pallidum_R,0.0749,0.0747
Occipital_Mid_L,Cerebelum_6_R,0.0749,0.0747
Thalamus_R,Cerebelum_6_L,0.0748,0.0746
Amygdala_R,Putamen_L,0.0748,0.0746
Frontal_Mid_Orb_R,Cingulum_Post_L,0.0748,0.0747
Paracentral_Lobule_R,Temporal_Pole_Sup_R,0.0747,0.0745
Frontal_Inf_Orb_L,Parietal_Sup_L,0.0746,0.0744
Frontal_Inf_Orb_R,Parietal_Sup_R,0.0744,0.0743
Frontal_Med_Orb_L,Amygdala_L,0.0742,0.0741
Parietal_Sup_R,Temporal_Inf_L,0.0742,0.074
Temporal_Pole_Sup_L,Temporal_Pole_Mid_R,0.0742,0.074
Hippocampus_L,Cerebelum_6_L,0.0738,0.0737
Frontal_Med_Orb_R,Precuneus_L,0.0737,0.0736
Putamen_L,Vermis_1_2,0.0737,0.0735
Precentral_L,Olfactory_L,0.0737,0.0736
Occipital_Mid_R,Cerebelum_3_L,0.0735,0.0733
Frontal_Mid_L,Cerebelum_6_L,0.0735,0.0734
Frontal_Mid_Orb_R,Cerebelum_4_5_L,0.0734,0.0732
Olfactory_R,Lingual_R,0.0734,0.0733
ParaHippocampal_R,Amygdala_L,0.0734,0.0732
Cingulum_Mid_L,Occipital_Inf_L,0.0733,0.0732
Occipital_Sup_R,Occipital_Inf_R,0.0733,0.0732
Amygdala_R,Occipital_Mid_L,0.0732,0.0731
Olfactory_R,Cerebelum_4_5_R,0.073,0.0728
Rolandic_Oper_L,Cerebelum_6_R,0.0729,0.0728
Frontal_Inf_Orb_R,Cerebelum_6_R,0.0729,0.0728
Paracentral_Lobule_R,Temporal_Inf_R,0.0729,0.0727
Frontal_Sup_Orb_R,Cerebelum_3_L,0.0728,0.0727
Temporal_Sup_L,Temporal_Inf_R,0.0728,0.0727
Rectus_R,Cuneus_R,0.0728,0.0727
Frontal_Sup_Medial_L,Occipital_Inf_L,0.0727,0.0725
Frontal_Mid_Orb_R,Pallidum_R,0.0727,0.0726
Olfactory_R,Postcentral_L,0.0727,0.0726
Cingulum_Ant_R,Occipital_Inf_R,0.0726,0.0725
Amygdala_R,Temporal_Inf_R,0.0726,0.0724
Heschl_R,Temporal_Inf_R,0.0725,0.0724
Frontal_Sup_Orb_L,Occipital_Inf_L,0.0723,0.0722
Parietal_Inf_R,Temporal_Pole_Sup_R,0.0723,0.0722
Frontal_Mid_Orb_L,Cingulum_Post_R,0.0722,0.0721
ParaHippocampal_L,Vermis_6,0.0722,0.0721
ParaHippocampal_L,Cerebelum_6_R,0.0722,0.0721
Temporal_Inf_L,Vermis_1_2,0.0722,0.0721
Frontal_Inf_Orb_L,Temporal_Mid_R,0.0721,0.072
SupraMarginal_L,Temporal_Pole_Sup_R,0.072,0.0718
Cuneus_L,Vermis_1_2,0.0719,0.0718
Frontal_Sup_Orb_L,Occipital_Inf_R,0.0718,0.0716
Cingulum_Ant_L,Cerebelum_6_R,0.0718,0.0717
Rectus_L,Precuneus_L,0.0718,0.0717
Frontal_Mid_L,Frontal_Mid_Orb_R,0.0717,0.0716
Thalamus_L,Cerebelum_6_L,0.0715,0.0714
Amygdala_L,Cuneus_L,0.0715,0.0714
Temporal_Pole_Sup_L,Vermis_6,0.0713,0.0711
Frontal_Med_Orb_L,Occipital_Inf_R,0.0712,0.0711
SupraMarginal_L,Cerebelum_6_L,0.0712,0.0711
Rectus_L,Precuneus_R,0.0711,0.0709
Precuneus_L,Temporal_Inf_R,0.0711,0.071
ParaHippocampal_L,Temporal_Inf_R,0.071,0.0709
Frontal_Inf_Orb_R,Temporal_Mid_R,0.071,0.0709
Frontal_Sup_Orb_R,Occipital_Sup_R,0.071,0.0709
Frontal_Sup_Medial_L,Cerebelum_6_R,0.0708,0.0707
Rectus_L,Occipital_Sup_L,0.0706,0.0705
Olfactory_R,Cingulum_Mid_L,0.0706,0.0705
Rectus_L,Parietal_Inf_L,0.0706,0.0705
Cingulum_Ant_L,Amygdala_L,0.0703,0.0702
Frontal_Inf_Tri_L,Cerebelum_6_L,0.0703,0.0702
Frontal_Inf_Tri_R,Rectus_L,0.0703,0.0702
Olfactory_L,Precuneus_L,0.0703,0.0701
Thalamus_R,Temporal_Pole_Sup_R,0.07,0.0699
Frontal_Sup_Medial_R,Rectus_R,0.07,0.0699
Frontal_Sup_Orb_R,Vermis_3,0.07,0.0699
Parietal_Inf_L,Cerebelum_3_R,0.0699,0.0698
Temporal_Mid_L,Vermis_6,0.0696,0.0695
Olfactory_L,Vermis_1_2,0.0696,0.0695
Thalamus_L,Temporal_Pole_Sup_R,0.0695,0.0694
Frontal_Inf_Oper_R,Temporal_Inf_L,0.0695,0.0694
Pallidum_R,Temporal_Mid_R,0.0694,0.0693
Occipital_Inf_R,Temporal_Sup_L,0.0694,0.0693
Rectus_L,Vermis_1_2,0.0693,0.0692
Rectus_R,Lingual_R,0.0692,0.0691
Frontal_Med_Orb_L,Paracentral_Lobule_R,0.069,0.0689
Temporal_Inf_R,Vermis_6,0.069,0.0689
Frontal_Sup_Orb_R,Amygdala_R,0.069,0.0689
Temporal_Mid_R,Temporal_Inf_L,0.0689,0.0688
Olfactory_L,Parietal_Inf_R,0.0688,0.0687
Rectus_L,Fusiform_L,0.0688,0.0687
Frontal_Sup_R,Rectus_R,0.0687,0.0686
Frontal_Mid_Orb_R,Angular_L,0.0684,0.0683
Rectus_L,Thalamus_R,0.0684,0.0683
Frontal_Inf_Oper_L,Olfactory_L,0.0684,0.0683
Parietal_Sup_R,Cerebelum_3_R,0.0683,0.0682
Frontal_Mid_Orb_R,Cerebelum_3_R,0.0682,0.0681
Parietal_Sup_L,Cerebelum_3_R,0.0681,0.068
Pallidum_R,Temporal_Pole_Sup_R,0.0681,0.0679
Postcentral_R,Cerebelum_6_L,0.068,0.0679
Frontal_Med_Orb_R,Cerebelum_6_R,0.068,0.0679
Amygdala_R,Vermis_1_2,0.068,0.0679
Precentral_R,Cerebelum_6_L,0.0679,0.0678
Frontal_Med_Orb_L,Fusiform_R,0.0678,0.0676
Paracentral_Lobule_L,Temporal_Inf_R,0.0677,0.0676
Postcentral_L,Cerebelum_6_L,0.0676,0.0675
Cingulum_Mid_R,Cerebelum_6_L,0.0676,0.0675
Occipital_Inf_R,Vermis_4_5,0.0675,0.0674
Cingulum_Mid_L,Cerebelum_6_L,0.0674,0.0673
Insula_R,Vermis_1_2,0.0673,0.0672
Frontal_Med_Orb_L,Temporal_Mid_R,0.0672,0.0671
Frontal_Mid_Orb_L,Fusiform_L,0.0672,0.0671
Rectus_R,Fusiform_R,0.0671,0.067
Frontal_Inf_Orb_R,Occipital_Inf_L,0.0671,0.067
Olfactory_L,Occipital_Inf_L,0.0671,0.067
Temporal_Inf_L,Cerebelum_6_L,0.067,0.0669
Rectus_R,Lingual_L,0.067,0.0669
Supp_Motor_Area_R,Occipital_Inf_L,0.067,0.0669
Hippocampus_R,Occipital_Inf_L,0.0669,0.0668
Olfactory_R,Angular_L,0.0669,0.0668
Olfactory_R,SupraMarginal_R,0.0669,0.0668
Occipital_Inf_R,Cerebelum_4_5_R,0.0668,0.0667
Frontal_Med_Orb_L,Precuneus_R,0.0667,0.0666
Frontal_Inf_Orb_R,Olfactory_R,0.0667,0.0666
Frontal_Inf_Tri_R,Temporal_Inf_R,0.0667,0.0666
Supp_Motor_Area_R,Temporal_Inf_R,0.0666,0.0665
Rectus_R,Calcarine_L,0.0666,0.0666
Occipital_Inf_R,Temporal_Sup_R,0.0665,0.0664
Frontal_Mid_Orb_L,Occipital_Sup_R,0.0663,0.0662
Frontal_Mid_L,Temporal_Pole_Sup_R,0.0663,0.0662
Olfactory_L,Vermis_3,0.0663,0.0662
Amygdala_L,Temporal_Mid_L,0.0663,0.0662
Rectus_R,Thalamus_L,0.0663,0.0662
Angular_R,Temporal_Inf_L,0.0662,0.0661
Pallidum_L,Cerebelum_6_R,0.0662,0.0661
Rolandic_Oper_L,Occipital_Inf_R,0.0661,0.066
Precentral_L,Cerebelum_6_L,0.0659,0.0658
Rectus_R,Vermis_4_5,0.0659,0.0658
Frontal_Med_Orb_L,Cerebelum_3_L,0.0658,0.0657
Frontal_Mid_Orb_L,Cerebelum_6_L,0.0657,0.0656
Amygdala_R,Thalamus_L,0.0657,0.0656
Frontal_Mid_Orb_R,Hippocampus_R,0.0657,0.0656
Frontal_Sup_L,Cerebelum_6_R,0.0656,0.0655
Amygdala_L,Vermis_1_2,0.0656,0.0655
Angular_L,Temporal_Pole_Sup_R,0.0655,0.0654
Frontal_Sup_R,Amygdala_R,0.0654,0.0653
Amygdala_L,Temporal_Mid_R,0.0653,0.0652
Rectus_R,Temporal_Sup_R,0.0653,0.0652
Frontal_Mid_Orb_L,Angular_L,0.0653,0.0652
Frontal_Sup_R,Vermis_6,0.0651,0.0651
Cingulum_Ant_L,Occipital_Inf_R,0.065,0.0649
Amygdala_R,Occipital_Sup_R,0.0649,0.0648
Frontal_Mid_Orb_R,Occipital_Inf_R,0.0646,0.0646
Precuneus_R,Cerebelum_6_L,0.0645,0.0644
Rectus_R,SupraMarginal_L,0.0645,0.0644
Rectus_L,SupraMarginal_L,0.0645,0.0645
Frontal_Mid_Orb_R,Precuneus_L,0.0645,0.0644
Frontal_Sup_Medial_L,Vermis_1_2,0.0643,0.0642
Frontal_Inf_Oper_L,Olfactory_R,0.0642,0.0642
Olfactory_L,Cerebelum_6_R,0.0642,0.0642
Frontal_Sup_Orb_R,Occipital_Mid_R,0.0642,0.0641
Temporal_Pole_Mid_R,Cerebelum_6_R,0.0641,0.064
Olfactory_R,Temporal_Pole_Sup_R,0.0641,0.064
Rectus_R,Cingulum_Post_L,0.0641,0.064
Hippocampus_R,Amygdala_L,0.064,0.0639
Precentral_R,Temporal_Inf_R,0.064,0.0639
Frontal_Sup_L,Occipital_Inf_L,0.0639,0.0638
Frontal_Mid_Orb_R,Occipital_Mid_R,0.0638,0.0637
Precentral_R,Occipital_Inf_L,0.0637,0.0636
Olfactory_R,Precuneus_R,0.0636,0.0635
Frontal_Mid_L,Rectus_L,0.0636,0.0635
Frontal_Inf_Oper_R,Rectus_R,0.0635,0.0635
Amygdala_L,Pallidum_R,0.0633,0.0632
Olfactory_R,Temporal_Mid_R,0.0633,0.0632
Occipital_Inf_L,Temporal_Pole_Sup_R,0.0632,0.0631
Hippocampus_R,Cerebelum_6_R,0.0632,0.0631
Insula_R,Vermis_6,0.0632,0.0631
Rectus_L,Amygdala_L,0.063,0.0629
Rectus_R,Occipital_Mid_L,0.063,0.0629
Olfactory_R,Cingulum_Post_L,0.0628,0.0628
ParaHippocampal_R,Cerebelum_6_R,0.0628,0.0628
Frontal_Med_Orb_L,Precuneus_L,0.0628,0.0627
Frontal_Mid_Orb_L,Precuneus_L,0.0627,0.0626
Frontal_Med_Orb_R,Amygdala_R,0.0627,0.0626
Rolandic_Oper_R,Temporal_Pole_Mid_R,0.0627,0.0626
Caudate_R,Temporal_Inf_R,0.0626,0.0625
Frontal_Mid_Orb_L,Olfactory_L,0.0626,0.0625
Frontal_Inf_Oper_L,Rectus_L,0.0623,0.0622
Frontal_Sup_Orb_R,Olfactory_L,0.0623,0.0622
Cingulum_Mid_R,Occipital_Inf_L,0.0622,0.0622
Precuneus_L,Cerebelum_6_L,0.0622,0.0621
Amygdala_R,Heschl_L,0.0622,0.0621
Frontal_Sup_Orb_L,Cerebelum_3_R,0.0622,0.0622
Frontal_Sup_Orb_R,ParaHippocampal_L,0.0621,0.062
Frontal_Inf_Tri_L,Temporal_Inf_L,0.062,0.0619
Rectus_R,Cingulum_Post_R,0.062,0.0619
Hippocampus_L,Cerebelum_6_R,0.0619,0.0618
Olfactory_L,Precuneus_R,0.0619,0.0618
Precuneus_R,Temporal_Pole_Sup_R,0.0617,0.0616
Pallidum_L,Vermis_1_2,0.0617,0.0617
Fusiform_R,Temporal_Pole_Mid_R,0.0616,0.0616
Putamen_R,Cerebelum_6_R,0.0614,0.0613
Amygdala_L,Occipital_Mid_L,0.0614,0.0613
Supp_Motor_Area_L,Temporal_Inf_R,0.0613,0.0612
Frontal_Mid_Orb_L,Occipital_Sup_L,0.0612,0.0612
Frontal_Mid_Orb_R,Precuneus_R,0.0612,0.0611
Frontal_Mid_Orb_R,Paracentral_Lobule_R,0.0608,0.0607
Olfactory_R,Precuneus_L,0.0608,0.0607
Frontal_Med_Orb_R,Precuneus_R,0.0608,0.0607
Heschl_L,Cerebelum_6_R,0.0608,0.0607
Frontal_Inf_Orb_R,Amygdala_R,0.0607,0.0606
Occipital_Inf_L,Cerebelum_Crus1_L,0.0607,0.0606
Lingual_R,Temporal_Pole_Mid_R,0.0606,0.0606
Cingulum_Post_R,Vermis_1_2,0.0606,0.0605
Cerebelum_Crus1_L,Vermis_7,0.0606,0.0605
Amygdala_R,Temporal_Inf_L,0.0606,0.0605
Amygdala_R,Occipital_Mid_R,0.0604,0.0603
Olfactory_R,Angular_R,0.0604,0.0604
Occipital_Sup_L,Vermis_1_2,0.0603,0.0602
Precentral_R,Rectus_R,0.0602,0.0601
Frontal_Inf_Oper_R,Occipital_Inf_R,0.0602,0.0601
Rectus_R,Angular_L,0.0601,0.06
Precuneus_L,Temporal_Pole_Sup_R,0.0599,0.0598
Occipital_Inf_L,Thalamus_R,0.0599,0.0599
Supp_Motor_Area_L,Occipital_Inf_L,0.0598,0.0598
Occipital_Inf_R,Putamen_R,0.0598,0.0597
Supp_Motor_Area_L,Rectus_R,0.0597,0.0596
Amygdala_R,Heschl_R,0.0596,0.0595
Temporal_Sup_R,Vermis_1_2,0.0595,0.0594
Frontal_Inf_Tri_R,Cerebelum_6_L,0.0595,0.0594
Frontal_Mid_Orb_L,Precuneus_R,0.0592,0.0592
Insula_L,Vermis_6,0.0592,0.0591
Frontal_Mid_Orb_L,Paracentral_Lobule_R,0.0592,0.0591
Thalamus_R,Vermis_1_2,0.0592,0.0591
Calcarine_L,Vermis_6,0.0591,0.059
Thalamus_L,Vermis_1_2,0.0591,0.059
Frontal_Inf_Orb_L,Temporal_Inf_R,0.0591,0.059
Temporal_Inf_L,Temporal_Inf_R,0.059,0.0589
Occipital_Sup_L,Cerebelum_6_R,0.059,0.0589
Frontal_Inf_Tri_R,Temporal_Inf_L,0.0589,0.0588
Caudate_L,Temporal_Inf_R,0.0588,0.0587
Frontal_Sup_L,Vermis_6,0.0587,0.0587
Occipital_Inf_L,Paracentral_Lobule_L,0.0586,0.0585
Cingulum_Post_L,Cerebelum_6_L,0.0585,0.0585
Occipital_Inf_R,Cerebelum_6_L,0.0585,0.0584
Cingulum_Post_L,Cerebelum_6_R,0.0584,0.0584
Cingulum_Mid_L,Temporal_Inf_R,0.0584,0.0583
Frontal_Med_Orb_L,Temporal_Pole_Mid_R,0.0584,0.0583
Pallidum_R,Cerebelum_6_L,0.0583,0.0582
Angular_L,Vermis_1_2,0.0583,0.0582
Temporal_Mid_R,Vermis_6,0.0583,0.0582
Frontal_Sup_Orb_R,Parietal_Sup_L,0.0582,0.0582
Amygdala_L,Temporal_Pole_Mid_L,0.0581,0.058
Occipital_Inf_L,Parietal_Inf_R,0.0578,0.0577
Frontal_Sup_Orb_R,Cerebelum_6_L,0.0577,0.0576
ParaHippocampal_R,Occipital_Inf_R,0.0576,0.0575
Frontal_Sup_Orb_L,Temporal_Pole_Mid_R,0.0575,0.0574
Paracentral_Lobule_L,Cerebelum_6_L,0.0575,0.0574
Amygdala_L,Occipital_Inf_L,0.0575,0.0574
Temporal_Sup_L,Temporal_Pole_Mid_L,0.0575,0.0575
Cuneus_L,Occipital_Inf_R,0.0575,0.0574
Amygdala_R,Occipital_Inf_L,0.0574,0.0573
Frontal_Mid_L,Rectus_R,0.0574,0.0573
Cuneus_R,Occipital_Inf_R,0.0573,0.0572
Precentral_L,Occipital_Inf_L,0.0573,0.0572
Precentral_L,Rectus_R,0.0573,0.0573
Frontal_Inf_Orb_L,Occipital_Inf_L,0.0571,0.057
Occipital_Inf_R,Pallidum_L,0.057,0.057
SupraMarginal_R,Cerebelum_6_L,0.0569,0.0568
Olfactory_L,Parietal_Inf_L,0.0568,0.0567
Cuneus_R,Vermis_1_2,0.0566,0.0565
Olfactory_R,Temporal_Inf_R,0.0563,0.0562
Frontal_Mid_Orb_R,Temporal_Inf_R,0.0563,0.0563
Temporal_Inf_R,Vermis_1_2,0.0559,0.0558
Olfactory_R,Occipital_Inf_L,0.0558,0.0557
Olfactory_R,Calcarine_L,0.0558,0.0557
Frontal_Inf_Orb_R,Vermis_6,0.0558,0.0557
Thalamus_L,Cerebelum_6_R,0.0556,0.0556
Cingulum_Post_R,Cerebelum_6_R,0.0555,0.0555
Hippocampus_L,Vermis_1_2,0.0555,0.0555
Rectus_R,Cingulum_Mid_L,0.0554,0.0554
Heschl_R,Cerebelum_6_R,0.0554,0.0553
Olfactory_L,Cingulum_Post_L,0.0553,0.0552
Cerebelum_Crus1_R,Cerebelum_6_R,0.0553,0.0552
Rectus_R,Occipital_Sup_L,0.0553,0.0552
Frontal_Mid_Orb_L,Angular_R,0.0552,0.0552
Precentral_R,Olfactory_R,0.0552,0.0551
Frontal_Sup_Orb_R,Occipital_Inf_R,0.055,0.0549
Frontal_Mid_R,Rectus_R,0.055,0.055
Frontal_Inf_Oper_L,Temporal_Inf_R,0.0548,0.0548
Olfactory_R,Temporal_Inf_L,0.0548,0.0547
Frontal_Sup_L,Rectus_R,0.0548,0.0548
Angular_L,Temporal_Inf_R,0.0548,0.0547
Temporal_Sup_R,Vermis_6,0.0548,0.0548
Rectus_R,Cerebelum_4_5_R,0.0546,0.0546
Frontal_Sup_Orb_L,Cerebelum_6_R,0.0546,0.0546
Occipital_Inf_L,Cerebelum_6_R,0.0544,0.0543
Amygdala_L,Cuneus_R,0.0544,0.0543
Frontal_Mid_Orb_R,Cerebelum_3_L,0.0544,0.0543
Frontal_Inf_Orb_R,Cerebelum_3_R,0.0542,0.0542
Frontal_Mid_Orb_R,Angular_R,0.0542,0.0541
Angular_R,Cerebelum_6_L,0.0542,0.0542
Temporal_Inf_R,Cerebelum_3_L,0.0542,0.0541
Frontal_Inf_Tri_R,Cerebelum_3_R,0.0541,0.054
Frontal_Inf_Oper_L,Occipital_Inf_L,0.0538,0.0538
ParaHippocampal_R,Vermis_6,0.0538,0.0537
Frontal_Sup_Orb_L,Vermis_1_2,0.0538,0.0538
Amygdala_R,Vermis_6,0.0538,0.0537
Rectus_L,Cerebelum_3_R,0.0537,0.0536
Rectus_L,Occipital_Inf_R,0.0537,0.0537
Olfactory_R,Cerebelum_3_R,0.0535,0.0535
Frontal_Med_Orb_L,Parietal_Sup_L,0.0535,0.0535
Rectus_L,Temporal_Mid_L,0.0535,0.0535
Frontal_Inf_Orb_R,Vermis_1_2,0.0534,0.0534
Occipital_Inf_R,Pallidum_R,0.0532,0.0531
Occipital_Inf_R,Cerebelum_4_5_L,0.0531,0.053
Frontal_Mid_R,Occipital_Inf_L,0.0531,0.0531
Heschl_R,Vermis_1_2,0.0529,0.0529
Heschl_L,Temporal_Pole_Mid_L,0.0529,0.0529
Amygdala_R,Temporal_Pole_Mid_R,0.0528,0.0528
Frontal_Mid_Orb_R,Temporal_Pole_Mid_R,0.0527,0.0526
Frontal_Med_Orb_L,Vermis_1_2,0.0526,0.0525
Frontal_Mid_Orb_R,Cuneus_R,0.0526,0.0526
Frontal_Sup_Orb_R,Hippocampus_R,0.0525,0.0525
Paracentral_Lobule_R,Cerebelum_6_L,0.0525,0.0524
Olfactory_R,Paracentral_Lobule_R,0.0524,0.0523
Supp_Motor_Area_R,Rectus_R,0.0524,0.0523
Olfactory_L,Cerebelum_3_L,0.0523,0.0522
Postcentral_L,Temporal_Inf_R,0.0523,0.0523
Rolandic_Oper_L,Amygdala_R,0.0522,0.0522
Frontal_Mid_Orb_L,Occipital_Mid_R,0.0519,0.0518
Frontal_Sup_Orb_L,Hippocampus_L,0.0518,0.0518
Occipital_Inf_L,Precuneus_L,0.0517,0.0517
Occipital_Inf_R,Cerebelum_Crus1_R,0.0515,0.0514
Caudate_R,Cerebelum_6_R,0.0515,0.0515
Rectus_L,Hippocampus_R,0.0514,0.0513
Hippocampus_L,Temporal_Pole_Mid_L,0.0514,0.0514
Pallidum_R,Temporal_Inf_L,0.0513,0.0513
Cerebelum_Crus1_L,Cerebelum_6_R,0.0512,0.0512
Rectus_R,Postcentral_L,0.0511,0.051
Cerebelum_Crus1_L,Cerebelum_Crus2_L,0.0511,0.0511
Precentral_R,Cerebelum_3_R,0.0511,0.0511
Rectus_L,Cerebelum_6_R,0.0509,0.0508
Frontal_Mid_Orb_L,Occipital_Inf_R,0.0508,0.0507
Frontal_Med_Orb_R,Temporal_Mid_R,0.0506,0.0505
Temporal_Pole_Mid_R,Vermis_6,0.0505,0.0505
Hippocampus_R,Occipital_Inf_R,0.0505,0.0504
Rectus_R,Temporal_Pole_Mid_R,0.0504,0.0504
Rectus_L,Temporal_Inf_R,0.0503,0.0502
Rectus_L,Temporal_Pole_Mid_R,0.0503,0.0502
Frontal_Med_Orb_L,Parietal_Sup_R,0.0502,0.0501
Precentral_L,Temporal_Pole_Sup_R,0.0501,0.05
Occipital_Inf_L,Temporal_Mid_R,0.0501,0.0501
Supp_Motor_Area_L,Vermis_1_2,0.0501,0.0501
Occipital_Inf_R,Heschl_R,0.05,0.0499
Olfactory_R,Postcentral_R,0.05,0.0499
Thalamus_R,Cerebelum_6_R,0.05,0.0499
Frontal_Med_Orb_L,Fusiform_L,0.05,0.05
Frontal_Sup_Medial_L,Rectus_R,0.0499,0.0498
Frontal_Mid_L,Occipital_Inf_L,0.0499,0.0498
Frontal_Sup_Orb_R,Temporal_Mid_R,0.0499,0.0499
Angular_R,Cerebelum_6_R,0.0497,0.0497
Supp_Motor_Area_L,Amygdala_R,0.0496,0.0495
Frontal_Sup_L,Amygdala_R,0.0496,0.0496
Rectus_R,Precuneus_L,0.0496,0.0495
Rectus_L,Pallidum_R,0.0495,0.0494
Heschl_L,Vermis_6,0.0494,0.0494
Frontal_Med_Orb_L,Hippocampus_L,0.0493,0.0493
Frontal_Sup_Medial_R,Vermis_6,0.0492,0.0491
Supp_Motor_Area_L,Amygdala_L,0.0491,0.0491
Rectus_R,Cingulum_Mid_R,0.049,0.049
Precuneus_R,Cerebelum_6_R,0.049,0.049
Parietal_Inf_R,Vermis_1_2,0.0486,0.0485
Frontal_Mid_L,Temporal_Inf_R,0.0484,0.0483
Olfactory_R,Occipital_Mid_R,0.0484,0.0484
Putamen_R,Vermis_6,0.0484,0.0484
SupraMarginal_R,Vermis_1_2,0.0484,0.0484
Supp_Motor_Area_R,Amygdala_R,0.0484,0.0484
Occipital_Inf_R,Heschl_L,0.0483,0.0482
Rectus_R,Postcentral_R,0.0483,0.0482
Frontal_Inf_Tri_R,Occipital_Inf_R,0.0483,0.0482
Frontal_Mid_Orb_L,ParaHippocampal_R,0.0482,0.0481
Hippocampus_R,Vermis_6,0.0482,0.0482
Amygdala_L,Heschl_R,0.0481,0.048
Temporal_Sup_R,Temporal_Pole_Mid_R,0.048,0.048
Frontal_Med_Orb_L,Amygdala_R,0.0479,0.0479
Rectus_R,Cerebelum_6_L,0.0478,0.0477
Frontal_Inf_Oper_L,Amygdala_L,0.0478,0.0477
Frontal_Sup_Orb_L,Temporal_Inf_R,0.0474,0.0473
Frontal_Sup_Orb_R,Temporal_Pole_Mid_R,0.0474,0.0474
Supp_Motor_Area_R,Amygdala_L,0.0474,0.0473
Rectus_R,Precuneus_R,0.0472,0.0471
Temporal_Inf_L,Vermis_6,0.0472,0.0472
Occipital_Inf_L,Precuneus_R,0.0471,0.0471
Frontal_Mid_Orb_R,Vermis_1_2,0.0471,0.0471
Precuneus_L,Cerebelum_6_R,0.0471,0.047
Occipital_Inf_L,Paracentral_Lobule_R,0.047,0.047
Cingulum_Mid_R,Temporal_Inf_R,0.0469,0.0469
Frontal_Sup_Medial_R,Amygdala_L,0.0467,0.0467
Rectus_L,Vermis_6,0.0467,0.0467
Amygdala_R,Angular_R,0.0466,0.0465
Frontal_Inf_Tri_R,Amygdala_L,0.0466,0.0466
Precuneus_R,Temporal_Inf_R,0.0465,0.0465
Frontal_Sup_Medial_R,Amygdala_R,0.0465,0.0465
Frontal_Inf_Tri_L,Cerebelum_3_R,0.0465,0.0465
Occipital_Inf_R,Cerebelum_6_R,0.0464,0.0463
Rectus_R,Thalamus_R,0.0464,0.0463
Occipital_Sup_R,Vermis_6,0.0463,0.0462
Cingulum_Post_L,Vermis_1_2,0.0462,0.0462
Pallidum_R,Temporal_Inf_R,0.0462,0.0462
Frontal_Inf_Orb_L,Vermis_6,0.0461,0.046
Temporal_Inf_L,Cerebelum_Crus1_L,0.0461,0.046
Frontal_Med_Orb_R,Temporal_Inf_L,0.046,0.0459
Amygdala_R,Vermis_7,0.0459,0.0459
Frontal_Inf_Tri_L,Temporal_Inf_R,0.0459,0.0458
Frontal_Mid_Orb_R,Hippocampus_L,0.0459,0.0459
Temporal_Inf_R,Vermis_7,0.0458,0.0457
Frontal_Mid_Orb_R,Occipital_Sup_L,0.0457,0.0457
Frontal_Mid_R,Temporal_Inf_R,0.0456,0.0455
Frontal_Inf_Tri_R,Rectus_R,0.0456,0.0456
Occipital_Inf_R,Fusiform_L,0.0455,0.0455
Putamen_R,Temporal_Pole_Mid_R,0.0454,0.0453
Putamen_L,Vermis_7,0.0453,0.0453
Frontal_Mid_Orb_R,Olfactory_L,0.0451,0.0451
Frontal_Sup_Orb_L,Parietal_Sup_R,0.0451,0.045
Frontal_Inf_Orb_L,Temporal_Pole_Mid_R,0.045,0.045
Frontal_Inf_Oper_R,Occipital_Inf_L,0.0449,0.0448
Rectus_R,Occipital_Sup_R,0.0449,0.0449
Amygdala_L,Parietal_Sup_R,-0.0447,-0.0446
Frontal_Inf_Tri_L,Amygdala_L,0.0447,0.0447
Occipital_Mid_R,Temporal_Pole_Mid_R,0.0447,0.0447
Temporal_Pole_Mid_R,Temporal_Inf_R,0.0444,0.0443
Rectus_R,Angular_R,0.0443,0.0443
Cerebelum_4_5_R,Vermis_7,0.0442,0.0441
Temporal_Pole_Mid_R,Cerebelum_3_R,0.0441,0.0441
Occipital_Inf_L,Vermis_1_2,0.0441,0.044
Frontal_Sup_Orb_R,Temporal_Inf_R,0.0441,0.0441
Frontal_Mid_Orb_L,Parietal_Inf_R,0.0439,0.0438
Frontal_Sup_Orb_L,Hippocampus_R,0.0438,0.0438
Frontal_Inf_Orb_R,Temporal_Pole_Mid_R,0.0437,0.0437
Cerebelum_3_R,Vermis_7,0.0436,0.0436
Frontal_Mid_R,Temporal_Pole_Sup_R,0.0436,0.0436
Supp_Motor_Area_R,Vermis_1_2,0.0435,0.0435
Occipital_Inf_R,Caudate_L,0.0433,0.0433
Frontal_Inf_Oper_R,Amygdala_L,0.0431,0.0431
Frontal_Mid_Orb_L,Temporal_Pole_Mid_R,0.0431,0.0431
Frontal_Sup_R,Amygdala_L,0.0431,0.0431
Frontal_Inf_Tri_L,Olfactory_L,0.043,0.043
Fusiform_R,Vermis_7,0.0429,0.0429
Frontal_Med_Orb_L,Temporal_Pole_Mid_L,0.0429,0.0428
Temporal_Pole_Mid_R,Vermis_4_5,0.0429,0.0428
Insula_R,Temporal_Pole_Mid_R,0.0429,0.0428
Thalamus_R,Temporal_Inf_R,0.0428,0.0428
Amygdala_R,Cerebelum_Crus1_L,0.0427,0.0427
Fusiform_L,Cerebelum_Crus1_L,0.0427,0.0427
Precentral_L,Olfactory_R,0.0426,0.0426
Parietal_Inf_L,Cerebelum_6_L,0.0426,0.0425
Amygdala_L,SupraMarginal_L,0.0425,0.0424
Occipital_Mid_L,Vermis_6,0.0424,0.0424
ParaHippocampal_L,Temporal_Pole_Sup_R,0.0424,0.0424
Frontal_Mid_R,Cerebelum_6_R,0.0424,0.0423
Temporal_Sup_L,Vermis_7,0.0423,0.0423
Rectus_R,Parietal_Inf_L,0.0422,0.0422
Olfactory_L,Temporal_Inf_L,0.0422,0.0422
Frontal_Mid_Orb_R,Parietal_Inf_R,0.0422,0.0421
Temporal_Pole_Sup_R,Temporal_Pole_Mid_L,0.0421,0.0421
Frontal_Mid_Orb_L,Olfactory_R,0.042,0.042
Angular_R,Temporal_Pole_Mid_R,0.0417,0.0417
Frontal_Sup_Medial_L,Amygdala_L,0.0417,0.0417
Cerebelum_6_L,Vermis_7,0.0416,0.0416
Rectus_R,SupraMarginal_R,0.0416,0.0415
Supp_Motor_Area_L,Cerebelum_6_R,0.0415,0.0415
Cuneus_L,Vermis_6,0.0415,0.0415
Frontal_Med_Orb_R,Cerebelum_3_R,0.0415,0.0414
Rectus_R,Vermis_3,0.0414,0.0414
Frontal_Med_Orb_L,Temporal_Inf_R,0.0414,0.0414
Occipital_Mid_R,Cerebelum_Crus1_R,0.0413,0.0413
Cingulum_Mid_L,Cerebelum_6_R,0.0413,0.0412
Frontal_Inf_Tri_L,Rectus_L,0.0412,0.0412
Frontal_Mid_Orb_R,Temporal_Mid_R,0.0412,0.0411
Frontal_Mid_Orb_R,Parietal_Inf_L,0.0412,0.0411
Precuneus_L,Vermis_1_2,0.041,0.041
Olfactory_R,Cerebelum_3_L,0.041,0.0409
Amygdala_R,Angular_L,0.0409,0.0409
Occipital_Inf_R,SupraMarginal_R,0.0409,0.0408
Frontal_Sup_L,Amygdala_L,0.0409,0.0409
Parietal_Inf_L,Temporal_Pole_Mid_R,-0.0408,-0.0408
Rectus_R,Fusiform_L,0.0407,0.0407
Frontal_Inf_Oper_R,Cerebelum_6_R,0.0407,0.0407
Amygdala_L,Thalamus_L,0.0406,0.0405
Rectus_R,Cerebelum_4_5_L,0.0406,0.0406
Supp_Motor_Area_R,Cerebelum_6_R,0.0405,0.0404
Rectus_R,Paracentral_Lobule_L,0.0405,0.0405
Frontal_Mid_Orb_L,Occipital_Inf_L,0.0404,0.0404
Rectus_L,ParaHippocampal_R,0.0404,0.0404
Amygdala_L,Occipital_Sup_R,0.0402,0.0401
Amygdala_R,SupraMarginal_R,0.0402,0.0401
Heschl_L,Temporal_Pole_Mid_R,0.0402,0.0401
Frontal_Mid_Orb_R,Occipital_Sup_R,0.0401,0.0401
Frontal_Mid_Orb_R,Olfactory_R,0.0401,0.0401
Temporal_Pole_Mid_L,Temporal_Pole_Mid_R,0.04,0.04
Rolandic_Oper_L,Cerebelum_Crus1_L,0.04,0.04
Heschl_L,Temporal_Inf_R,0.0399,0.0399
Frontal_Sup_Orb_R,Parietal_Sup_R,0.0399,0.0399
Calcarine_R,Temporal_Pole_Mid_R,0.0398,0.0398
Cingulum_Post_R,Occipital_Inf_R,0.0397,0.0396
Rectus_R,Occipital_Inf_R,0.0396,0.0395
Cingulum_Mid_R,Cerebelum_6_R,0.0396,0.0396
Rectus_L,Temporal_Pole_Mid_L,0.0396,0.0396
Precentral_L,Cerebelum_3_R,0.0395,0.0395
Occipital_Inf_R,Angular_R,0.0395,0.0395
Cerebelum_6_R,Vermis_7,0.0395,0.0395
Frontal_Mid_Orb_L,Temporal_Pole_Mid_L,0.0395,0.0394
Frontal_Med_Orb_L,Cerebelum_6_R,0.0395,0.0395
Thalamus_R,Vermis_6,0.0394,0.0394
Postcentral_R,Vermis_1_2,0.0394,0.0394
Olfactory_L,ParaHippocampal_L,0.0394,0.0393
Frontal_Mid_L,Cerebelum_6_R,0.0394,0.0393
Rolandic_Oper_L,Vermis_7,0.0393,0.0392
Frontal_Inf_Orb_R,Temporal_Pole_Mid_L,0.0393,0.0393
Frontal_Med_Orb_R,Parietal_Sup_L,0.0392,0.0392
Rectus_R,Amygdala_L,0.0392,0.0392
Rectus_L,Occipital_Inf_L,0.0388,0.0388
Parietal_Sup_R,Temporal_Inf_R,0.0388,0.0388
Occipital_Mid_L,Occipital_Inf_R,0.0386,0.0385
Parietal_Inf_L,Temporal_Pole_Sup_R,0.0385,0.0385
Occipital_Mid_R,Vermis_6,0.0384,0.0384
Cingulum_Post_R,Amygdala_L,0.0384,0.0384
Frontal_Sup_Orb_L,Parietal_Sup_L,0.0383,0.0383
Frontal_Inf_Tri_L,Occipital_Inf_L,0.0382,0.0381
Cerebelum_Crus2_R,Vermis_7,0.0381,0.0381
Temporal_Pole_Mid_R,Vermis_1_2,0.038,0.038
Occipital_Inf_L,Parietal_Sup_R,0.0379,0.0379
Olfactory_L,Temporal_Pole_Mid_R,0.0378,0.0378
Amygdala_L,Parietal_Sup_L,-0.0377,-0.0377
Temporal_Sup_L,Temporal_Pole_Mid_R,0.0376,0.0376
Olfactory_R,Vermis_3,0.0375,0.0374
ParaHippocampal_R,Vermis_7,0.0374,0.0374
Temporal_Pole_Mid_R,Cerebelum_3_L,0.0373,0.0373
Cerebelum_Crus1_L,Cerebelum_3_R,0.0373,0.0372
Frontal_Sup_Orb_R,Temporal_Inf_L,0.0373,0.0373
Rectus_L,Cerebelum_Crus1_R,0.0372,0.0372
Frontal_Med_Orb_R,Cerebelum_Crus1_R,0.0371,0.0371
Olfactory_R,Cerebelum_6_R,0.0371,0.0371
Cerebelum_Crus1_L,Vermis_6,0.0369,0.0369
Rectus_R,Hippocampus_L,0.0369,0.0368
Frontal_Inf_Orb_L,Occipital_Inf_R,0.0368,0.0368
Parietal_Sup_R,Temporal_Pole_Sup_L,0.0368,0.0368
Rectus_L,Parietal_Sup_L,0.0367,0.0367
Amygdala_L,Angular_R,0.0367,0.0366
Putamen_R,Temporal_Pole_Mid_L,0.0366,0.0366
Rectus_R,Cerebelum_3_R,0.0366,0.0366
Lingual_L,Temporal_Pole_Mid_R,0.0366,0.0366
Rectus_L,Angular_L,0.0365,0.0365
Precuneus_R,Vermis_1_2,0.0362,0.0361
Rectus_R,Vermis_6,0.036,0.0359
Parietal_Inf_L,Vermis_1_2,0.036,0.036
Rectus_R,Cerebelum_3_L,0.036,0.036
Cingulum_Post_R,Vermis_6,0.036,0.036
Thalamus_L,Vermis_6,0.0358,0.0358
Cingulum_Mid_L,Vermis_1_2,0.0357,0.0357
Rectus_L,Parietal_Sup_R,0.0356,0.0356
Rolandic_Oper_L,Temporal_Pole_Mid_L,0.0356,0.0356
Frontal_Sup_Medial_R,Occipital_Inf_R,0.0355,0.0355
Postcentral_R,Cerebelum_6_R,0.0355,0.0355
Caudate_R,Vermis_1_2,0.0354,0.0354
Putamen_L,Vermis_6,0.0353,0.0353
Lingual_R,Cerebelum_Crus1_R,0.0353,0.0353
Occipital_Inf_L,Occipital_Inf_R,0.035,0.035
Olfactory_R,Parietal_Inf_R,0.0348,0.0348
Occipital_Sup_L,Occipital_Inf_R,0.0347,0.0347
Temporal_Sup_L,Cerebelum_Crus1_L,0.0347,0.0347
Temporal_Mid_R,Vermis_7,0.0347,0.0347
Cerebelum_Crus1_L,Vermis_1_2,0.0345,0.0344
Cerebelum_Crus1_R,Vermis_7,0.0345,0.0345
Temporal_Pole_Mid_R,Vermis_3,0.0345,0.0345
Fusiform_L,Temporal_Pole_Mid_R,0.0344,0.0344
ParaHippocampal_R,Cerebelum_Crus1_L,0.0344,0.0344
Temporal_Pole_Sup_R,Vermis_7,0.0343,0.0343
Insula_L,Temporal_Pole_Mid_L,0.0342,0.0342
Frontal_Sup_Orb_R,Temporal_Pole_Mid_L,0.0342,0.0342
Frontal_Inf_Orb_L,Temporal_Pole_Mid_L,0.0342,0.0342
Amygdala_L,Occipital_Sup_L,0.0341,0.0341
Occipital_Inf_R,Thalamus_R,0.034,0.034
Olfactory_R,Amygdala_L,0.034,0.034
Rectus_R,Amygdala_R,0.0339,0.0339
Frontal_Mid_Orb_L,Temporal_Inf_L,0.0339,0.0339
Rectus_R,Temporal_Pole_Mid_L,0.0339,0.0338
SupraMarginal_R,Cerebelum_6_R,0.0339,0.0339
Occipital_Inf_R,Temporal_Pole_Sup_L,0.0334,0.0334
SupraMarginal_L,Cerebelum_Crus1_L,0.0333,0.0333
Cingulum_Mid_R,Amygdala_R,0.0332,0.0332
Frontal_Sup_R,Occipital_Inf_R,0.033,0.033
Olfactory_L,Parietal_Sup_L,0.033,0.033
Precentral_L,Temporal_Inf_R,0.033,0.033
Temporal_Mid_L,Temporal_Pole_Mid_L,0.0329,0.0329
Occipital_Inf_R,Vermis_3,0.0328,0.0328
Frontal_Mid_L,Cerebelum_3_R,0.0326,0.0326
Temporal_Inf_R,Cerebelum_Crus1_R,0.0325,0.0325
Lingual_L,Cerebelum_Crus1_L,0.0324,0.0324
Frontal_Sup_Medial_L,Vermis_6,0.0323,0.0322
Thalamus_L,Temporal_Inf_R,0.0323,0.0322
Heschl_L,Vermis_7,0.0322,0.0322
Olfactory_L,Angular_L,0.0322,0.0322
Frontal_Med_Orb_L,Cerebelum_3_R,0.0322,0.0322
Frontal_Mid_Orb_R,Cerebelum_6_R,0.0321,0.0321
Frontal_Sup_Orb_L,Temporal_Pole_Mid_L,0.032,0.032
Frontal_Mid_Orb_R,Vermis_6,0.0317,0.0317
Amygdala_L,Occipital_Mid_R,0.0316,0.0316
Putamen_L,Temporal_Pole_Mid_L,0.0316,0.0316
Occipital_Inf_R,Thalamus_L,0.0316,0.0316
Olfactory_R,Parietal_Inf_L,0.0316,0.0316
Frontal_Sup_Orb_R,Cerebelum_3_R,0.0313,0.0313
Insula_L,Temporal_Pole_Mid_R,0.0313,0.0313
Lingual_L,Vermis_7,0.0313,0.0313
Occipital_Sup_R,Temporal_Pole_Mid_R,0.0312,0.0312
Angular_L,Cerebelum_6_R,0.031,0.031
Insula_R,Temporal_Pole_Mid_L,0.031,0.0309
Precentral_R,Cerebelum_6_R,0.0309,0.0309
Pallidum_R,Cerebelum_Crus1_L,0.0309,0.0308
Putamen_R,Vermis_1_2,0.0308,0.0308
Rolandic_Oper_R,Vermis_7,0.0308,0.0308
Rolandic_Oper_L,Vermis_6,0.0308,0.0308
Cuneus_R,Vermis_6,0.0307,0.0306
Cingulum_Post_L,Amygdala_L,0.0307,0.0307
Cingulum_Post_L,Occipital_Inf_R,0.0306,0.0306
Rectus_R,Vermis_10,0.0306,0.0306
Frontal_Inf_Tri_R,Occipital_Inf_L,0.0306,0.0306
Amygdala_R,Caudate_L,0.0306,0.0306
Paracentral_Lobule_R,Vermis_1_2,0.0305,0.0305
Frontal_Med_Orb_R,Hippocampus_L,0.0304,0.0303
Pallidum_L,Temporal_Pole_Mid_L,0.0304,0.0304
Rectus_L,Amygdala_R,0.0304,0.0304
Cingulum_Ant_R,Amygdala_R,0.0303,0.0303
Frontal_Mid_Orb_L,Cerebelum_6_R,0.0303,0.0302
Frontal_Med_Orb_R,Parietal_Sup_R,0.0303,0.0302
Putamen_L,Cerebelum_Crus1_L,0.0301,0.0301
Cingulum_Post_L,Vermis_6,0.0301,0.0301
Frontal_Sup_Orb_R,Cerebelum_6_R,0.0301,0.0301
Rectus_R,ParaHippocampal_L,0.0301,0.0301
Heschl_R,Temporal_Pole_Mid_R,0.0301,0.0301
Frontal_Mid_Orb_L,Temporal_Inf_R,0.03,0.03
Frontal_Mid_Orb_R,Temporal_Pole_Mid_L,0.03,0.03
Occipital_Inf_R,Cerebelum_3_R,0.03,0.0299
Paracentral_Lobule_L,Vermis_1_2,0.03,0.03
Frontal_Inf_Orb_R,Vermis_7,0.0299,0.0299
Heschl_R,Vermis_6,0.0298,0.0298
Occipital_Inf_R,Temporal_Pole_Mid_R,0.0297,0.0297
Cerebelum_8_R,Vermis_8,0.0296,0.0296
Frontal_Mid_L,Amygdala_R,0.0295,0.0295
Lingual_R,Vermis_7,0.0293,0.0293
Frontal_Sup_Medial_L,Amygdala_R,0.0292,0.0292
Paracentral_Lobule_R,Cerebelum_6_R,0.0292,0.0292
Rectus_R,Paracentral_Lobule_R,0.029,0.029
Cerebelum_Crus2_L,Vermis_7,0.029,0.029
Caudate_L,Temporal_Pole_Mid_L,0.029,0.029
Frontal_Sup_Medial_L,Occipital_Inf_R,0.029,0.029
Cingulum_Ant_R,Vermis_6,0.0289,0.0289
Frontal_Mid_R,Vermis_1_2,0.0289,0.0289
Olfactory_R,Vermis_7,0.0289,0.0289
Frontal_Inf_Oper_L,Cerebelum_6_R,0.0288,0.0288
Pallidum_R,Vermis_7,0.0288,0.0288
Insula_L,Vermis_7,0.0287,0.0287
ParaHippocampal_L,Cerebelum_Crus1_L,0.0287,0.0287
Amygdala_R,Temporal_Pole_Mid_L,0.0286,0.0285
Pallidum_L,Vermis_7,0.0285,0.0285
Frontal_Med_Orb_R,Temporal_Pole_Mid_L,0.0284,0.0284
Frontal_Mid_Orb_L,Vermis_6,0.0284,0.0283
Occipital_Inf_L,Parietal_Sup_L,0.0283,0.0283
Amygdala_L,Temporal_Inf_R,0.0283,0.0283
Cingulum_Mid_R,Vermis_1_2,0.0283,0.0283
Precuneus_R,Vermis_6,0.0282,0.0282
Occipital_Inf_R,Temporal_Mid_L,0.0282,0.0282
Rectus_R,Temporal_Mid_R,0.0281,0.0281
SupraMarginal_L,Vermis_7,0.028,0.028
Heschl_L,Cerebelum_Crus1_L,0.028,0.028
Cerebelum_Crus1_L,Vermis_3,0.028,0.028
Cingulum_Post_L,Temporal_Inf_R,0.028,0.028
Amygdala_L,Angular_L,0.0279,0.0279
Parietal_Sup_R,Temporal_Pole_Mid_L,-0.0279,-0.0279
Amygdala_L,Temporal_Inf_L,0.0278,0.0278
Supp_Motor_Area_L,Vermis_6,0.0278,0.0278
Vermis_7,Vermis_8,0.0278,0.0278
Frontal_Mid_L,Vermis_1_2,0.0277,0.0277
Frontal_Mid_Orb_L,Vermis_1_2,0.0277,0.0277
Frontal_Mid_Orb_R,Temporal_Inf_L,0.0275,0.0275
Frontal_Mid_Orb_L,ParaHippocampal_L,0.0275,0.0275
Occipital_Inf_R,Postcentral_R,0.0274,0.0274
Precentral_L,Cerebelum_6_R,0.0274,0.0274
Parietal_Sup_L,Temporal_Pole_Mid_R,-0.0273,-0.0273
Temporal_Mid_L,Cerebelum_Crus1_L,0.0273,0.0273
Caudate_R,Vermis_6,0.0272,0.0272
Frontal_Sup_Orb_R,Vermis_10,0.0271,0.0271
Hippocampus_L,Temporal_Inf_R,0.0271,0.0271
Calcarine_L,Temporal_Pole_Mid_R,0.0269,0.0269
Insula_R,Vermis_7,0.0269,0.0269
SupraMarginal_L,Vermis_1_2,0.0268,0.0268
Amygdala_L,Parietal_Inf_R,-0.0268,-0.0268
Frontal_Mid_L,Vermis_6,0.0268,0.0268
SupraMarginal_L,Temporal_Inf_R,0.0268,0.0268
Cingulum_Mid_L,Amygdala_R,0.0268,0.0268
Amygdala_L,Occipital_Inf_R,0.0267,0.0267
Frontal_Inf_Orb_L,Cerebelum_Crus1_L,0.0267,0.0267
Frontal_Mid_Orb_R,Cerebelum_Crus1_R,0.0265,0.0265
Temporal_Pole_Mid_L,Cerebelum_6_L,0.0264,0.0264
Putamen_R,Vermis_7,0.0264,0.0264
Parietal_Sup_R,Vermis_1_2,0.0264,0.0264
Frontal_Inf_Oper_L,Occipital_Inf_R,0.0264,0.0264
Amygdala_R,Occipital_Inf_R,0.0263,0.0263
Caudate_R,Temporal_Pole_Mid_R,0.0262,0.0262
Rectus_R,ParaHippocampal_R,0.0262,0.0262
Precentral_R,Vermis_1_2,0.0261,0.026
Frontal_Med_Orb_L,Vermis_6,0.0261,0.0261
Rectus_R,Cerebelum_Crus1_R,0.0261,0.0261
Vermis_1_2,Vermis_10,0.026,0.026
Occipital_Inf_R,SupraMarginal_L,0.0259,0.0259
Olfactory_R,Vermis_10,0.0256,0.0256
Frontal_Mid_R,Cerebelum_Crus1_L,0.0256,0.0256
Cuneus_L,Vermis_10,0.0255,0.0255
Hippocampus_L,Vermis_6,0.0255,0.0255
Frontal_Inf_Orb_L,Vermis_7,0.0254,0.0254
Amygdala_L,Thalamus_R,0.0254,0.0254
Cerebelum_Crus1_L,Cerebelum_4_5_L,0.0254,0.0254
Occipital_Mid_R,Pallidum_R,0.0253,0.0253
Frontal_Sup_Orb_L,Temporal_Inf_L,0.0253,0.0253
Olfactory_L,Cerebelum_Crus1_R,0.0253,0.0253
Frontal_Mid_Orb_L,Vermis_7,0.0251,0.0251
Temporal_Pole_Mid_L,Vermis_4_5,0.0251,0.0251
Temporal_Pole_Sup_L,Cerebelum_Crus1_L,0.025,0.025
Caudate_L,Vermis_6,0.025,0.025
Frontal_Mid_Orb_R,Occipital_Inf_L,0.025,0.025
Parietal_Inf_L,Cerebelum_Crus1_R,-0.0249,-0.0249
Frontal_Mid_R,Occipital_Inf_R,0.0249,0.0249
Fusiform_R,Cerebelum_Crus1_L,0.0249,0.0249
Temporal_Pole_Mid_R,Cerebelum_4_5_L,0.0249,0.0249
Postcentral_L,Temporal_Pole_Mid_R,-0.0249,-0.0249
Fusiform_L,Vermis_7,0.0248,0.0248
Frontal_Mid_Orb_R,ParaHippocampal_L,0.0248,0.0248
Hippocampus_L,Cerebelum_Crus1_L,0.0248,0.0248
Frontal_Sup_Orb_L,Vermis_6,0.0247,0.0247
Cerebelum_Crus1_R,Cerebelum_Crus2_R,0.0247,0.0247
Supp_Motor_Area_R,Vermis_10,0.0247,0.0247
Frontal_Mid_Orb_L,Cerebelum_Crus1_R,0.0245,0.0245
Parietal_Inf_R,Temporal_Pole_Mid_L,-0.0244,-0.0244
ParaHippocampal_L,Occipital_Inf_R,0.0244,0.0244
Pallidum_R,Temporal_Pole_Mid_L,0.0243,0.0243
Temporal_Pole_Mid_R,Cerebelum_6_L,0.0243,0.0243
Temporal_Mid_R,Temporal_Pole_Mid_R,0.0241,0.0241
Rectus_R,Occipital_Inf_L,0.0241,0.0241
Frontal_Med_Orb_L,Vermis_10,0.0241,0.0241
Frontal_Sup_R,Cerebelum_Crus1_L,0.0241,0.0241
Cingulum_Post_L,Amygdala_R,0.024,0.024
Frontal_Sup_Orb_L,Cerebelum_Crus1_R,0.024,0.024
SupraMarginal_L,Temporal_Pole_Mid_R,-0.0238,-0.0238
Olfactory_L,Parietal_Sup_R,0.0238,0.0238
Olfactory_R,Temporal_Pole_Mid_R,0.0237,0.0237
Thalamus_L,Temporal_Pole_Mid_R,-0.0237,-0.0237
Cerebelum_8_L,Vermis_8,0.0237,0.0237
Temporal_Mid_L,Vermis_10,0.0237,0.0237
Rectus_R,Temporal_Inf_L,0.0236,0.0236
Vermis_8,Vermis_9,0.0235,0.0235
Frontal_Sup_Orb_L,Vermis_7,0.0235,0.0235
Cingulum_Mid_R,Amygdala_L,0.0235,0.0235
Hippocampus_R,Vermis_7,0.0235,0.0235
Olfactory_R,Cerebelum_6_L,0.0235,0.0234
Occipital_Inf_R,Vermis_6,0.0235,0.0234
Cerebelum_Crus2_L,Cerebelum_Crus2_R,0.0234,0.0234
Vermis_9,Vermis_10,0.0234,0.0233
Rectus_L,Vermis_10,0.0234,0.0234
Temporal_Mid_L,Vermis_7,0.0233,0.0233
Frontal_Med_Orb_L,Temporal_Inf_L,0.0232,0.0232
Temporal_Mid_R,Cerebelum_Crus1_R,0.0231,0.0231
Parietal_Sup_L,Temporal_Inf_R,0.023,0.023
Angular_R,Vermis_6,0.023,0.023
SupraMarginal_L,Cerebelum_6_R,0.0229,0.0229
Cuneus_R,Vermis_10,0.0228,0.0228
Parietal_Sup_L,Vermis_1_2,0.0228,0.0228
Vermis_4_5,Vermis_7,0.0228,0.0228
Frontal_Inf_Oper_L,Temporal_Pole_Mid_R,-0.0227,-0.0227
Olfactory_R,Temporal_Pole_Mid_L,0.0227,0.0227
Cerebelum_Crus1_L,Cerebelum_3_L,0.0226,0.0226
Caudate_R,Temporal_Pole_Mid_L,0.0225,0.0225
Heschl_R,Vermis_7,0.0225,0.0225
Occipital_Mid_R,Vermis_7,0.0224,0.0224
Thalamus_L,Vermis_7,0.0224,0.0224
Olfactory_L,Pallidum_R,0.0223,0.0223
Parietal_Inf_R,Cerebelum_Crus1_R,-0.0222,-0.0222
Temporal_Pole_Mid_L,Cerebelum_4_5_R,0.0222,0.0222
Parietal_Sup_L,Cerebelum_6_L,0.022,0.022
Pallidum_L,Vermis_6,0.0219,0.0219
Hippocampus_L,Cerebelum_Crus1_R,-0.0219,-0.0219
Rectus_R,Temporal_Inf_R,0.0218,0.0218
Paracentral_Lobule_L,Cerebelum_Crus1_R,-0.0217,-0.0217
Rectus_R,Cerebelum_6_R,0.0216,0.0216
Rectus_R,Hippocampus_R,0.0216,0.0216
Amygdala_R,Paracentral_Lobule_L,0.0214,0.0213
Frontal_Mid_Orb_L,Temporal_Mid_R,0.0214,0.0214
Cuneus_R,Vermis_7,0.0212,0.0212
Amygdala_L,Paracentral_Lobule_R,0.0212,0.0212
Caudate_R,Vermis_7,0.0212,0.0212
Thalamus_L,Cerebelum_Crus1_L,0.0212,0.0212
Frontal_Med_Orb_L,Vermis_7,0.0211,0.0211
ParaHippocampal_L,Temporal_Pole_Mid_R,0.0211,0.0211
Amygdala_R,Cerebelum_9_R,0.0211,0.0211
Temporal_Sup_L,Vermis_10,0.021,0.021
Temporal_Pole_Mid_R,Temporal_Inf_L,0.021,0.021
Frontal_Sup_L,Cerebelum_Crus1_L,0.021,0.0209
Calcarine_R,Vermis_7,0.021,0.021
Amygdala_R,Parietal_Inf_L,-0.0209,-0.0209
Frontal_Inf_Orb_R,Occipital_Inf_R,0.0209,0.0209
Calcarine_L,Vermis_10,0.0209,0.0209
Frontal_Inf_Tri_L,Occipital_Inf_R,0.0209,0.0209
Angular_R,Cerebelum_Crus2_L,-0.0207,-0.0207
Pallidum_R,Cerebelum_6_R,-0.0207,-0.0207
Vermis_6,Vermis_8,0.0207,0.0207
Insula_L,Cerebelum_Crus1_L,0.0207,0.0207
Olfactory_R,Cerebelum_Crus1_L,0.0206,0.0206
Caudate_L,Cerebelum_6_R,0.0206,0.0206
Pallidum_L,Cerebelum_Crus1_R,0.0205,0.0205
Frontal_Inf_Orb_R,Cerebelum_Crus1_L,0.0205,0.0205
Rolandic_Oper_R,Cerebelum_Crus1_R,0.0205,0.0205
Fusiform_L,Cerebelum_Crus2_R,-0.0204,-0.0204
Hippocampus_L,Temporal_Pole_Sup_R,0.0204,0.0204
Temporal_Sup_R,Vermis_7,0.0204,0.0204
Thalamus_R,Temporal_Pole_Mid_R,-0.0204,-0.0204
Temporal_Inf_L,Cerebelum_Crus2_L,0.0203,0.0203
Pallidum_R,Vermis_1_2,-0.0203,-0.0203
Cerebelum_6_R,Cerebelum_9_R,0.0203,0.0203
Vermis_1_2,Vermis_7,0.0203,0.0203
Paracentral_Lobule_L,Cerebelum_6_R,0.0202,0.0202
Supp_Motor_Area_L,Vermis_10,0.0202,0.0202
Frontal_Sup_Orb_R,ParaHippocampal_R,0.0201,0.0201
Precentral_R,Cerebelum_Crus1_R,-0.0201,-0.0201
SupraMarginal_L,Vermis_6,-0.02,-0.02
Cingulum_Ant_R,Cerebelum_Crus1_R,0.02,0.02
Parietal_Inf_R,Cerebelum_6_L,0.0199,0.0199
Occipital_Sup_L,Vermis_10,0.0199,0.0199
Parietal_Sup_L,Temporal_Pole_Mid_L,-0.0199,-0.0199
Frontal_Mid_L,Vermis_10,0.0198,0.0197
Cerebelum_Crus1_L,Vermis_4_5,0.0197,0.0197
Frontal_Mid_Orb_R,ParaHippocampal_R,0.0197,0.0197
Cingulum_Ant_L,Cerebelum_Crus1_R,0.0196,0.0196
Frontal_Sup_R,Vermis_8,0.0196,0.0196
Precentral_R,Occipital_Inf_R,0.0196,0.0196
Olfactory_R,Occipital_Inf_R,0.0196,0.0196
Putamen_L,Temporal_Pole_Mid_R,0.0196,0.0196
Temporal_Pole_Mid_R,Vermis_7,0.0196,0.0195
Cerebelum_4_5_L,Cerebelum_9_R,0.0196,0.0196
Frontal_Med_Orb_L,Cerebelum_Crus1_R,0.0195,0.0195
Pallidum_L,Cerebelum_Crus1_L,0.0195,0.0195
Pallidum_R,Vermis_10,0.0195,0.0195
Cerebelum_Crus1_L,Cerebelum_4_5_R,0.0195,0.0195
Temporal_Sup_R,Vermis_10,0.0194,0.0194
Angular_R,Vermis_10,0.0194,0.0194
Olfactory_L,Temporal_Pole_Mid_L,0.0193,0.0193
Rolandic_Oper_L,Temporal_Pole_Mid_R,0.0193,0.0193
Cingulum_Mid_R,Occipital_Inf_R,0.0193,0.0193
Precentral_R,Vermis_10,0.0193,0.0193
Postcentral_R,Cerebelum_Crus1_R,-0.0193,-0.0193
Calcarine_R,Vermis_10,0.0192,0.0192
Caudate_L,Vermis_7,0.019,0.019
Cingulum_Post_R,Temporal_Inf_R,0.019,0.019
Olfactory_R,Cerebelum_Crus1_R,0.019,0.019
Olfactory_L,Vermis_7,0.019,0.019
Cerebelum_6_L,Cerebelum_9_R,0.0189,0.0189
Frontal_Inf_Oper_L,Vermis_10,0.0189,0.0189
Frontal_Med_Orb_R,Vermis_6,0.0188,0.0188
Occipital_Sup_R,Vermis_10,0.0188,0.0188
Frontal_Mid_R,Temporal_Pole_Mid_R,-0.0188,-0.0188
Lingual_L,Cerebelum_9_R,0.0188,0.0188
Occipital_Inf_L,Vermis_6,0.0187,0.0187
Frontal_Mid_Orb_R,Vermis_7,0.0187,0.0187
Temporal_Inf_R,Cerebelum_Crus2_R,0.0187,0.0187
Precuneus_L,Vermis_6,0.0187,0.0187
Frontal_Mid_Orb_R,Vermis_10,0.0187,0.0187
Fusiform_L,Temporal_Pole_Mid_L,0.0187,0.0187
Heschl_L,Vermis_1_2,0.0186,0.0186
Cerebelum_Crus2_R,Vermis_6,0.0185,0.0185
Temporal_Pole_Sup_L,Vermis_7,0.0185,0.0185
Frontal_Inf_Tri_R,Cerebelum_6_R,0.0184,0.0184
Cingulum_Mid_L,Amygdala_L,0.0184,0.0184
Frontal_Sup_Orb_L,Vermis_10,0.0184,0.0184
Occipital_Mid_R,Cerebelum_8_R,0.0184,0.0183
Rolandic_Oper_R,Temporal_Pole_Mid_L,0.0183,0.0183
Precentral_L,Vermis_10,0.0183,0.0183
Postcentral_L,Cerebelum_Crus1_R,-0.0182,-0.0182
Parietal_Sup_L,Cerebelum_6_R,0.0182,0.0182
Heschl_L,Cerebelum_Crus1_R,-0.0182,-0.0182
Cerebelum_9_R,Vermis_4_5,0.0182,0.0182
Precentral_L,Vermis_1_2,0.0182,0.0182
Precentral_L,Temporal_Pole_Mid_R,-0.0182,-0.0182
Temporal_Pole_Mid_R,Cerebelum_Crus1_R,0.0181,0.0181
Frontal_Med_Orb_R,Vermis_10,0.0181,0.0181
SupraMarginal_R,Temporal_Pole_Mid_R,0.0181,0.0181
Cerebelum_3_R,Cerebelum_9_R,0.0181,0.0181
Occipital_Mid_L,Vermis_10,0.0181,0.0181
Amygdala_L,Paracentral_Lobule_L,0.0181,0.0181
Amygdala_L,Vermis_8,-0.018,-0.018
Frontal_Sup_Orb_R,Vermis_1_2,0.0179,0.0179
Cingulum_Mid_L,Vermis_10,0.0179,0.0179
Fusiform_L,Cerebelum_9_R,0.0179,0.0179
Temporal_Mid_R,Vermis_10,0.0178,0.0178
Cingulum_Ant_L,Vermis_6,0.0178,0.0178
SupraMarginal_R,Temporal_Pole_Mid_L,-0.0178,-0.0178
ParaHippocampal_L,Cerebelum_Crus1_R,-0.0178,-0.0178
Frontal_Sup_R,Vermis_10,0.0178,0.0177
Frontal_Inf_Oper_L,Vermis_7,0.0178,0.0178
Temporal_Inf_R,Cerebelum_9_R,0.0178,0.0178
Frontal_Mid_R,Cerebelum_3_R,0.0178,0.0178
Parietal_Inf_R,Cerebelum_6_R,0.0178,0.0178
Amygdala_R,Precuneus_R,0.0178,0.0178
Lingual_L,Cerebelum_Crus2_R,-0.0177,-0.0177
Frontal_Sup_Orb_R,Vermis_6,-0.0177,-0.0177
ParaHippocampal_L,Cerebelum_9_L,0.0177,0.0177
Precentral_L,Amygdala_L,0.0177,0.0176
Frontal_Sup_Medial_L,Cerebelum_8_L,0.0177,0.0176
Hippocampus_L,Cerebelum_9_L,0.0176,0.0176
Amygdala_R,Parietal_Sup_R,-0.0175,-0.0175
Putamen_R,Vermis_10,0.0175,0.0175
Pallidum_R,Cerebelum_9_L,0.0174,0.0174
Frontal_Inf_Tri_R,Cerebelum_Crus2_R,-0.0174,-0.0174
Angular_R,Vermis_7,0.0174,0.0174
Frontal_Mid_R,Amygdala_R,0.0174,0.0173
Temporal_Pole_Sup_R,Cerebelum_Crus1_R,0.0173,0.0173
Supp_Motor_Area_R,Cerebelum_Crus1_L,0.0173,0.0173
Fusiform_R,Cerebelum_9_R,0.0172,0.0172
Lingual_R,Cerebelum_Crus1_L,0.0172,0.0172
Cerebelum_8_R,Vermis_7,0.0172,0.0172
Supp_Motor_Area_L,Cerebelum_Crus1_R,-0.0171,-0.0171
Supp_Motor_Area_R,Vermis_6,0.0169,0.0169
Frontal_Inf_Tri_L,Cerebelum_Crus2_L,0.0169,0.0169
Frontal_Mid_R,Vermis_6,0.0169,0.0169
Pallidum_R,Cerebelum_Crus2_L,0.0168,0.0168
Calcarine_L,Vermis_7,0.0168,0.0168
ParaHippocampal_R,Cerebelum_9_R,0.0168,0.0168
Frontal_Mid_Orb_L,Cerebelum_3_R,0.0167,0.0167
Cerebelum_4_5_R,Cerebelum_9_R,0.0167,0.0167
Heschl_R,Cerebelum_Crus1_R,0.0166,0.0166
Olfactory_R,Vermis_1_2,-0.0165,-0.0164
Vermis_8,Vermis_10,0.0165,0.0165
Occipital_Mid_L,Vermis_7,0.0165,0.0165
Frontal_Inf_Orb_L,Cerebelum_Crus1_R,0.0165,0.0165
Cingulum_Mid_R,Vermis_10,0.0164,0.0164
Temporal_Pole_Sup_L,Cerebelum_Crus2_L,0.0164,0.0164
Occipital_Inf_R,Precuneus_R,0.0164,0.0164
Angular_L,Cerebelum_Crus1_R,-0.0163,-0.0163
Parietal_Sup_R,Temporal_Pole_Mid_R,-0.0163,-0.0163
Rolandic_Oper_R,Cerebelum_Crus1_L,0.0163,0.0163
Temporal_Mid_R,Cerebelum_9_R,0.0163,0.0163
Occipital_Inf_L,Cerebelum_Crus1_R,0.0162,0.0162
Temporal_Inf_R,Cerebelum_Crus1_L,0.0162,0.0162
Cingulum_Post_R,Vermis_10,0.0162,0.0162
Insula_R,Cerebelum_Crus1_R,0.0162,0.0162
Cingulum_Ant_L,Vermis_7,0.0162,0.0162
Cingulum_Ant_R,Temporal_Pole_Mid_R,0.0162,0.0162
Frontal_Sup_L,Vermis_10,0.0161,0.0161
Insula_L,Cerebelum_Crus1_R,0.0161,0.0161
Frontal_Sup_L,Occipital_Inf_R,0.016,0.016
Rolandic_Oper_L,Cerebelum_Crus2_L,0.016,0.016
Frontal_Mid_R,Cerebelum_8_L,0.016,0.016
ParaHippocampal_L,Temporal_Pole_Mid_L,0.016,0.016
Frontal_Inf_Orb_L,Cerebelum_Crus2_L,0.016,0.016
Cingulum_Post_L,Vermis_10,0.016,0.016
Frontal_Inf_Oper_L,Cerebelum_Crus1_L,0.0159,0.0159
Supp_Motor_Area_L,Cerebelum_Crus1_L,0.0159,0.0159
Temporal_Pole_Mid_L,Vermis_8,-0.0159,-0.0159
Frontal_Med_Orb_R,Vermis_7,0.0159,0.0159
Fusiform_R,Temporal_Pole_Mid_L,0.0159,0.0159
Temporal_Sup_R,Temporal_Pole_Mid_L,0.0158,0.0158
Olfactory_R,Cerebelum_9_R,0.0158,0.0158
SupraMarginal_L,Vermis_10,0.0158,0.0158
Precentral_R,Cerebelum_Crus1_L,0.0158,0.0158
Occipital_Mid_R,Vermis_10,0.0157,0.0157
Angular_L,Vermis_10,0.0157,0.0157
Occipital_Inf_R,Cerebelum_Crus2_L,-0.0157,-0.0157
Temporal_Pole_Mid_L,Cerebelum_Crus1_L,0.0156,0.0156
Calcarine_L,Cerebelum_Crus2_R,-0.0156,-0.0156
Caudate_R,Cerebelum_Crus1_L,0.0156,0.0156
Lingual_R,Cerebelum_9_R,0.0156,0.0156
Frontal_Inf_Oper_L,Vermis_1_2,0.0155,0.0155
Frontal_Mid_L,Cerebelum_Crus1_L,0.0154,0.0154
Putamen_R,Cerebelum_Crus1_L,0.0154,0.0154
Occipital_Mid_L,Cerebelum_9_R,0.0154,0.0154
Putamen_L,Cerebelum_Crus1_R,0.0153,0.0153
Cingulum_Ant_R,Vermis_10,0.0153,0.0153
Frontal_Sup_Medial_L,Vermis_8,0.0153,0.0153
Frontal_Mid_R,Vermis_10,0.0152,0.0152
Heschl_L,Cerebelum_9_L,0.0152,0.0152
Cingulum_Ant_L,Cerebelum_8_L,0.0151,0.0151
Cuneus_R,Cerebelum_Crus2_R,-0.0151,-0.0151
Calcarine_R,Cerebelum_Crus1_R,0.0151,0.0151
Cerebelum_9_L,Vermis_10,0.0151,0.0151
Cerebelum_Crus1_R,Cerebelum_4_5_R,0.015,0.015
Occipital_Sup_L,Cerebelum_Crus1_L,-0.015,-0.015
Frontal_Sup_L,Vermis_8,0.0149,0.0149
Precentral_L,Cerebelum_Crus2_R,-0.0149,-0.0149
Rectus_R,Occipital_Mid_R,0.0149,0.0149
Cingulum_Mid_R,Vermis_7,0.0149,0.0149
Pallidum_R,Cerebelum_9_R,-0.0149,-0.0149
Precentral_R,Amygdala_L,0.0149,0.0149
Amygdala_L,SupraMarginal_R,0.0149,0.0149
Frontal_Sup_L,Vermis_7,0.0148,0.0148
Temporal_Inf_L,Vermis_7,0.0147,0.0147
Supp_Motor_Area_R,Cerebelum_Crus1_R,-0.0147,-0.0147
Fusiform_R,Cerebelum_Crus1_R,0.0147,0.0147
Pallidum_L,Temporal_Pole_Mid_R,0.0146,0.0146
Temporal_Inf_L,Vermis_10,0.0145,0.0145
Occipital_Mid_L,Temporal_Pole_Mid_L,0.0145,0.0145
Postcentral_L,Vermis_10,0.0145,0.0145
Occipital_Inf_L,Temporal_Pole_Mid_R,0.0145,0.0145
Rolandic_Oper_R,Cerebelum_9_L,-0.0145,-0.0145
Frontal_Mid_L,Cerebelum_Crus2_R,-0.0144,-0.0144
Hippocampus_R,Cerebelum_9_R,0.0144,0.0144
Olfactory_L,Cerebelum_9_R,0.0144,0.0143
Cingulum_Post_R,Cerebelum_Crus2_R,-0.0144,-0.0144
Calcarine_L,Vermis_8,0.0144,0.0144
Cingulum_Ant_R,Cerebelum_9_R,0.0144,0.0144
Frontal_Med_Orb_R,Cerebelum_9_L,-0.0144,-0.0144
Paracentral_Lobule_L,Vermis_10,0.0143,0.0143
Occipital_Mid_R,Cerebelum_9_L,-0.0143,-0.0143
Frontal_Sup_Medial_R,Cerebelum_8_L,0.0143,0.0143
Parietal_Sup_R,Temporal_Pole_Sup_R,0.0143,0.0143
Frontal_Sup_Medial_L,Vermis_7,0.0142,0.0142
Supp_Motor_Area_R,Occipital_Inf_R,0.0142,0.0142
Rectus_L,Vermis_7,0.0142,0.0142
Occipital_Sup_R,Vermis_7,0.0142,0.0142
Postcentral_L,Cerebelum_Crus1_L,0.0142,0.0142
Precuneus_L,Cerebelum_Crus1_R,-0.0142,-0.0142
Supp_Motor_Area_L,Vermis_7,0.0142,0.0142
Vermis_4_5,Vermis_10,0.0141,0.0141
Cingulum_Ant_L,Vermis_10,0.0141,0.0141
Heschl_L,Vermis_10,0.0141,0.0141
Temporal_Pole_Sup_R,Cerebelum_Crus1_L,0.0141,0.0141
Frontal_Med_Orb_L,Hippocampus_R,0.014,0.014
Frontal_Mid_R,Temporal_Pole_Mid_L,-0.014,-0.014
Cerebelum_Crus1_L,Cerebelum_Crus1_R,0.014,0.014
Amygdala_R,Postcentral_L,-0.014,-0.014
Frontal_Inf_Tri_R,Vermis_10,0.0139,0.0139
Cerebelum_Crus2_L,Vermis_3,0.0139,0.0139
SupraMarginal_R,Vermis_6,0.0139,0.0139
Cuneus_L,Temporal_Pole_Mid_R,0.0139,0.0139
Parietal_Sup_R,Vermis_7,-0.0138,-0.0138
Frontal_Med_Orb_R,Hippocampus_R,0.0138,0.0138
Occipital_Inf_R,Paracentral_Lobule_R,0.0138,0.0138
Frontal_Inf_Tri_L,Cerebelum_6_R,0.0138,0.0138
Olfactory_R,Vermis_6,0.0138,0.0138
Vermis_3,Vermis_7,0.0138,0.0138
Frontal_Mid_R,Vermis_8,0.0137,0.0137
Cingulum_Post_R,Amygdala_R,0.0137,0.0137
Cuneus_L,Vermis_8,0.0136,0.0136
Amygdala_R,Precuneus_L,0.0136,0.0136
Temporal_Pole_Mid_L,Vermis_1_2,0.0136,0.0136
Cerebelum_3_L,Vermis_8,0.0136,0.0136
Temporal_Pole_Mid_R,Vermis_8,-0.0136,-0.0136
Putamen_L,Cerebelum_9_L,-0.0135,-0.0135
Caudate_L,Cerebelum_Crus1_R,-0.0135,-0.0135
Hippocampus_L,Occipital_Inf_R,0.0135,0.0135
Occipital_Sup_R,Cerebelum_9_R,0.0135,0.0135
Supp_Motor_Area_L,Temporal_Pole_Mid_R,-0.0135,-0.0135
Frontal_Sup_Medial_L,Temporal_Pole_Mid_R,-0.0135,-0.0135
ParaHippocampal_L,Cerebelum_8_L,-0.0135,-0.0135
Occipital_Sup_R,Cerebelum_Crus2_R,-0.0134,-0.0134
Cerebelum_9_R,Vermis_3,0.0134,0.0134
Frontal_Sup_Medial_L,Vermis_10,0.0134,0.0134
Parietal_Inf_L,Vermis_10,0.0134,0.0134
Frontal_Sup_R,Cerebelum_8_L,0.0134,0.0134
Frontal_Mid_Orb_L,Vermis_10,0.0134,0.0134
Insula_L,Cerebelum_9_L,-0.0133,-0.0133
Cerebelum_3_L,Cerebelum_9_R,0.0133,0.0133
Postcentral_L,Vermis_1_2,0.0133,0.0133
Hippocampus_L,Vermis_7,-0.0132,-0.0132
Frontal_Sup_Medial_L,Cerebelum_9_R,0.0131,0.0131
Parietal_Inf_R,Temporal_Pole_Mid_R,-0.0131,-0.0131
Frontal_Sup_Medial_R,Vermis_10,0.0131,0.0131
Calcarine_R,Cerebelum_Crus2_R,-0.0131,-0.0131
Cerebelum_8_L,Vermis_7,0.0131,0.0131
Frontal_Mid_Orb_L,Parietal_Sup_L,0.0131,0.0131
Precuneus_R,Vermis_10,0.0131,0.0131
Occipital_Mid_R,Cerebelum_9_R,0.0131,0.0131
Frontal_Inf_Oper_R,Vermis_1_2,0.0131,0.0131
Hippocampus_R,Cerebelum_Crus1_R,-0.013,-0.013
Calcarine_R,Temporal_Pole_Mid_L,0.013,0.013
Cerebelum_9_R,Vermis_1_2,0.013,0.013
Temporal_Pole_Mid_L,Cerebelum_3_R,0.013,0.013
Temporal_Pole_Mid_L,Cerebelum_Crus2_L,0.013,0.013
Rolandic_Oper_L,Vermis_10,0.013,0.013
Frontal_Sup_Orb_L,ParaHippocampal_L,0.0129,0.0129
Paracentral_Lobule_L,Cerebelum_Crus2_R,-0.0129,-0.0129
Cerebelum_Crus1_R,Cerebelum_9_L,-0.0129,-0.0129
Supp_Motor_Area_R,Temporal_Pole_Mid_L,0.0129,0.0129
Cingulum_Mid_L,Vermis_7,0.0128,0.0128
Parietal_Inf_R,Cerebelum_Crus2_R,-0.0128,-0.0128
Frontal_Inf_Orb_L,Vermis_10,0.0127,0.0127
Putamen_L,Cerebelum_9_R,0.0127,0.0127
Lingual_R,Vermis_8,0.0127,0.0127
Parietal_Inf_R,Cerebelum_Crus1_L,0.0127,0.0127
Frontal_Sup_L,Cerebelum_8_L,0.0127,0.0127
ParaHippocampal_R,Cerebelum_Crus1_R,-0.0127,-0.0127
Olfactory_L,Vermis_10,0.0127,0.0127
Cerebelum_Crus1_R,Cerebelum_3_R,0.0127,0.0127
Lingual_L,Temporal_Pole_Mid_L,0.0127,0.0126
Frontal_Sup_R,Cerebelum_9_L,-0.0126,-0.0126
Rectus_R,Parietal_Sup_L,0.0126,0.0126
Heschl_R,Cerebelum_Crus2_L,-0.0126,-0.0126
Cerebelum_6_L,Cerebelum_9_L,-0.0126,-0.0126
Paracentral_Lobule_R,Cerebelum_Crus2_R,-0.0125,-0.0125
Temporal_Mid_L,Cerebelum_Crus2_L,0.0125,0.0125
Vermis_1_2,Vermis_8,0.0124,0.0124
Occipital_Inf_L,Temporal_Pole_Mid_L,0.0124,0.0124
Hippocampus_R,Cerebelum_Crus1_L,0.0124,0.0124
Temporal_Inf_R,Vermis_10,0.0124,0.0124
Caudate_R,Vermis_10,0.0124,0.0124
Hippocampus_R,Cerebelum_Crus2_R,0.0124,0.0124
Occipital_Sup_L,Vermis_7,0.0124,0.0124
Cerebelum_9_L,Vermis_1_2,-0.0123,-0.0123
Olfactory_L,Cerebelum_9_L,-0.0123,-0.0123
Amygdala_L,Cerebelum_8_L,-0.0123,-0.0123
Frontal_Mid_Orb_R,Cerebelum_9_L,-0.0123,-0.0123
Amygdala_R,SupraMarginal_L,0.0123,0.0123
Precuneus_R,Cerebelum_Crus2_L,-0.0123,-0.0123
Temporal_Pole_Sup_L,Vermis_10,0.0123,0.0123
Frontal_Mid_Orb_L,Parietal_Sup_R,0.0122,0.0122
Temporal_Inf_R,Cerebelum_Crus2_L,0.0122,0.0122
Occipital_Sup_L,Cerebelum_9_R,0.0122,0.0122
Angular_R,Cerebelum_Crus1_R,0.0122,0.0122
Frontal_Mid_R,Cerebelum_Crus2_R,-0.0122,-0.0122
Temporal_Pole_Mid_R,Cerebelum_8_L,-0.0122,-0.0122
Temporal_Pole_Sup_R,Cerebelum_9_R,0.0122,0.0122
Pallidum_L,Cerebelum_9_L,-0.0122,-0.0122
Occipital_Inf_R,Precuneus_L,0.0122,0.0122
Amygdala_L,Cerebelum_Crus1_R,-0.0121,-0.0121
Amygdala_R,Paracentral_Lobule_R,0.0121,0.0121
Precentral_R,Vermis_7,-0.0121,-0.0121
Temporal_Mid_L,Temporal_Pole_Mid_R,0.0121,0.0121
Frontal_Mid_L,Cerebelum_8_L,0.0121,0.0121
Amygdala_R,Cerebelum_8_L,-0.012,-0.012
Frontal_Inf_Tri_L,Vermis_10,0.012,0.012
Precentral_L,Vermis_6,0.012,0.012
Insula_L,Vermis_10,0.012,0.012
Amygdala_R,Vermis_10,0.0119,0.0119
Temporal_Pole_Sup_R,Cerebelum_9_L,-0.0119,-0.0119
Supp_Motor_Area_R,Cerebelum_Crus2_R,-0.0118,-0.0118
Frontal_Sup_Orb_R,Vermis_7,0.0118,0.0118
Occipital_Inf_R,Cerebelum_Crus1_L,-0.0118,-0.0118
Frontal_Sup_L,Cerebelum_9_R,0.0118,0.0118
Rolandic_Oper_R,Cerebelum_9_R,0.0118,0.0118
Rectus_L,Temporal_Inf_L,0.0118,0.0118
Parietal_Sup_L,Cerebelum_Crus1_R,-0.0117,-0.0117
Precuneus_L,Cerebelum_Crus2_L,-0.0117,-0.0117
Hippocampus_L,Cerebelum_8_L,-0.0117,-0.0117
Temporal_Pole_Sup_L,Cerebelum_9_L,-0.0117,-0.0117
Parietal_Sup_R,Vermis_10,0.0116,0.0116
Occipital_Inf_L,Cerebelum_Crus2_L,0.0116,0.0116
Paracentral_Lobule_R,Vermis_6,0.0116,0.0116
Occipital_Inf_R,Cerebelum_3_L,0.0116,0.0116
Temporal_Sup_R,Cerebelum_9_R,0.0115,0.0115
Frontal_Med_Orb_R,Cerebelum_9_R,0.0115,0.0115
Cingulum_Ant_R,Cerebelum_8_L,0.0115,0.0115
Occipital_Sup_L,Cerebelum_Crus2_R,-0.0115,-0.0115
Parietal_Inf_L,Cerebelum_9_L,0.0115,0.0115
Angular_L,Vermis_8,0.0115,0.0115
Rolandic_Oper_R,Vermis_10,0.0115,0.0115
Cerebelum_7b_L,Cerebelum_8_L,0.0115,0.0115
Frontal_Inf_Oper_L,Temporal_Pole_Mid_L,0.0115,0.0115
Cerebelum_9_R,Vermis_8,0.0115,0.0115
Cingulum_Ant_L,Cerebelum_9_R,0.0114,0.0114
Cingulum_Post_L,Cerebelum_Crus1_L,-0.0114,-0.0114
Insula_L,Cerebelum_Crus2_L,0.0114,0.0114
Calcarine_L,Cerebelum_Crus1_L,0.0114,0.0114
Frontal_Mid_Orb_L,Cerebelum_Crus1_L,0.0114,0.0114
Amygdala_R,Parietal_Sup_L,-0.0113,-0.0113
Frontal_Mid_L,Temporal_Pole_Mid_R,-0.0113,-0.0113
Frontal_Sup_Medial_R,Temporal_Pole_Mid_R,0.0112,0.0112
Cerebelum_8_R,Vermis_9,0.0112,0.0112
Insula_R,Cerebelum_9_R,0.0112,0.0112
Cerebelum_Crus2_R,Cerebelum_8_L,0.0112,0.0112
Rectus_R,Parietal_Inf_R,0.0111,0.0111
Parietal_Sup_R,Cerebelum_6_R,0.0111,0.0111
Cingulum_Mid_R,Cerebelum_Crus1_L,-0.0111,-0.0111
Pallidum_L,Vermis_10,0.0111,0.0111
Hippocampus_R,Temporal_Pole_Mid_R,-0.0111,-0.0111
Cingulum_Post_R,Vermis_7,0.0111,0.0111
Hippocampus_R,Cerebelum_Crus2_L,-0.0111,-0.0111
Frontal_Mid_Orb_R,Vermis_9,0.0111,0.0111
Occipital_Inf_L,Cerebelum_8_L,0.0111,0.0111
Thalamus_R,Cerebelum_Crus1_L,0.0111,0.0111
Thalamus_R,Vermis_7,0.011,0.011
Occipital_Mid_L,Cerebelum_Crus1_R,0.011,0.011
Insula_L,Cerebelum_9_R,0.011,0.011
Parietal_Sup_R,Vermis_9,-0.011,-0.011
Frontal_Mid_Orb_R,Vermis_8,0.011,0.011
Temporal_Pole_Mid_L,Vermis_3,0.011,0.011
Parietal_Inf_L,Cerebelum_6_R,0.011,0.011
Cingulum_Mid_L,Temporal_Pole_Mid_L,0.011,0.011
Frontal_Sup_R,Cerebelum_9_R,0.011,0.011
Frontal_Mid_L,Vermis_7,0.0109,0.0109
Hippocampus_L,Temporal_Pole_Mid_R,0.0109,0.0109
Cingulum_Ant_L,Temporal_Pole_Mid_R,0.0109,0.0109
ParaHippocampal_L,Cerebelum_Crus2_R,-0.0108,-0.0108
Frontal_Sup_Medial_R,Cerebelum_9_L,-0.0108,-0.0108
Frontal_Inf_Tri_L,Vermis_7,0.0107,0.0107
Cerebelum_9_L,Vermis_4_5,-0.0107,-0.0107
Rectus_L,Cerebelum_9_L,-0.0107,-0.0107
Paracentral_Lobule_R,Vermis_10,0.0107,0.0107
Insula_R,Cerebelum_9_L,-0.0107,-0.0107
Occipital_Inf_L,Vermis_7,0.0106,0.0106
Supp_Motor_Area_L,Temporal_Pole_Mid_L,0.0106,0.0106
Postcentral_R,Vermis_10,0.0106,0.0106
Heschl_R,Cerebelum_9_R,0.0106,0.0106
Parietal_Sup_R,Vermis_8,0.0106,0.0106
Cuneus_R,Temporal_Pole_Mid_L,0.0106,0.0106
Cerebelum_Crus1_R,Vermis_6,0.0106,0.0106
Temporal_Inf_R,Cerebelum_8_R,0.0106,0.0106
Parietal_Inf_L,Vermis_6,-0.0106,-0.0106
Cerebelum_3_L,Vermis_10,0.0106,0.0106
Parietal_Inf_L,Temporal_Inf_R,0.0105,0.0105
Cingulum_Mid_L,Vermis_6,0.0105,0.0105
Occipital_Sup_L,Temporal_Pole_Mid_L,0.0105,0.0105
Frontal_Sup_Medial_L,Cerebelum_9_L,-0.0105,-0.0105
Parietal_Sup_L,Temporal_Pole_Sup_R,0.0105,0.0105
Cerebelum_4_5_L,Vermis_7,0.0105,0.0105
Temporal_Sup_R,Cerebelum_Crus1_R,0.0105,0.0105
Cingulum_Ant_R,Cerebelum_9_L,-0.0104,-0.0104
Precuneus_R,Vermis_8,0.0104,0.0104
Caudate_R,Cerebelum_Crus1_R,0.0104,0.0104
Heschl_L,Cerebelum_8_R,-0.0104,-0.0104
Precentral_L,Temporal_Pole_Mid_L,-0.0104,-0.0104
Postcentral_L,Cerebelum_Crus2_R,-0.0103,-0.0103
Fusiform_R,Vermis_10,0.0103,0.0103
Temporal_Pole_Mid_R,Cerebelum_9_L,0.0103,0.0103
Frontal_Inf_Tri_L,Vermis_1_2,-0.0103,-0.0103
Frontal_Inf_Tri_R,Amygdala_R,0.0102,0.0102
Cerebelum_8_L,Cerebelum_8_R,0.0102,0.0102
Frontal_Inf_Oper_L,Cerebelum_Crus1_R,0.0102,0.0102
Lingual_L,Cerebelum_9_L,-0.0102,-0.0102
Frontal_Sup_Medial_R,Vermis_8,0.0102,0.0102
Parietal_Inf_R,Vermis_10,0.0102,0.0102
Temporal_Pole_Sup_L,Cerebelum_9_R,0.0102,0.0102
Postcentral_R,Temporal_Pole_Mid_L,-0.0102,-0.0102
Occipital_Inf_R,Parietal_Inf_R,0.0102,0.0102
Cerebelum_8_L,Cerebelum_9_L,-0.0101,-0.0101
Frontal_Inf_Oper_R,Vermis_10,0.0101,0.0101
Hippocampus_L,Cerebelum_Crus2_R,-0.0101,-0.0101
Postcentral_R,Vermis_6,0.0101,0.0101
Precuneus_L,Vermis_9,-0.01,-0.01
Cerebelum_8_L,Vermis_3,0.01,0.01
Hippocampus_L,Vermis_10,0.01,0.01
Frontal_Inf_Tri_L,Temporal_Pole_Mid_L,0.0099,0.0099
Lingual_L,Vermis_8,0.0099,0.0099
Cerebelum_4_5_L,Vermis_10,0.0099,0.0099
Frontal_Inf_Oper_L,Cerebelum_Crus2_R,-0.0099,-0.0099
Cerebelum_3_R,Cerebelum_9_L,-0.0098,-0.0098
Precentral_R,Vermis_6,0.0098,0.0098
Frontal_Mid_L,Temporal_Pole_Mid_L,-0.0098,-0.0098
Cerebelum_6_R,Vermis_10,0.0098,0.0098
Hippocampus_L,Cerebelum_8_R,-0.0098,-0.0098
Temporal_Pole_Sup_R,Vermis_10,0.0098,0.0097
Frontal_Inf_Tri_L,Cerebelum_Crus1_L,0.0097,0.0097
Frontal_Sup_Orb_R,Cerebelum_Crus1_R,0.0097,0.0097
Cerebelum_Crus1_R,Cerebelum_8_R,0.0097,0.0097
Precuneus_L,Temporal_Pole_Mid_R,-0.0097,-0.0097
Calcarine_L,Cerebelum_9_R,0.0097,0.0097
Frontal_Sup_L,Temporal_Pole_Mid_R,-0.0097,-0.0097
Cuneus_R,Cerebelum_9_R,0.0097,0.0097
Lingual_L,Vermis_10,0.0097,0.0097
Cerebelum_Crus1_L,Cerebelum_Crus2_R,0.0096,0.0096
Cuneus_R,Temporal_Pole_Mid_R,0.0096,0.0096
Occipital_Mid_R,Vermis_9,0.0096,0.0096
Cerebelum_9_R,Vermis_9,0.0095,0.0095
Cerebelum_9_L,Vermis_3,-0.0095,-0.0095
Precuneus_L,Vermis_10,0.0095,0.0095
Temporal_Sup_L,Cerebelum_9_R,0.0095,0.0095
Frontal_Sup_Orb_L,Vermis_9,0.0095,0.0095
Cingulum_Mid_R,Cerebelum_Crus1_R,-0.0095,-0.0095
Insula_R,Vermis_10,0.0095,0.0095
Heschl_R,Cerebelum_9_L,-0.0095,-0.0095
Frontal_Inf_Orb_R,Cerebelum_9_L,-0.0094,-0.0094
SupraMarginal_R,Cerebelum_Crus2_L,-0.0094,-0.0094
Olfactory_L,Cerebelum_Crus2_L,-0.0094,-0.0094
Frontal_Med_Orb_R,Vermis_9,0.0094,0.0094
Precentral_L,Cerebelum_Crus1_L,0.0094,0.0094
SupraMarginal_L,Cerebelum_9_R,-0.0094,-0.0094
Parietal_Sup_L,Cerebelum_Crus2_L,-0.0093,-0.0093
SupraMarginal_R,Cerebelum_Crus2_R,-0.0093,-0.0093
Rolandic_Oper_L,Cerebelum_9_R,0.0093,0.0093
Cingulum_Post_L,Temporal_Pole_Mid_R,-0.0093,-0.0093
Cerebelum_6_L,Vermis_9,0.0092,0.0092
Lingual_R,Temporal_Pole_Mid_L,0.0092,0.0092
Thalamus_R,Vermis_8,0.0092,0.0092
Insula_R,Cerebelum_Crus1_L,0.0092,0.0092
Precentral_R,Temporal_Pole_Mid_R,-0.0092,-0.0092
Cuneus_L,Cerebelum_8_R,0.0092,0.0092
SupraMarginal_L,Temporal_Pole_Mid_L,0.0091,0.0091
Parietal_Sup_L,Vermis_8,0.0091,0.0091
Frontal_Inf_Oper_R,Cerebelum_Crus2_R,-0.0091,-0.0091
SupraMarginal_L,Cerebelum_9_L,0.0091,0.0091
Olfactory_L,Vermis_9,0.0091,0.0091
Hippocampus_L,Cerebelum_Crus2_L,0.0091,0.0091
Precuneus_R,Vermis_9,-0.009,-0.009
Vermis_3,Vermis_10,0.009,0.009
Occipital_Sup_R,Cerebelum_Crus1_R,0.009,0.009
Temporal_Mid_R,Cerebelum_Crus1_L,0.009,0.009
Frontal_Inf_Oper_R,Temporal_Pole_Mid_L,0.009,0.009
Fusiform_R,Cerebelum_9_L,-0.0089,-0.0089
Frontal_Inf_Tri_R,Vermis_9,0.0089,0.0089
Frontal_Inf_Orb_L,Cerebelum_9_L,-0.0089,-0.0089
Occipital_Inf_L,Cerebelum_9_R,0.0089,0.0089
Cingulum_Mid_L,Cerebelum_Crus1_R,-0.0089,-0.0089
Fusiform_R,Cerebelum_Crus2_L,-0.0089,-0.0089
Precentral_L,Vermis_7,-0.0088,-0.0088
Cerebelum_4_5_R,Cerebelum_9_L,-0.0088,-0.0088
Cingulum_Post_L,Cerebelum_Crus2_R,-0.0088,-0.0088
Frontal_Mid_Orb_L,Vermis_9,0.0088,0.0088
Precentral_R,Cerebelum_Crus2_R,-0.0088,-0.0088
Parietal_Sup_L,Vermis_6,0.0087,0.0087
Cingulum_Ant_L,Cerebelum_9_L,-0.0087,-0.0087
Postcentral_L,Cerebelum_Crus2_L,0.0087,0.0087
Cerebelum_Crus1_R,Vermis_4_5,0.0087,0.0087
Temporal_Pole_Mid_L,Cerebelum_9_L,0.0087,0.0087
Frontal_Sup_Orb_L,Cerebelum_9_L,-0.0087,-0.0087
ParaHippocampal_R,Temporal_Pole_Mid_L,-0.0087,-0.0087
Fusiform_L,Cerebelum_8_R,0.0087,0.0087
Temporal_Pole_Mid_L,Cerebelum_4_5_L,0.0087,0.0087
Lingual_L,Cerebelum_Crus2_L,-0.0087,-0.0087
Temporal_Mid_L,Cerebelum_9_R,0.0086,0.0086
Parietal_Sup_L,Cerebelum_9_L,0.0086,0.0086
Frontal_Inf_Orb_R,Vermis_10,0.0086,0.0086
Paracentral_Lobule_L,Vermis_9,-0.0086,-0.0086
ParaHippocampal_R,Cerebelum_Crus2_L,-0.0086,-0.0086
Pallidum_R,Cerebelum_Crus1_R,0.0086,0.0086
Frontal_Mid_Orb_R,Cerebelum_9_R,0.0086,0.0086
Frontal_Inf_Oper_R,Cerebelum_8_L,0.0086,0.0086
Rolandic_Oper_R,Cerebelum_Crus2_R,-0.0086,-0.0086
Occipital_Sup_R,Vermis_9,0.0085,0.0085
Precentral_L,Cerebelum_8_L,0.0085,0.0085
Temporal_Sup_R,Cerebelum_Crus2_L,-0.0085,-0.0085
Angular_R,Cerebelum_Crus2_R,-0.0085,-0.0085
Frontal_Sup_Orb_R,Vermis_8,0.0085,0.0085
Cerebelum_9_R,Vermis_10,0.0085,0.0085
Temporal_Pole_Sup_R,Vermis_8,-0.0085,-0.0085
Precentral_L,Amygdala_R,-0.0085,-0.0085
Amygdala_R,Cerebelum_9_L,-0.0085,-0.0085
Temporal_Inf_R,Cerebelum_9_L,-0.0085,-0.0085
Frontal_Mid_L,Occipital_Inf_R,0.0084,0.0084
Frontal_Inf_Oper_R,Vermis_6,0.0084,0.0084
Pallidum_L,Cerebelum_9_R,0.0084,0.0084
Hippocampus_L,Cerebelum_9_R,-0.0084,-0.0084
Lingual_R,Vermis_10,0.0084,0.0084
Frontal_Sup_Orb_R,Cerebelum_Crus1_L,0.0084,0.0084
Cingulum_Mid_L,Occipital_Inf_R,0.0084,0.0084
Paracentral_Lobule_R,Vermis_9,-0.0084,-0.0084
Frontal_Inf_Orb_L,Vermis_9,0.0084,0.0084
Caudate_L,Vermis_1_2,0.0084,0.0084
Temporal_Pole_Mid_R,Cerebelum_8_R,-0.0083,-0.0083
Thalamus_L,Cerebelum_Crus2_L,0.0083,0.0083
Temporal_Pole_Mid_L,Vermis_10,0.0083,0.0083
Paracentral_Lobule_R,Vermis_8,0.0083,0.0083
SupraMarginal_R,Vermis_10,0.0083,0.0083
Calcarine_R,Cerebelum_9_R,0.0083,0.0083
Hippocampus_L,Vermis_8,-0.0083,-0.0083
Cerebelum_Crus2_L,Cerebelum_4_5_L,-0.0083,-0.0083
Rolandic_Oper_L,Cerebelum_9_L,-0.0083,-0.0083
Parietal_Sup_R,Cerebelum_Crus2_L,-0.0082,-0.0082
Thalamus_R,Cerebelum_9_R,0.0082,0.0082
Cerebelum_9_L,Cerebelum_9_R,-0.0082,-0.0082
Frontal_Inf_Orb_L,Cerebelum_9_R,0.0082,0.0082
Cerebelum_4_5_L,Cerebelum_9_L,-0.0082,-0.0082
Amygdala_L,Cerebelum_9_L,0.0082,0.0082
Parietal_Inf_L,Cerebelum_Crus2_L,0.0082,0.0082
Lingual_L,Cerebelum_Crus1_R,0.0082,0.0082
Fusiform_L,Vermis_9,0.0082,0.0082
Frontal_Inf_Oper_R,Cerebelum_Crus1_R,0.0082,0.0082
Angular_R,Cerebelum_9_R,0.0082,0.0082
Cerebelum_3_L,Cerebelum_9_L,-0.0081,-0.0081
Rectus_R,Vermis_7,0.0081,0.0081
Frontal_Inf_Oper_L,Cerebelum_8_L,0.0081,0.0081
Frontal_Sup_Medial_R,Cerebelum_9_R,0.0081,0.0081
Temporal_Pole_Mid_L,Temporal_Inf_L,0.0081,0.0081
Olfactory_R,Cerebelum_Crus2_R,-0.0081,-0.0081
Occipital_Mid_L,Cerebelum_8_R,0.0081,0.0081
Rolandic_Oper_L,Cerebelum_8_L,0.0081,0.0081
Heschl_L,Vermis_9,-0.008,-0.008
Cerebelum_6_L,Cerebelum_8_R,0.008,0.008
Heschl_R,Vermis_10,0.008,0.008
Frontal_Mid_L,Cerebelum_Crus1_R,-0.008,-0.008
Frontal_Sup_L,Cerebelum_9_L,-0.008,-0.008
Temporal_Pole_Sup_L,Cerebelum_Crus2_R,0.008,0.008
Frontal_Sup_Medial_R,Cerebelum_Crus1_R,0.008,0.008
Parietal_Sup_L,Vermis_7,-0.008,-0.008
Thalamus_R,Cerebelum_9_L,-0.008,-0.008
Thalamus_L,Vermis_10,0.0079,0.0079
Pallidum_R,Cerebelum_8_R,-0.0079,-0.0079
Frontal_Sup_R,Cerebelum_Crus2_R,-0.0079,-0.0079
Lingual_R,Cerebelum_9_L,-0.0079,-0.0079
Angular_L,Cerebelum_8_L,0.0079,0.0079
Caudate_R,Cerebelum_Crus2_L,0.0079,0.0079
Cuneus_L,Cerebelum_Crus2_R,-0.0078,-0.0078
Cingulum_Mid_R,Temporal_Pole_Mid_L,0.0078,0.0078
Occipital_Mid_L,Cerebelum_Crus2_R,-0.0078,-0.0078
Cerebelum_Crus1_R,Cerebelum_4_5_L,-0.0078,-0.0078
Heschl_R,Vermis_8,0.0078,0.0078
Amygdala_L,Parietal_Inf_L,-0.0078,-0.0078
Postcentral_R,Cerebelum_Crus2_R,-0.0078,-0.0078
Cerebelum_4_5_L,Vermis_8,0.0078,0.0078
Cerebelum_3_R,Cerebelum_8_L,0.0078,0.0078
Olfactory_R,Parietal_Sup_L,0.0077,0.0077
Rectus_L,Vermis_9,0.0077,0.0077
Frontal_Inf_Oper_R,Temporal_Pole_Mid_R,0.0077,0.0077
Cerebelum_Crus2_R,Vermis_9,-0.0076,-0.0076
ParaHippocampal_R,Temporal_Pole_Mid_R,0.0076,0.0076
Cerebelum_8_L,Cerebelum_9_R,0.0076,0.0076
Cerebelum_4_5_R,Vermis_10,0.0076,0.0076
Thalamus_R,Cerebelum_8_L,0.0076,0.0076
Cerebelum_6_R,Cerebelum_8_L,0.0076,0.0076
Cingulum_Ant_L,Amygdala_R,0.0075,0.0075
Parietal_Inf_L,Vermis_8,0.0075,0.0075
Cingulum_Ant_R,Vermis_9,0.0075,0.0075
Parietal_Sup_L,Vermis_9,-0.0075,-0.0075
Occipital_Sup_R,Cerebelum_9_L,-0.0075,-0.0075
Cingulum_Post_L,Cerebelum_Crus1_R,-0.0075,-0.0075
Cerebelum_Crus2_L,Vermis_8,0.0075,0.0075
Putamen_R,Cerebelum_Crus2_L,0.0075,0.0075
Cerebelum_Crus1_R,Cerebelum_Crus2_L,-0.0075,-0.0075
Cerebelum_6_R,Cerebelum_9_L,-0.0075,-0.0075
Cingulum_Ant_R,Vermis_8,0.0075,0.0075
Temporal_Mid_L,Cerebelum_Crus2_R,-0.0075,-0.0075
Olfactory_R,Cerebelum_7b_L,-0.0075,-0.0075
Postcentral_L,Vermis_9,-0.0075,-0.0075
Angular_R,Cerebelum_8_L,0.0074,0.0074
Amygdala_L,Vermis_10,0.0074,0.0074
Frontal_Inf_Tri_R,Cerebelum_8_L,0.0074,0.0074
Frontal_Sup_R,Vermis_7,0.0074,0.0074
Frontal_Med_Orb_R,Cerebelum_8_R,0.0074,0.0074
Frontal_Mid_Orb_L,Cerebelum_8_L,0.0073,0.0073
Lingual_R,Cerebelum_Crus2_R,-0.0073,-0.0073
Calcarine_L,Cerebelum_8_R,0.0073,0.0073
Parietal_Sup_L,Vermis_10,0.0073,0.0073
SupraMarginal_R,Cerebelum_Crus1_L,0.0073,0.0073
Temporal_Pole_Sup_L,Cerebelum_Crus1_R,0.0073,0.0073
Occipital_Inf_R,Cerebelum_Crus2_R,0.0073,0.0073
Rectus_R,Cerebelum_8_L,-0.0072,-0.0072
Cerebelum_3_R,Vermis_10,0.0072,0.0072
ParaHippocampal_L,Vermis_9,-0.0072,-0.0072
Frontal_Mid_Orb_L,Cerebelum_9_L,-0.0072,-0.0072
Parietal_Inf_L,Vermis_9,-0.0072,-0.0072
Vermis_4_5,Vermis_8,0.0071,0.0071
Insula_L,Vermis_9,0.0071,0.0071
Temporal_Sup_L,Vermis_8,-0.0071,-0.0071
Frontal_Mid_Orb_L,Cerebelum_Crus2_R,-0.0071,-0.0071
Calcarine_R,Vermis_8,0.0071,0.0071
Frontal_Inf_Oper_L,Vermis_9,0.007,0.007
Cerebelum_9_R,Vermis_6,0.007,0.007
Frontal_Inf_Oper_R,Amygdala_R,0.007,0.007
Lingual_R,Cerebelum_Crus2_L,-0.007,-0.007
Temporal_Pole_Mid_L,Temporal_Inf_R,-0.007,-0.007
Cerebelum_8_L,Vermis_9,0.007,0.007
Occipital_Sup_L,Cerebelum_Crus2_L,-0.007,-0.007
Frontal_Med_Orb_R,ParaHippocampal_L,0.0069,0.0069
Cerebelum_Crus2_R,Cerebelum_4_5_L,-0.0069,-0.0069
Fusiform_R,Vermis_8,0.0069,0.0069
Frontal_Med_Orb_L,Cerebelum_9_L,-0.0069,-0.0069
Paracentral_Lobule_L,Cerebelum_9_L,0.0069,0.0069
Frontal_Sup_R,Vermis_9,0.0068,0.0068
Caudate_R,Vermis_9,0.0068,0.0068
Putamen_L,Vermis_9,0.0068,0.0068
Frontal_Inf_Tri_L,Temporal_Pole_Mid_R,-0.0068,-0.0068
Supp_Motor_Area_R,Cerebelum_Crus2_L,0.0068,0.0068
Parietal_Sup_R,Cerebelum_9_L,0.0068,0.0068
Cerebelum_6_R,Cerebelum_8_R,0.0068,0.0068
Occipital_Sup_L,Temporal_Pole_Mid_R,0.0068,0.0068
Cerebelum_Crus1_L,Vermis_10,0.0068,0.0068
SupraMarginal_L,Vermis_9,-0.0067,-0.0067
Precuneus_L,Vermis_8,0.0067,0.0067
Hippocampus_R,Vermis_10,0.0067,0.0067
Cerebelum_Crus2_R,Cerebelum_4_5_R,-0.0067,-0.0067
ParaHippocampal_L,Vermis_10,0.0067,0.0067
Rectus_R,Cerebelum_Crus1_L,0.0067,0.0067
Frontal_Inf_Orb_L,Cerebelum_Crus2_R,-0.0067,-0.0067
Parietal_Sup_R,Vermis_6,0.0067,0.0067
Frontal_Inf_Oper_R,Cerebelum_9_L,-0.0067,-0.0067
Postcentral_R,Vermis_9,-0.0067,-0.0067
Cuneus_R,Vermis_9,0.0067,0.0067
Frontal_Inf_Tri_L,Cerebelum_8_L,0.0067,0.0067
Cerebelum_Crus2_R,Cerebelum_7b_L,0.0067,0.0067
Hippocampus_L,Vermis_9,-0.0067,-0.0067
Supp_Motor_Area_L,Cerebelum_Crus2_R,-0.0066,-0.0066
Olfactory_L,Cerebelum_Crus1_L,-0.0066,-0.0066
Pallidum_R,Vermis_6,0.0066,0.0066
Putamen_L,Cerebelum_8_L,0.0066,0.0066
Occipital_Inf_R,Angular_L,0.0066,0.0066
Occipital_Inf_R,Vermis_10,0.0066,0.0066
Postcentral_L,Vermis_7,-0.0066,-0.0066
Frontal_Inf_Oper_R,Cerebelum_Crus2_L,0.0066,0.0066
Cingulum_Ant_L,Vermis_8,0.0066,0.0066
Cuneus_L,Cerebelum_Crus1_R,0.0066,0.0066
Frontal_Mid_L,Vermis_8,0.0066,0.0066
Hippocampus_R,Temporal_Pole_Mid_L,-0.0066,-0.0066
Cerebelum_Crus2_L,Vermis_1_2,0.0066,0.0066
Cerebelum_Crus1_R,Vermis_8,0.0066,0.0066
ParaHippocampal_L,Vermis_7,-0.0065,-0.0065
Occipital_Mid_L,Cerebelum_9_L,-0.0065,-0.0065
Rectus_L,Cerebelum_9_R,0.0065,0.0065
Frontal_Med_Orb_R,Cerebelum_Crus1_L,0.0065,0.0065
Amygdala_L,Cerebelum_Crus1_L,0.0065,0.0065
Occipital_Inf_R,Cerebelum_9_L,-0.0065,-0.0065
Amygdala_R,Parietal_Inf_R,-0.0064,-0.0064
Temporal_Sup_L,Cerebelum_8_L,0.0064,0.0064
Cingulum_Mid_L,Cerebelum_8_L,0.0064,0.0064
Temporal_Pole_Sup_L,Vermis_9,0.0064,0.0064
Frontal_Inf_Tri_L,Vermis_8,0.0064,0.0064
ParaHippocampal_L,Vermis_8,-0.0064,-0.0064
Cerebelum_Crus2_R,Cerebelum_9_L,-0.0064,-0.0064
Frontal_Med_Orb_R,Cerebelum_8_L,0.0064,0.0064
Rectus_R,Cerebelum_9_R,-0.0064,-0.0064
Cerebelum_Crus1_R,Vermis_1_2,-0.0064,-0.0064
Caudate_L,Cerebelum_8_R,-0.0063,-0.0063
Parietal_Inf_L,Cerebelum_Crus1_L,0.0063,0.0063
Frontal_Inf_Tri_R,Vermis_1_2,-0.0063,-0.0063
Cingulum_Mid_R,Vermis_8,0.0063,0.0063
Temporal_Mid_L,Cerebelum_8_L,0.0063,0.0063
Paracentral_Lobule_L,Temporal_Pole_Mid_L,0.0063,0.0063
Temporal_Pole_Sup_R,Cerebelum_Crus2_L,0.0063,0.0063
Cuneus_L,Vermis_7,0.0063,0.0063
Postcentral_L,Cerebelum_8_L,0.0063,0.0063
Frontal_Mid_Orb_L,Cerebelum_Crus2_L,0.0063,0.0063
Temporal_Pole_Mid_L,Cerebelum_8_R,-0.0063,-0.0063
Frontal_Sup_Medial_L,Vermis_9,0.0063,0.0063
Cingulum_Post_L,Temporal_Pole_Mid_L,-0.0063,-0.0063
Precuneus_L,Vermis_7,-0.0063,-0.0063
Supp_Motor_Area_R,Vermis_7,0.0063,0.0063
Vermis_3,Vermis_8,0.0063,0.0063
Insula_R,Vermis_9,0.0062,0.0062
Precuneus_R,Cerebelum_Crus1_R,-0.0062,-0.0062
Frontal_Inf_Oper_L,Cerebelum_Crus2_L,0.0062,0.0062
Cerebelum_6_L,Vermis_10,0.0062,0.0062
Temporal_Sup_R,Cerebelum_Crus2_R,-0.0062,-0.0062
Cerebelum_8_L,Vermis_1_2,0.0062,0.0062
Parietal_Inf_L,Vermis_7,0.0062,0.0062
Vermis_7,Vermis_10,0.0062,0.0062
ParaHippocampal_R,Vermis_8,0.0061,0.0061
Frontal_Inf_Tri_R,Vermis_7,-0.0061,-0.0061
ParaHippocampal_R,Cerebelum_Crus2_R,0.0061,0.0061
SupraMarginal_L,Cerebelum_8_L,0.0061,0.0061
Occipital_Mid_R,Cerebelum_Crus2_R,-0.0061,-0.0061
Temporal_Sup_L,Cerebelum_Crus1_R,-0.0061,-0.0061
Postcentral_L,Temporal_Pole_Mid_L,0.0061,0.0061
Frontal_Mid_Orb_R,Parietal_Sup_L,0.0061,0.0061
Rectus_R,Cerebelum_8_R,-0.006,-0.006
Precuneus_L,Temporal_Pole_Mid_L,-0.006,-0.006
Caudate_L,Vermis_10,0.006,0.006
Insula_R,Vermis_8,0.006,0.006
Frontal_Sup_L,Cerebelum_Crus2_L,0.006,0.006
Amygdala_L,Cerebelum_Crus2_R,-0.006,-0.006
Rectus_L,Vermis_8,0.006,0.006
Cuneus_L,Cerebelum_9_R,0.006,0.006
Cerebelum_6_R,Cerebelum_7b_L,-0.006,-0.006
Olfactory_R,Cerebelum_Crus2_L,0.006,0.006
Angular_L,Temporal_Pole_Mid_R,-0.006,-0.006
Olfactory_R,Vermis_9,0.006,0.006
Cerebelum_Crus2_R,Cerebelum_8_R,0.0059,0.0059
Cingulum_Ant_R,Cerebelum_Crus1_L,-0.0059,-0.0059
Insula_L,Vermis_8,0.0059,0.0059
Frontal_Sup_Medial_R,Vermis_9,0.0059,0.0059
Frontal_Mid_Orb_R,Parietal_Sup_R,0.0059,0.0059
Temporal_Sup_R,Cerebelum_7b_L,-0.0059,-0.0059
Temporal_Mid_R,Cerebelum_9_L,-0.0059,-0.0059
Thalamus_R,Temporal_Pole_Mid_L,-0.0059,-0.0059
Occipital_Inf_R,Postcentral_L,0.0058,0.0058
Parietal_Sup_R,Cerebelum_Crus1_R,0.0058,0.0058
Amygdala_L,Postcentral_R,0.0058,0.0058
Pallidum_L,Cerebelum_8_R,0.0058,0.0058
Frontal_Inf_Tri_R,Vermis_6,-0.0058,-0.0058
Frontal_Inf_Oper_L,Vermis_8,0.0058,0.0058
Temporal_Mid_L,Vermis_9,0.0058,0.0058
Cerebelum_Crus2_L,Cerebelum_3_R,-0.0058,-0.0058
Olfactory_R,Cerebelum_8_L,-0.0058,-0.0058
Rolandic_Oper_R,Vermis_9,0.0058,0.0058
Occipital_Mid_R,Cerebelum_7b_L,-0.0058,-0.0058
Angular_L,Cerebelum_Crus1_L,0.0057,0.0057
Amygdala_L,Precuneus_R,-0.0057,-0.0057
Precuneus_L,Cerebelum_8_L,0.0057,0.0057
Cerebelum_4_5_R,Vermis_9,0.0057,0.0057
Cerebelum_3_R,Cerebelum_8_R,0.0057,0.0057
Temporal_Mid_R,Temporal_Pole_Mid_L,0.0057,0.0057
SupraMarginal_R,Cerebelum_8_L,0.0057,0.0057
Frontal_Sup_Medial_L,Cerebelum_Crus1_R,0.0057,0.0057
Occipital_Mid_R,Cerebelum_Crus2_L,-0.0057,-0.0057
Frontal_Sup_R,Temporal_Pole_Mid_L,-0.0057,-0.0057
Occipital_Inf_L,Cerebelum_8_R,0.0057,0.0057
Cuneus_R,Vermis_8,0.0056,0.0056
Temporal_Mid_R,Vermis_9,0.0056,0.0056
Precuneus_R,Cerebelum_9_L,0.0056,0.0056
Frontal_Sup_Orb_R,Cerebelum_8_R,-0.0056,-0.0056
Frontal_Inf_Orb_R,Vermis_9,0.0056,0.0056
Cingulum_Ant_R,Vermis_7,0.0056,0.0056
Frontal_Sup_Orb_R,Vermis_9,0.0056,0.0056
Postcentral_L,Cerebelum_6_R,0.0056,0.0056
Paracentral_Lobule_R,Temporal_Pole_Mid_L,0.0056,0.0056
Putamen_R,Cerebelum_8_R,-0.0056,-0.0056
Cerebelum_Crus1_R,Cerebelum_8_L,0.0055,0.0055
Occipital_Mid_R,Cerebelum_Crus1_L,0.0055,0.0055
Frontal_Med_Orb_L,ParaHippocampal_L,0.0055,0.0055
ParaHippocampal_R,Cerebelum_8_R,0.0055,0.0055
Insula_R,Cerebelum_Crus2_R,-0.0055,-0.0055
Heschl_L,Vermis_8,-0.0055,-0.0055
Temporal_Mid_L,Cerebelum_Crus1_R,0.0055,0.0055
Temporal_Pole_Mid_L,Cerebelum_9_R,-0.0054,-0.0054
Amygdala_L,Postcentral_L,0.0054,0.0054
Fusiform_L,Cerebelum_9_L,-0.0054,-0.0054
Occipital_Mid_R,Vermis_8,0.0054,0.0054
Precuneus_R,Cerebelum_Crus2_R,-0.0054,-0.0054
Cerebelum_4_5_L,Vermis_9,0.0054,0.0054
Thalamus_R,Vermis_10,0.0054,0.0054
Parietal_Sup_L,Cerebelum_8_L,0.0054,0.0054
Frontal_Sup_R,Cerebelum_8_R,0.0054,0.0054
Amygdala_L,Cerebelum_8_R,-0.0054,-0.0054
Cingulum_Mid_R,Cerebelum_8_L,0.0054,0.0054
Cerebelum_9_L,Vermis_9,0.0053,0.0053
Parietal_Inf_L,Cerebelum_Crus2_R,-0.0053,-0.0053
Frontal_Inf_Tri_L,Cerebelum_Crus2_R,-0.0053,-0.0053
Occipital_Mid_L,Cerebelum_Crus1_L,-0.0053,-0.0053
Occipital_Mid_L,Cerebelum_8_L,0.0053,0.0053
Frontal_Inf_Tri_L,Amygdala_R,0.0053,0.0053
Thalamus_L,Cerebelum_8_L,0.0053,0.0053
SupraMarginal_L,Cerebelum_Crus1_R,-0.0053,-0.0053
Fusiform_R,Vermis_9,0.0053,0.0053
SupraMarginal_L,Cerebelum_Crus2_R,-0.0052,-0.0052
Frontal_Inf_Orb_R,Cerebelum_Crus2_R,-0.0052,-0.0052
Frontal_Inf_Orb_R,Cerebelum_9_R,0.0052,0.0052
Paracentral_Lobule_L,Cerebelum_Crus2_L,0.0052,0.0052
Frontal_Inf_Oper_R,Vermis_9,0.0052,0.0052
Postcentral_R,Cerebelum_Crus1_L,0.0052,0.0052
Precentral_R,Cerebelum_8_L,0.0052,0.0052
Occipital_Inf_L,Cerebelum_Crus2_R,-0.0052,-0.0052
Occipital_Sup_L,Cerebelum_8_R,0.0052,0.0052
Cingulum_Mid_L,Temporal_Pole_Mid_R,-0.0051,-0.0051
Cerebelum_9_L,Vermis_7,-0.0051,-0.0051
Cingulum_Post_R,Cerebelum_Crus1_L,0.0051,0.0051
Frontal_Sup_L,Cerebelum_Crus1_R,-0.0051,-0.0051
Cerebelum_Crus2_L,Cerebelum_9_L,0.0051,0.0051
Fusiform_L,Vermis_10,0.0051,0.0051
Pallidum_L,Cerebelum_8_L,0.0051,0.0051
Frontal_Med_Orb_R,ParaHippocampal_R,-0.0051,-0.0051
Supp_Motor_Area_R,Vermis_8,0.0051,0.0051
Olfactory_L,Cerebelum_8_R,0.005,0.005
Cerebelum_Crus2_L,Cerebelum_4_5_R,-0.005,-0.005
Cerebelum_Crus2_R,Vermis_8,0.005,0.005
Putamen_R,Cerebelum_Crus1_R,0.005,0.005
Frontal_Med_Orb_L,Cerebelum_8_L,0.005,0.005
Cerebelum_Crus2_L,Vermis_10,0.005,0.005
Thalamus_R,Cerebelum_8_R,-0.005,-0.005
Occipital_Inf_L,Cerebelum_9_L,-0.005,-0.005
Cingulum_Ant_R,Cerebelum_Crus2_R,-0.005,-0.005
Paracentral_Lobule_R,Cerebelum_Crus1_L,-0.005,-0.005
Vermis_1_2,Vermis_9,0.005,0.005
Cerebelum_Crus1_L,Cerebelum_9_R,-0.005,-0.005
Supp_Motor_Area_L,Cerebelum_8_L,0.005,0.005
Pallidum_R,Cerebelum_Crus2_R,0.005,0.005
Temporal_Pole_Mid_R,Cerebelum_9_R,-0.005,-0.005
Temporal_Pole_Mid_L,Vermis_6,0.005,0.005
Parietal_Inf_L,Temporal_Pole_Mid_L,-0.005,-0.005
Heschl_R,Cerebelum_Crus2_R,-0.005,-0.005
Frontal_Mid_R,Amygdala_L,0.005,0.005
Cingulum_Post_L,Cerebelum_Crus2_L,-0.0049,-0.0049
Frontal_Med_Orb_L,Cerebelum_7b_L,0.0049,0.0049
Pallidum_L,Cerebelum_Crus2_L,0.0049,0.0049
Frontal_Sup_Orb_R,Cerebelum_Crus2_R,-0.0049,-0.0049
Frontal_Sup_Orb_R,Cerebelum_9_R,0.0049,0.0049
Vermis_3,Vermis_9,0.0049,0.0049
Thalamus_L,Cerebelum_Crus1_R,0.0049,0.0049
Paracentral_Lobule_L,Vermis_7,0.0049,0.0049
ParaHippocampal_L,Cerebelum_8_R,-0.0049,-0.0049
Frontal_Mid_R,Vermis_9,0.0048,0.0048
Occipital_Sup_R,Cerebelum_8_R,0.0048,0.0048
Cingulum_Post_R,Vermis_8,0.0048,0.0048
Pallidum_L,Vermis_9,0.0048,0.0048
Frontal_Mid_Orb_L,Cerebelum_9_R,0.0048,0.0048
Cerebelum_8_R,Vermis_4_5,-0.0048,-0.0048
Rectus_R,Cerebelum_Crus2_L,0.0048,0.0048
Precuneus_L,Cerebelum_9_L,0.0048,0.0048
Occipital_Sup_R,Cerebelum_Crus1_L,0.0048,0.0048
Cerebelum_3_R,Vermis_8,0.0047,0.0047
Parietal_Inf_R,Cerebelum_9_L,0.0047,0.0047
Vermis_7,Vermis_9,0.0047,0.0047
Parietal_Sup_R,Cerebelum_8_R,-0.0047,-0.0047
Postcentral_L,Cerebelum_9_L,0.0047,0.0047
ParaHippocampal_R,Cerebelum_8_L,0.0047,0.0047
Heschl_R,Vermis_9,0.0047,0.0047
Temporal_Pole_Mid_L,Vermis_9,-0.0047,-0.0047
Calcarine_R,Cerebelum_Crus1_L,0.0047,0.0047
Cingulum_Ant_R,Cerebelum_8_R,0.0046,0.0046
Cingulum_Ant_R,Cerebelum_Crus2_L,-0.0046,-0.0046
Cingulum_Ant_L,Temporal_Pole_Mid_L,0.0046,0.0046
Angular_R,Temporal_Pole_Mid_L,-0.0046,-0.0046
Frontal_Inf_Tri_L,Vermis_6,0.0046,0.0046
Parietal_Inf_R,Cerebelum_Crus2_L,-0.0046,-0.0046
Frontal_Sup_Orb_L,Cerebelum_9_R,0.0046,0.0046
Cerebelum_Crus2_L,Vermis_4_5,0.0046,0.0046
SupraMarginal_L,Cerebelum_8_R,-0.0046,-0.0046
Cerebelum_3_L,Cerebelum_8_L,0.0046,0.0046
Temporal_Mid_R,Cerebelum_8_R,0.0046,0.0046
SupraMarginal_R,Cerebelum_9_R,0.0046,0.0046
Temporal_Pole_Mid_L,Cerebelum_8_L,-0.0046,-0.0046
Postcentral_L,Vermis_6,0.0046,0.0046
Cerebelum_Crus2_R,Vermis_10,-0.0046,-0.0046
Cingulum_Mid_R,Temporal_Pole_Mid_R,-0.0046,-0.0046
Temporal_Sup_R,Cerebelum_8_L,-0.0045,-0.0045
Pallidum_L,Cerebelum_7b_L,0.0045,0.0045
Cerebelum_7b_L,Cerebelum_9_L,-0.0045,-0.0045
Occipital_Mid_L,Temporal_Pole_Mid_R,0.0045,0.0045
Calcarine_L,Temporal_Pole_Mid_L,0.0045,0.0045
Caudate_L,Cerebelum_9_R,-0.0044,-0.0044
Cuneus_L,Temporal_Pole_Mid_L,0.0044,0.0044
Pallidum_R,Temporal_Pole_Mid_R,0.0044,0.0044
Cuneus_R,Cerebelum_Crus1_L,-0.0044,-0.0044
Frontal_Mid_Orb_R,Cerebelum_Crus1_L,0.0044,0.0044
Insula_L,Cerebelum_8_L,0.0044,0.0044
Pallidum_R,Vermis_9,-0.0044,-0.0044
ParaHippocampal_L,Cerebelum_7b_L,-0.0043,-0.0043
Fusiform_L,Vermis_8,0.0043,0.0043
Cingulum_Post_R,Vermis_9,-0.0043,-0.0043
Rolandic_Oper_L,Cerebelum_Crus1_R,0.0043,0.0043
Postcentral_L,Cerebelum_7b_L,0.0043,0.0043
Temporal_Sup_R,Vermis_9,0.0043,0.0043
Frontal_Mid_R,Cerebelum_Crus1_R,-0.0043,-0.0043
Precentral_R,Cerebelum_9_L,0.0043,0.0043
Angular_L,Cerebelum_Crus2_R,-0.0043,-0.0043
Putamen_R,Cerebelum_9_R,-0.0043,-0.0043
Cerebelum_7b_L,Vermis_10,-0.0043,-0.0043
Lingual_R,Cerebelum_8_L,0.0043,0.0043
Supp_Motor_Area_L,Cerebelum_8_R,0.0043,0.0043
Cingulum_Post_L,Vermis_8,0.0043,0.0043
Frontal_Inf_Oper_R,Cerebelum_8_R,0.0042,0.0042
Rectus_R,Cerebelum_9_L,0.0042,0.0042
Frontal_Med_Orb_R,Cerebelum_7b_L,0.0042,0.0042
Cingulum_Mid_R,Cerebelum_9_R,0.0042,0.0042
Temporal_Pole_Mid_L,Cerebelum_Crus2_R,0.0042,0.0042
Occipital_Inf_R,Vermis_8,-0.0042,-0.0042
Heschl_L,Cerebelum_8_L,-0.0042,-0.0042
Cerebelum_Crus2_L,Cerebelum_8_L,0.0042,0.0042
Cerebelum_Crus2_L,Cerebelum_8_R,0.0042,0.0042
Cerebelum_Crus1_R,Cerebelum_7b_L,0.0042,0.0042
Putamen_L,Cerebelum_8_R,0.0041,0.0041
Precentral_L,Vermis_9,-0.0041,-0.0041
Temporal_Pole_Sup_L,Cerebelum_8_R,0.0041,0.0041
Frontal_Inf_Tri_R,Temporal_Pole_Mid_L,-0.0041,-0.0041
Frontal_Inf_Tri_R,Cerebelum_Crus2_L,0.0041,0.0041
Supp_Motor_Area_L,Cerebelum_9_R,0.0041,0.0041
Pallidum_R,Vermis_8,0.0041,0.0041
Caudate_R,Vermis_8,0.0041,0.0041
Fusiform_L,Cerebelum_7b_L,-0.0041,-0.0041
Olfactory_R,Vermis_8,0.0041,0.0041
Cingulum_Mid_R,Cerebelum_Crus2_R,-0.0041,-0.0041
Cingulum_Mid_L,Vermis_9,-0.0041,-0.0041
Occipital_Inf_R,Cerebelum_7b_L,-0.0041,-0.0041
Postcentral_R,Vermis_7,-0.0041,-0.0041
Cingulum_Post_R,Cerebelum_8_L,0.0041,0.0041
Cuneus_R,Cerebelum_Crus2_L,-0.0041,-0.0041
Heschl_L,Cerebelum_9_R,-0.004,-0.004
Occipital_Mid_L,Vermis_8,0.004,0.004
Thalamus_R,Cerebelum_Crus1_R,0.004,0.004
Parietal_Inf_L,Cerebelum_8_L,0.004,0.004
Frontal_Sup_L,Temporal_Pole_Mid_L,-0.004,-0.004
Cerebelum_3_L,Vermis_9,0.004,0.004
Angular_R,Cerebelum_9_L,-0.004,-0.004
Calcarine_R,Cerebelum_8_R,0.004,0.004
Cerebelum_3_R,Vermis_9,0.0039,0.0039
Frontal_Sup_Orb_L,Cerebelum_8_L,0.0039,0.0039
Frontal_Inf_Tri_R,Cerebelum_9_L,-0.0039,-0.0039
Lingual_R,Vermis_9,0.0039,0.0039
Thalamus_L,Cerebelum_9_R,0.0039,0.0039
Frontal_Sup_Medial_R,Vermis_7,-0.0039,-0.0039
Temporal_Pole_Mid_R,Vermis_9,-0.0039,-0.0039
Frontal_Sup_Medial_R,Cerebelum_Crus1_L,0.0039,0.0039
Pallidum_L,Vermis_8,0.0039,0.0039
Amygdala_L,Vermis_9,-0.0039,-0.0039
Frontal_Mid_R,Cerebelum_9_L,-0.0039,-0.0039
Frontal_Inf_Tri_L,Cerebelum_9_L,0.0039,0.0039
Temporal_Mid_R,Cerebelum_7b_L,-0.0039,-0.0039
Cerebelum_9_R,Vermis_7,0.0038,0.0038
Temporal_Inf_L,Cerebelum_9_L,0.0038,0.0038
Putamen_L,Vermis_10,0.0038,0.0038
Amygdala_L,Cerebelum_9_R,-0.0038,-0.0038
Temporal_Inf_L,Vermis_9,0.0038,0.0038
Rectus_R,Cerebelum_Crus2_R,-0.0038,-0.0038
Fusiform_L,Cerebelum_Crus1_R,-0.0038,-0.0038
Parietal_Sup_R,Cerebelum_9_R,-0.0038,-0.0038
Precuneus_L,Cerebelum_Crus2_R,-0.0038,-0.0038
Frontal_Mid_Orb_L,Vermis_8,0.0038,0.0038
Thalamus_L,Temporal_Pole_Mid_L,0.0038,0.0038
Temporal_Pole_Sup_R,Cerebelum_8_L,-0.0038,-0.0038
Vermis_4_5,Vermis_9,0.0037,0.0037
Caudate_R,Cerebelum_8_L,0.0037,0.0037
Occipital_Inf_L,Cerebelum_7b_L,-0.0037,-0.0037
SupraMarginal_L,Cerebelum_Crus2_L,0.0037,0.0037
Heschl_R,Cerebelum_Crus1_L,0.0037,0.0037
Amygdala_R,Cerebelum_7b_L,-0.0037,-0.0037
Temporal_Inf_L,Vermis_8,-0.0037,-0.0037
Rolandic_Oper_L,Vermis_9,0.0037,0.0037
Precuneus_R,Cerebelum_8_L,0.0037,0.0037
Cerebelum_Crus1_R,Vermis_9,-0.0037,-0.0037
Frontal_Sup_Medial_R,Temporal_Pole_Mid_L,-0.0037,-0.0037
Occipital_Mid_R,Cerebelum_8_L,0.0037,0.0037
Frontal_Inf_Tri_L,Vermis_9,0.0037,0.0037
Frontal_Inf_Tri_R,Cerebelum_Crus1_L,0.0037,0.0037
Occipital_Mid_L,Vermis_9,0.0037,0.0037
Temporal_Pole_Mid_R,Cerebelum_Crus1_L,0.0036,0.0036
Angular_L,Cerebelum_9_L,0.0036,0.0036
Temporal_Sup_R,Cerebelum_Crus1_L,-0.0036,-0.0036
Cerebelum_Crus2_L,Cerebelum_6_L,-0.0036,-0.0036
Frontal_Inf_Oper_L,Vermis_6,-0.0036,-0.0036
Temporal_Inf_L,Cerebelum_Crus1_R,-0.0036,-0.0036
Angular_L,Cerebelum_Crus2_L,-0.0036,-0.0036
Olfactory_R,Parietal_Sup_R,0.0036,0.0036
Occipital_Sup_L,Cerebelum_8_L,0.0036,0.0036
Cingulum_Post_R,Cerebelum_9_L,0.0036,0.0036
Frontal_Med_Orb_R,Cerebelum_Crus2_L,-0.0036,-0.0036
Precentral_L,Cerebelum_8_R,0.0036,0.0036
Precentral_L,Cerebelum_7b_L,0.0036,0.0036
Supp_Motor_Area_R,Temporal_Pole_Mid_R,0.0036,0.0036
Occipital_Inf_R,Cerebelum_8_L,-0.0036,-0.0036
Rolandic_Oper_R,Cerebelum_8_R,0.0035,0.0035
Occipital_Inf_R,Parietal_Inf_L,0.0035,0.0035
Cerebelum_4_5_R,Vermis_8,0.0035,0.0035
ParaHippocampal_R,Cerebelum_7b_L,-0.0035,-0.0035
Frontal_Sup_Orb_L,Vermis_8,0.0035,0.0035
Parietal_Sup_L,Cerebelum_7b_L,0.0035,0.0035
Rolandic_Oper_L,Cerebelum_Crus2_R,0.0035,0.0035
Frontal_Sup_Medial_L,Cerebelum_Crus1_L,0.0035,0.0035
Frontal_Sup_Medial_L,Temporal_Pole_Mid_L,-0.0035,-0.0035
Temporal_Pole_Sup_L,Cerebelum_8_L,0.0035,0.0035
Cingulum_Mid_L,Cerebelum_Crus2_R,-0.0035,-0.0035
Cerebelum_Crus2_L,Vermis_6,0.0035,0.0035
Postcentral_L,Vermis_8,-0.0034,-0.0034
Precentral_L,Vermis_8,0.0034,0.0034
Rectus_R,Vermis_9,-0.0034,-0.0034
Frontal_Med_Orb_L,Cerebelum_9_R,0.0034,0.0034
Cuneus_L,Cerebelum_Crus1_L,0.0034,0.0034
Frontal_Inf_Tri_L,Cerebelum_7b_L,0.0034,0.0034
Cingulum_Ant_L,Cerebelum_Crus2_L,-0.0034,-0.0034
Temporal_Sup_R,Cerebelum_9_L,-0.0034,-0.0034
Temporal_Mid_L,Cerebelum_9_L,0.0034,0.0034
Pallidum_L,Cerebelum_Crus2_R,-0.0034,-0.0033
Frontal_Sup_R,Cerebelum_Crus1_R,-0.0034,-0.0034
Caudate_R,Cerebelum_8_R,-0.0034,-0.0034
Cuneus_R,Cerebelum_8_R,0.0033,0.0033
Amygdala_R,Cerebelum_Crus1_R,-0.0033,-0.0033
Fusiform_R,Cerebelum_8_R,0.0033,0.0033
Frontal_Med_Orb_L,ParaHippocampal_R,-0.0033,-0.0033
Thalamus_L,Vermis_9,-0.0033,-0.0033
Cingulum_Post_L,Cerebelum_8_L,0.0033,0.0033
Frontal_Inf_Orb_R,Cerebelum_Crus1_R,0.0033,0.0033
Parietal_Inf_R,Vermis_8,0.0033,0.0033
Supp_Motor_Area_R,Vermis_9,-0.0033,-0.0033
Cingulum_Ant_L,Cerebelum_Crus2_R,0.0033,0.0033
Cerebelum_3_L,Vermis_7,-0.0033,-0.0033
Frontal_Mid_Orb_R,Cerebelum_Crus2_R,-0.0032,-0.0032
Insula_R,Cerebelum_Crus2_L,0.0032,0.0032
Parietal_Inf_R,Vermis_9,-0.0032,-0.0032
Temporal_Sup_R,Cerebelum_8_R,0.0032,0.0032
Supp_Motor_Area_L,Cerebelum_Crus2_L,0.0032,0.0032
Cingulum_Post_R,Temporal_Pole_Mid_L,0.0032,0.0032
Paracentral_Lobule_L,Cerebelum_Crus1_L,0.0032,0.0032
Frontal_Med_Orb_L,Vermis_9,0.0032,0.0032
Frontal_Sup_R,Temporal_Pole_Mid_R,0.0032,0.0032
Cerebelum_4_5_L,Cerebelum_7b_L,-0.0032,-0.0032
Angular_L,Cerebelum_9_R,0.0032,0.0032
Cerebelum_Crus2_R,Cerebelum_3_L,-0.0032,-0.0032
Postcentral_R,Temporal_Pole_Mid_R,-0.0032,-0.0032
Frontal_Inf_Orb_R,Cerebelum_8_L,-0.0032,-0.0032
Parietal_Sup_L,Cerebelum_Crus1_L,-0.0032,-0.0032
Heschl_L,Cerebelum_Crus2_R,0.0032,0.0032
Calcarine_L,Cerebelum_8_L,0.0032,0.0032
Cingulum_Mid_L,Cerebelum_9_R,0.0032,0.0032
Precuneus_R,Temporal_Pole_Mid_L,-0.0032,-0.0032
Cingulum_Ant_L,Cerebelum_Crus1_L,-0.0031,-0.0031
Frontal_Mid_R,Cerebelum_7b_L,0.0031,0.0031
Putamen_R,Cerebelum_Crus2_R,-0.0031,-0.0031
Temporal_Inf_R,Cerebelum_8_L,0.0031,0.0031
Cingulum_Mid_L,Cerebelum_Crus2_L,0.0031,0.0031
Cerebelum_4_5_R,Cerebelum_8_R,0.0031,0.0031
Precentral_R,Amygdala_R,0.0031,0.0031
Temporal_Inf_L,Cerebelum_Crus2_R,-0.0031,-0.0031
Frontal_Mid_R,Vermis_7,-0.0031,-0.0031
Caudate_R,Cerebelum_9_L,-0.0031,-0.0031
Temporal_Pole_Mid_R,Cerebelum_Crus2_R,-0.0031,-0.0031
Frontal_Inf_Tri_L,Cerebelum_9_R,-0.0031,-0.0031
Parietal_Sup_L,Cerebelum_9_R,-0.003,-0.003
Amygdala_R,Cerebelum_Crus2_L,0.003,0.003
Cingulum_Mid_R,Cerebelum_8_R,-0.003,-0.003
Rectus_L,Cerebelum_Crus1_L,0.003,0.003
Cuneus_R,Cerebelum_Crus1_R,0.003,0.003
Cingulum_Post_L,Vermis_9,-0.003,-0.003
Parietal_Sup_R,Cerebelum_6_L,0.003,0.003
Parietal_Inf_R,Cerebelum_7b_L,-0.003,-0.003
Caudate_L,Cerebelum_8_L,0.003,0.003
Cerebelum_8_R,Vermis_10,-0.003,-0.003
Occipital_Inf_R,Temporal_Pole_Mid_L,-0.003,-0.003
Precuneus_R,Temporal_Pole_Mid_R,-0.0029,-0.0029
Frontal_Inf_Tri_R,Vermis_8,0.0029,0.0029
Cingulum_Post_R,Cerebelum_Crus1_R,-0.0029,-0.0029
Paracentral_Lobule_L,Cerebelum_8_L,-0.0029,-0.0029
Cerebelum_9_L,Vermis_6,-0.0029,-0.0029
Rectus_L,Cerebelum_Crus2_L,-0.0029,-0.0029
Frontal_Med_Orb_R,Cerebelum_Crus2_R,0.0029,0.0029
Precentral_L,Cerebelum_9_L,0.0029,0.0029
Cingulum_Mid_L,Vermis_8,0.0029,0.0029
Paracentral_Lobule_L,Vermis_6,0.0029,0.0029
Frontal_Sup_Medial_R,Cerebelum_Crus2_R,-0.0029,-0.0029
Supp_Motor_Area_L,Cerebelum_7b_L,0.0029,0.0029
Amygdala_R,Cerebelum_Crus2_R,0.0029,0.0029
Cerebelum_3_R,Cerebelum_7b_L,0.0029,0.0029
SupraMarginal_R,Cerebelum_9_L,-0.0029,-0.0029
Parietal_Sup_R,Cerebelum_8_L,0.0029,0.0029
Temporal_Pole_Sup_R,Vermis_9,0.0029,0.0029
Putamen_R,Cerebelum_7b_L,0.0029,0.0029
Thalamus_L,Vermis_8,0.0028,0.0028
Frontal_Sup_Medial_L,Cerebelum_Crus2_R,-0.0028,-0.0028
Calcarine_L,Cerebelum_9_L,-0.0028,-0.0028
Frontal_Sup_Medial_L,Cerebelum_8_R,0.0028,0.0028
Cingulum_Post_R,Temporal_Pole_Mid_R,0.0028,0.0028
Hippocampus_R,Cerebelum_7b_L,-0.0028,-0.0028
Cerebelum_3_L,Cerebelum_8_R,-0.0028,-0.0028
Frontal_Sup_Medial_L,Cerebelum_Crus2_L,0.0028,0.0028
Thalamus_L,Cerebelum_8_R,-0.0028,-0.0028
Precentral_R,Temporal_Pole_Mid_L,-0.0027,-0.0027
Cerebelum_8_L,Vermis_10,0.0027,0.0027
Temporal_Pole_Mid_L,Cerebelum_Crus1_R,-0.0027,-0.0027
Temporal_Sup_L,Cerebelum_9_L,0.0027,0.0027
Angular_R,Vermis_8,-0.0027,-0.0027
Frontal_Inf_Oper_L,Cerebelum_9_L,-0.0027,-0.0027
ParaHippocampal_L,Cerebelum_Crus2_L,0.0027,0.0027
Calcarine_L,Vermis_9,-0.0027,-0.0027
Caudate_L,Cerebelum_Crus2_R,-0.0027,-0.0027
Frontal_Med_Orb_L,Cerebelum_Crus2_L,0.0027,0.0027
Parietal_Inf_R,Cerebelum_9_R,0.0026,0.0026
Calcarine_R,Vermis_9,0.0026,0.0026
Frontal_Inf_Oper_R,Cerebelum_9_R,0.0026,0.0026
Frontal_Mid_L,Cerebelum_7b_L,0.0026,0.0026
Heschl_L,Cerebelum_7b_L,0.0026,0.0026
Temporal_Mid_R,Cerebelum_Crus2_L,0.0026,0.0026
Frontal_Mid_Orb_R,Cerebelum_8_R,-0.0026,-0.0026
Cerebelum_7b_L,Cerebelum_9_R,-0.0026,-0.0026
Occipital_Inf_R,Vermis_7,0.0026,0.0026
Cerebelum_Crus1_L,Cerebelum_8_R,0.0026,0.0026
Thalamus_L,Cerebelum_7b_L,0.0026,0.0026
Frontal_Inf_Tri_R,Cerebelum_8_R,0.0026,0.0026
Paracentral_Lobule_R,Cerebelum_9_L,0.0026,0.0026
Cerebelum_4_5_R,Cerebelum_7b_L,-0.0025,-0.0025
SupraMarginal_R,Vermis_8,0.0025,0.0025
Frontal_Mid_L,Amygdala_L,-0.0025,-0.0025
Occipital_Sup_L,Cerebelum_7b_L,-0.0025,-0.0025
ParaHippocampal_R,Cerebelum_9_L,-0.0025,-0.0025
Parietal_Inf_R,Vermis_7,-0.0025,-0.0025
Caudate_R,Cerebelum_Crus2_R,-0.0025,-0.0025
Frontal_Inf_Oper_L,Cerebelum_8_R,0.0025,0.0025
Precentral_R,Cerebelum_9_R,-0.0025,-0.0025
Frontal_Sup_Orb_L,Cerebelum_Crus2_L,0.0025,0.0025
Angular_L,Temporal_Pole_Mid_L,0.0025,0.0025
Cuneus_L,Cerebelum_Crus2_L,-0.0025,-0.0025
Vermis_6,Vermis_10,0.0025,0.0025
Putamen_L,Cerebelum_7b_L,0.0025,0.0025
Olfactory_R,Cerebelum_8_R,-0.0025,-0.0025
Hippocampus_R,Cerebelum_9_L,-0.0025,-0.0025
Frontal_Sup_Orb_L,Cerebelum_8_R,0.0025,0.0025
Frontal_Mid_Orb_R,Cerebelum_Crus2_L,-0.0025,-0.0025
Heschl_R,Cerebelum_8_R,0.0025,0.0025
Hippocampus_R,Cerebelum_8_R,-0.0024,-0.0024
Occipital_Sup_R,Cerebelum_8_L,0.0024,0.0024
Rectus_R,Cerebelum_7b_L,0.0024,0.0024
Parietal_Inf_L,Cerebelum_9_R,-0.0024,-0.0024
Occipital_Inf_R,Paracentral_Lobule_L,0.0024,0.0024
Cerebelum_Crus1_R,Cerebelum_9_R,0.0024,0.0024
Calcarine_R,Cerebelum_7b_L,-0.0024,-0.0024
Frontal_Mid_Orb_L,Cerebelum_7b_L,0.0024,0.0024
Cerebelum_Crus1_L,Vermis_8,-0.0024,-0.0024
Caudate_R,Cerebelum_7b_L,-0.0024,-0.0024
Supp_Motor_Area_L,Cerebelum_9_L,-0.0024,-0.0024
Cingulum_Ant_L,Cerebelum_8_R,0.0024,0.0024
Cingulum_Post_R,Cerebelum_8_R,-0.0023,-0.0023
Frontal_Mid_Orb_R,Cerebelum_8_L,-0.0023,-0.0023
Precentral_R,Vermis_9,-0.0023,-0.0023
Frontal_Mid_R,Cerebelum_9_R,0.0023,0.0023
Angular_R,Cerebelum_8_R,-0.0023,-0.0023
Fusiform_L,Cerebelum_Crus2_L,-0.0023,-0.0023
Temporal_Mid_L,Vermis_8,0.0023,0.0023
Frontal_Inf_Orb_L,Cerebelum_8_L,0.0023,0.0023
Frontal_Mid_L,Cerebelum_Crus2_L,0.0023,0.0023
Cerebelum_Crus2_R,Cerebelum_6_R,0.0023,0.0023
Postcentral_R,Cerebelum_9_L,0.0023,0.0023
Temporal_Mid_R,Vermis_8,-0.0023,-0.0023
Paracentral_Lobule_R,Temporal_Pole_Mid_R,0.0023,0.0023
Occipital_Sup_R,Cerebelum_Crus2_L,0.0023,0.0023
Temporal_Inf_L,Cerebelum_8_L,-0.0023,-0.0023
Thalamus_R,Cerebelum_Crus2_L,-0.0023,-0.0023
Precentral_R,Cerebelum_Crus2_L,-0.0023,-0.0023
Hippocampus_L,Cerebelum_7b_L,-0.0023,-0.0023
Insula_R,Cerebelum_8_R,-0.0022,-0.0022
Putamen_L,Cerebelum_Crus2_L,0.0022,0.0022
Vermis_6,Vermis_9,-0.0022,-0.0022
Olfactory_L,Cerebelum_Crus2_R,-0.0022,-0.0022
Cerebelum_Crus2_R,Cerebelum_3_R,-0.0022,-0.0022
Cerebelum_7b_L,Cerebelum_8_R,0.0022,0.0022
Cerebelum_Crus2_R,Vermis_4_5,0.0022,0.0022
Paracentral_Lobule_L,Vermis_8,0.0022,0.0022
Parietal_Sup_R,Cerebelum_7b_L,0.0022,0.0022
Cingulum_Mid_R,Vermis_9,-0.0022,-0.0022
Calcarine_R,Cerebelum_Crus2_L,0.0022,0.0022
Cerebelum_Crus2_L,Cerebelum_6_R,0.0021,0.0021
Temporal_Inf_L,Cerebelum_9_R,0.0021,0.0021
Temporal_Pole_Mid_R,Cerebelum_Crus2_L,-0.0021,-0.0021
Frontal_Sup_L,Cerebelum_7b_L,0.0021,0.0021
Frontal_Inf_Tri_R,Cerebelum_Crus1_R,0.0021,0.0021
Frontal_Sup_Orb_L,ParaHippocampal_R,0.0021,0.0021
Rolandic_Oper_L,Cerebelum_8_R,0.0021,0.0021
Heschl_L,Cerebelum_Crus2_L,0.0021,0.0021
SupraMarginal_R,Cerebelum_8_R,0.0021,0.0021
Paracentral_Lobule_R,Cerebelum_Crus2_L,-0.0021,-0.0021
Supp_Motor_Area_R,Cerebelum_9_L,0.0021,0.0021
Rectus_R,Parietal_Sup_R,0.0021,0.0021
Occipital_Sup_R,Cerebelum_7b_L,-0.002,-0.002
Occipital_Sup_R,Vermis_8,-0.002,-0.002
Cerebelum_6_L,Vermis_8,-0.002,-0.002
Occipital_Sup_R,Temporal_Pole_Mid_L,-0.002,-0.002
Amygdala_R,Postcentral_R,0.002,0.002
Occipital_Sup_L,Cerebelum_9_L,-0.002,-0.002
Fusiform_R,Cerebelum_8_L,0.002,0.002
Parietal_Inf_R,Cerebelum_8_R,-0.002,-0.002
Frontal_Inf_Tri_L,Cerebelum_8_R,-0.002,-0.002
Amygdala_L,Vermis_7,-0.002,-0.002
Paracentral_Lobule_R,Cerebelum_9_R,0.002,0.002
Postcentral_R,Cerebelum_8_L,0.002,0.002
Frontal_Inf_Oper_L,Cerebelum_7b_L,0.002,0.002
Cingulum_Post_L,Cerebelum_9_R,-0.002,-0.002
Cerebelum_Crus1_L,Vermis_9,-0.002,-0.002
Insula_L,Cerebelum_7b_L,0.002,0.002
Frontal_Sup_L,Cerebelum_Crus2_R,-0.002,-0.002
Temporal_Inf_L,Cerebelum_8_R,0.002,0.002
Rectus_L,Cerebelum_7b_L,0.002,0.002
Cerebelum_8_R,Vermis_3,0.002,0.002
Frontal_Sup_Orb_L,Cerebelum_Crus1_L,0.0019,0.0019
Temporal_Inf_R,Vermis_8,0.0019,0.0019
SupraMarginal_R,Vermis_7,-0.0019,-0.0019
Cerebelum_Crus1_R,Vermis_3,-0.0019,-0.0019
Angular_L,Vermis_7,-0.0019,-0.0019
Amygdala_R,Cerebelum_8_R,0.0019,0.0019
Occipital_Inf_L,Vermis_8,-0.0019,-0.0019
Occipital_Inf_R,Vermis_9,-0.0019,-0.0019
Cingulum_Mid_L,Cerebelum_Crus1_L,-0.0019,-0.0019
Calcarine_L,Cerebelum_Crus2_L,0.0019,0.0019
Paracentral_Lobule_R,Cerebelum_7b_L,-0.0019,-0.0019
Cuneus_R,Cerebelum_7b_L,-0.0019,-0.0019
Frontal_Inf_Orb_L,Cerebelum_8_R,0.0019,0.0019
Lingual_L,Cerebelum_8_L,0.0019,0.0019
Insula_L,Cerebelum_Crus2_R,-0.0019,-0.0019
Cingulum_Ant_L,Vermis_9,0.0018,0.0018
Calcarine_R,Cerebelum_8_L,-0.0018,-0.0018
Parietal_Inf_L,Cerebelum_7b_L,0.0018,0.0018
Frontal_Inf_Orb_R,Cerebelum_Crus2_L,0.0018,0.0018
Precuneus_R,Cerebelum_8_R,-0.0018,-0.0018
Rectus_L,Cerebelum_8_R,0.0018,0.0018
Paracentral_Lobule_R,Cerebelum_Crus1_R,0.0018,0.0018
Olfactory_L,Cerebelum_7b_L,0.0018,0.0018
Occipital_Sup_L,Vermis_9,0.0018,0.0018
SupraMarginal_L,Cerebelum_7b_L,0.0018,0.0018
Thalamus_L,Cerebelum_9_L,-0.0018,-0.0018
Thalamus_R,Vermis_9,0.0018,0.0018
Precuneus_R,Cerebelum_9_R,-0.0018,-0.0018
Cerebelum_8_L,Vermis_4_5,0.0017,0.0017
Frontal_Sup_Medial_L,Cerebelum_7b_L,0.0017,0.0017
Precentral_L,Cerebelum_Crus1_R,0.0017,0.0017
Occipital_Inf_R,Cerebelum_8_R,0.0017,0.0017
Amygdala_R,Vermis_9,0.0017,0.0017
Supp_Motor_Area_R,Cerebelum_8_R,0.0017,0.0017
Temporal_Pole_Mid_L,Cerebelum_3_L,0.0017,0.0017
Fusiform_L,Cerebelum_8_L,-0.0017,-0.0017
Hippocampus_R,Vermis_9,-0.0017,-0.0017
Frontal_Med_Orb_L,Vermis_8,-0.0017,-0.0017
Olfactory_R,Cerebelum_9_L,-0.0017,-0.0017
Cingulum_Post_R,Cerebelum_Crus2_L,0.0017,0.0017
Supp_Motor_Area_L,Vermis_8,0.0017,0.0017
Caudate_L,Cerebelum_Crus1_L,0.0017,0.0017
Rectus_L,Cerebelum_Crus2_R,0.0017,0.0017
Putamen_L,Cerebelum_Crus2_R,-0.0017,-0.0017
Amygdala_L,Cerebelum_Crus2_L,0.0016,0.0016
Frontal_Inf_Tri_R,Cerebelum_7b_L,0.0016,0.0016
Temporal_Pole_Mid_L,Cerebelum_7b_L,0.0016,0.0016
Caudate_L,Temporal_Pole_Mid_R,-0.0016,-0.0016
Putamen_R,Cerebelum_9_L,0.0016,0.0016
Cerebelum_7b_L,Vermis_9,-0.0016,-0.0016
Lingual_L,Vermis_9,0.0016,0.0016
Precuneus_L,Cerebelum_7b_L,0.0016,0.0016
Cerebelum_Crus1_R,Vermis_10,0.0016,0.0016
Calcarine_R,Cerebelum_9_L,0.0016,0.0016
Parietal_Sup_R,Cerebelum_Crus2_R,-0.0016,-0.0016
Postcentral_L,Cerebelum_9_R,-0.0016,-0.0016
Paracentral_Lobule_L,Temporal_Pole_Mid_R,-0.0016,-0.0016
Cerebelum_7b_L,Vermis_6,0.0016,0.0016
Thalamus_L,Cerebelum_Crus2_R,0.0016,0.0016
Heschl_R,Temporal_Pole_Mid_L,-0.0016,-0.0016
Cingulum_Post_R,Cerebelum_7b_L,-0.0015,-0.0015
Frontal_Inf_Oper_R,Cerebelum_Crus1_L,-0.0015,-0.0015
Frontal_Sup_Orb_R,Cerebelum_8_L,-0.0015,-0.0015
Heschl_R,Cerebelum_8_L,0.0015,0.0015
Occipital_Sup_L,Vermis_8,0.0015,0.0015
Rolandic_Oper_R,Cerebelum_7b_L,-0.0015,-0.0015
Paracentral_Lobule_R,Vermis_7,0.0015,0.0015
Rectus_L,Hippocampus_L,0.0015,0.0015
Rolandic_Oper_R,Cerebelum_Crus2_L,0.0015,0.0015
Cingulum_Post_R,Cerebelum_9_R,-0.0015,-0.0015
Frontal_Mid_Orb_R,Cerebelum_7b_L,0.0015,0.0015
Occipital_Inf_R,Temporal_Inf_L,-0.0015,-0.0015
Cingulum_Ant_L,Cerebelum_7b_L,0.0015,0.0015
Pallidum_R,Cerebelum_8_L,-0.0015,-0.0015
Occipital_Inf_R,Parietal_Sup_L,0.0014,0.0014
Caudate_R,Cerebelum_9_R,0.0014,0.0014
Frontal_Inf_Tri_R,Cerebelum_9_R,-0.0014,-0.0014
Precentral_L,Cerebelum_Crus2_L,0.0014,0.0014
Occipital_Mid_L,Cerebelum_7b_L,-0.0014,-0.0014
Cerebelum_3_L,Cerebelum_7b_L,-0.0014,-0.0014
Cerebelum_8_R,Vermis_6,-0.0014,-0.0014
Cerebelum_Crus2_R,Vermis_1_2,0.0014,0.0014
Frontal_Inf_Oper_R,Cerebelum_7b_L,0.0014,0.0014
Cingulum_Ant_R,Cerebelum_7b_L,-0.0014,-0.0014
Frontal_Sup_L,Cerebelum_8_R,0.0014,0.0014
Temporal_Inf_R,Cerebelum_7b_L,0.0013,0.0013
Temporal_Pole_Mid_R,Cerebelum_7b_L,-0.0013,-0.0013
Occipital_Sup_L,Vermis_6,0.0013,0.0013
Parietal_Inf_R,Vermis_6,-0.0013,-0.0013
Frontal_Med_Orb_R,Vermis_8,0.0013,0.0013
Cerebelum_8_R,Cerebelum_9_L,-0.0013,-0.0013
Cingulum_Mid_R,Vermis_6,0.0013,0.0013
Supp_Motor_Area_R,Cerebelum_9_R,-0.0013,-0.0013
Cingulum_Post_L,Cerebelum_9_L,0.0013,0.0013
Cingulum_Post_L,Cerebelum_7b_L,-0.0013,-0.0013
Frontal_Sup_Medial_R,Cerebelum_8_R,0.0013,0.0013
Lingual_L,Cerebelum_8_R,-0.0013,-0.0013
Temporal_Pole_Sup_L,Cerebelum_7b_L,0.0013,0.0013
Thalamus_R,Cerebelum_7b_L,0.0013,0.0013
Temporal_Pole_Mid_R,Vermis_10,-0.0013,-0.0013
Cerebelum_7b_L,Vermis_8,0.0013,0.0013
Frontal_Sup_Medial_R,Cerebelum_7b_L,0.0013,0.0013
Caudate_L,Vermis_9,-0.0013,-0.0013
Cerebelum_Crus2_R,Vermis_3,-0.0013,-0.0013
Caudate_L,Cerebelum_7b_L,0.0013,0.0013
Angular_L,Cerebelum_8_R,0.0013,0.0013
Frontal_Inf_Oper_R,Vermis_7,0.0012,0.0012
Cuneus_L,Cerebelum_7b_L,-0.0012,-0.0012
Parietal_Inf_R,Cerebelum_8_L,0.0012,0.0012
Frontal_Inf_Tri_L,Cerebelum_Crus1_R,-0.0012,-0.0012
Cuneus_L,Cerebelum_9_L,0.0012,0.0012
Amygdala_R,Vermis_8,-0.0012,-0.0012
Precentral_R,Cerebelum_8_R,-0.0012,-0.0012
Occipital_Mid_L,Cerebelum_Crus2_L,0.0012,0.0012
Temporal_Pole_Mid_L,Vermis_7,-0.0012,-0.0012
Cerebelum_Crus2_L,Cerebelum_3_L,-0.0012,-0.0012
Frontal_Inf_Orb_R,Cerebelum_7b_L,-0.0012,-0.0012
Cerebelum_4_5_L,Cerebelum_8_L,0.0012,0.0012
Temporal_Sup_L,Cerebelum_Crus2_L,0.0012,0.0012
Postcentral_R,Vermis_8,0.0012,0.0012
Lingual_R,Cerebelum_8_R,0.0012,0.0012
Temporal_Mid_R,Cerebelum_Crus2_R,0.0011,0.0011
Parietal_Sup_R,Cerebelum_Crus1_L,0.0011,0.0011
Lingual_L,Cerebelum_7b_L,-0.0011,-0.0011
Precuneus_R,Vermis_7,-0.0011,-0.0011
Temporal_Pole_Sup_R,Cerebelum_Crus2_R,-0.0011,-0.0011
Rectus_L,ParaHippocampal_L,0.0011,0.0011
Paracentral_Lobule_L,Cerebelum_8_R,-0.0011,-0.0011
Cingulum_Mid_L,Cerebelum_8_R,-0.0011,-0.0011
Calcarine_L,Cerebelum_Crus1_R,0.0011,0.0011
Frontal_Inf_Orb_R,Vermis_8,-0.0011,-0.0011
Cerebelum_Crus1_L,Cerebelum_9_L,-0.001,-0.001
Frontal_Mid_R,Cerebelum_Crus2_L,0.001,0.001
Frontal_Sup_Orb_L,Cerebelum_7b_L,0.001,0.001
Frontal_Mid_L,Cerebelum_9_R,-0.001,-0.001
Insula_R,Cerebelum_7b_L,-0.001,-0.001
Occipital_Inf_L,Vermis_9,-0.001,-0.001
Temporal_Inf_R,Vermis_9,-0.001,-0.001
Frontal_Mid_L,Vermis_9,-0.0009,-0.0009
Cuneus_L,Cerebelum_8_L,0.0009,0.0009
Frontal_Inf_Oper_L,Cerebelum_9_R,0.0009,0.0009
Frontal_Sup_Orb_L,Cerebelum_Crus2_R,-0.0009,-0.0009
Precuneus_L,Cerebelum_8_R,-0.0009,-0.0009
Precuneus_R,Cerebelum_Crus1_L,0.0009,0.0009
Olfactory_L,Vermis_8,0.0009,0.0009
Frontal_Mid_R,Cerebelum_8_R,0.0009,0.0009
Putamen_R,Cerebelum_8_L,-0.0009,-0.0009
Putamen_R,Vermis_8,0.0009,0.0009
Paracentral_Lobule_L,Cerebelum_9_R,-0.0009,-0.0009
Paracentral_Lobule_R,Cerebelum_8_L,-0.0009,-0.0009
Rolandic_Oper_R,Vermis_8,0.0009,0.0009
Pallidum_R,Cerebelum_7b_L,0.0009,0.0009
Cingulum_Mid_R,Cerebelum_Crus2_L,-0.0009,-0.0009
Cerebelum_6_R,Vermis_8,-0.0009,-0.0009
ParaHippocampal_R,Vermis_10,0.0008,0.0008
Cerebelum_9_L,Vermis_8,-0.0008,-0.0008
Frontal_Inf_Orb_L,Cerebelum_7b_L,-0.0008,-0.0008
Precuneus_L,Cerebelum_9_R,-0.0008,-0.0008
Postcentral_R,Cerebelum_8_R,0.0008,0.0008
Cerebelum_7b_L,Vermis_1_2,0.0008,0.0008
Precuneus_R,Cerebelum_7b_L,-0.0008,-0.0008
Postcentral_R,Cerebelum_9_R,-0.0008,-0.0008
Frontal_Mid_L,Cerebelum_8_R,-0.0008,-0.0008
Frontal_Mid_L,Cerebelum_9_L,0.0008,0.0008
Parietal_Sup_L,Cerebelum_8_R,0.0008,0.0008
Cerebelum_Crus2_L,Cerebelum_7b_L,-0.0008,-0.0008
ParaHippocampal_L,Cerebelum_9_R,-0.0008,-0.0008
Cerebelum_Crus2_R,Cerebelum_6_L,0.0008,0.0008
Angular_R,Vermis_9,0.0007,0.0007
Supp_Motor_Area_R,Cerebelum_7b_L,-0.0007,-0.0007
Caudate_L,Vermis_8,0.0007,0.0007
Cerebelum_8_R,Vermis_1_2,-0.0007,-0.0007
Cingulum_Post_L,Vermis_7,-0.0007,-0.0007
Frontal_Sup_R,Cerebelum_7b_L,-0.0007,-0.0007
Frontal_Inf_Oper_R,Vermis_8,-0.0007,-0.0007
Heschl_R,Cerebelum_7b_L,0.0007,0.0007
Postcentral_L,Cerebelum_8_R,0.0007,0.0007
Cingulum_Mid_R,Cerebelum_7b_L,-0.0007,-0.0007
Frontal_Inf_Oper_L,Amygdala_R,0.0007,0.0007
Postcentral_R,Cerebelum_Crus2_L,0.0007,0.0007
Temporal_Mid_R,Cerebelum_8_L,-0.0006,-0.0006
Insula_L,Cerebelum_8_R,0.0006,0.0006
Hippocampus_R,Cerebelum_8_L,0.0006,0.0006
Caudate_L,Cerebelum_Crus2_L,-0.0006,-0.0006
Angular_R,Cerebelum_Crus1_L,0.0006,0.0006
Supp_Motor_Area_R,Cerebelum_8_L,-0.0006,-0.0006
Putamen_L,Vermis_8,-0.0006,-0.0006
Cerebelum_7b_L,Vermis_7,0.0006,0.0006
Frontal_Mid_Orb_L,Cerebelum_8_R,0.0006,0.0006
Cerebelum_Crus1_R,Cerebelum_6_L,-0.0006,-0.0006
Angular_L,Cerebelum_7b_L,0.0006,0.0006
Angular_L,Vermis_6,-0.0006,-0.0006
Temporal_Sup_R,Vermis_8,0.0006,0.0006
Parietal_Inf_L,Cerebelum_8_R,0.0006,0.0006
Temporal_Mid_L,Cerebelum_8_R,0.0006,0.0006
Frontal_Sup_Medial_R,Cerebelum_Crus2_L,-0.0006,-0.0006
Olfactory_L,Cerebelum_8_L,-0.0005,-0.0005
Temporal_Pole_Mid_L,Cerebelum_6_R,-0.0005,-0.0005
Frontal_Sup_R,Cerebelum_Crus2_L,-0.0005,-0.0005
Supp_Motor_Area_L,Occipital_Inf_R,-0.0005,-0.0005
Occipital_Inf_R,Parietal_Sup_R,0.0005,0.0005
Temporal_Pole_Sup_R,Cerebelum_7b_L,-0.0005,-0.0005
Rectus_R,Vermis_1_2,0.0005,0.0005
Cerebelum_8_L,Vermis_6,-0.0005,-0.0005
Rolandic_Oper_L,Cerebelum_7b_L,0.0005,0.0005
SupraMarginal_L,Vermis_8,-0.0005,-0.0005
Lingual_R,Cerebelum_7b_L,0.0005,0.0005
Paracentral_Lobule_L,Cerebelum_7b_L,0.0005,0.0005
Thalamus_R,Cerebelum_Crus2_R,0.0005,0.0005
Precentral_R,Cerebelum_7b_L,0.0005,0.0005
Parietal_Sup_L,Cerebelum_Crus2_R,0.0005,0.0005
Cerebelum_7b_L,Vermis_4_5,0.0005,0.0005
Cerebelum_Crus1_L,Cerebelum_7b_L,-0.0004,-0.0004
Cerebelum_Crus1_L,Cerebelum_8_L,0.0004,0.0004
Occipital_Mid_R,Temporal_Pole_Mid_L,-0.0004,-0.0004
Fusiform_R,Cerebelum_Crus2_R,-0.0004,-0.0004
Occipital_Inf_R,Cerebelum_9_R,-0.0004,-0.0004
Temporal_Inf_L,Cerebelum_7b_L,-0.0004,-0.0004
Occipital_Inf_R,Vermis_1_2,0.0004,0.0004
SupraMarginal_R,Cerebelum_7b_L,0.0004,0.0004
Temporal_Mid_L,Cerebelum_7b_L,0.0004,0.0004
SupraMarginal_R,Cerebelum_Crus1_R,0.0004,0.0004
Cingulum_Ant_R,Temporal_Pole_Mid_L,-0.0004,-0.0004
Frontal_Med_Orb_L,Cerebelum_8_R,-0.0004,-0.0004
Angular_L,Vermis_9,-0.0004,-0.0004
Frontal_Inf_Orb_L,Vermis_8,0.0004,0.0004
Frontal_Inf_Orb_R,Cerebelum_8_R,0.0004,0.0004
Frontal_Med_Orb_L,Cerebelum_Crus1_L,-0.0003,-0.0003
Cuneus_L,Vermis_9,0.0003,0.0003
Precentral_R,Vermis_8,-0.0003,-0.0003
Fusiform_R,Cerebelum_7b_L,-0.0003,-0.0003
Amygdala_L,Cerebelum_7b_L,-0.0003,-0.0003
Rectus_R,Vermis_8,-0.0003,-0.0003
Cerebelum_8_R,Cerebelum_9_R,0.0003,0.0003
Rolandic_Oper_L,Vermis_8,0.0003,0.0003
Precuneus_L,Cerebelum_Crus1_L,-0.0003,-0.0003
Frontal_Sup_Orb_R,Cerebelum_9_L,-0.0003,-0.0003
Temporal_Sup_L,Cerebelum_7b_L,-0.0003,-0.0003
Cerebelum_4_5_L,Cerebelum_8_R,-0.0003,-0.0003
Precentral_L,Occipital_Inf_R,-0.0003,-0.0003
Olfactory_L,Hippocampus_L,-0.0003,-0.0003
Frontal_Med_Orb_L,Cerebelum_Crus2_R,0.0003,0.0003
Cerebelum_6_R,Vermis_9,-0.0003,-0.0003
Cingulum_Post_L,Cerebelum_8_R,-0.0002,-0.0002
Angular_R,Cerebelum_7b_L,0.0002,0.0002
Insula_R,Cerebelum_8_L,0.0002,0.0002
Temporal_Sup_L,Cerebelum_8_R,0.0002,0.0002
Cerebelum_4_5_R,Cerebelum_8_L,-0.0002,-0.0002
Caudate_L,Cerebelum_9_L,0.0002,0.0002
Cingulum_Mid_L,Cerebelum_7b_L,0.0002,0.0002
Cerebelum_6_L,Cerebelum_7b_L,-0.0002,-0.0002
ParaHippocampal_R,Vermis_9,0.0002,0.0002
Precentral_L,Cerebelum_9_R,-0.0002,-0.0002
Cuneus_R,Cerebelum_9_L,0.0002,0.0002
Cerebelum_7b_L,Vermis_3,0.0002,0.0002
SupraMarginal_R,Vermis_9,0.0002,0.0002
Frontal_Sup_Orb_R,Cerebelum_7b_L,0.0002,0.0002
Temporal_Pole_Sup_R,Cerebelum_8_R,0.0002,0.0002
Hippocampus_R,Vermis_8,0.0002,0.0002
Postcentral_R,Cerebelum_7b_L,-0.0002,-0.0002
Occipital_Sup_L,Cerebelum_Crus1_R,-0.0001,-0.0001
Cerebelum_Crus2_L,Vermis_9,0.0001,0.0001
Putamen_R,Vermis_9,-0.0001,-0.0001
Cerebelum_6_L,Cerebelum_8_L,-0.0001,-0.0001
Cingulum_Mid_R,Cerebelum_9_L,0.0001,0.0001
Cingulum_Mid_L,Cerebelum_9_L,-0.0001,-0.0001
Frontal_Inf_Tri_R,Temporal_Pole_Mid_R,0.0001,0.0001
Calcarine_L,Cerebelum_7b_L,0.0001,0.0001
Occipital_Inf_L,Vermis_10,-0.0001,-0.0001
Supp_Motor_Area_L,Vermis_9,-0.0001,-0.0001
Frontal_Sup_Orb_R,Cerebelum_Crus2_L,-0.0001,-0.0001
Rectus_L,Cerebelum_8_L,0.0001,0.0001
Rolandic_Oper_R,Cerebelum_8_L,0.0001,0.0001
Fusiform_R,Cerebelum_10_L,0.0,0.0
Cerebelum_6_R,Cerebelum_10_L,0.0,0.0
Fusiform_R,Cerebelum_10_R,0.0,0.0
Frontal_Inf_Orb_L,Cerebelum_10_R,0.0,0.0
ParaHippocampal_L,Cerebelum_10_R,0.0,0.0
Cerebelum_6_R,Cerebelum_10_R,0.0,0.0
Precentral_L,Cerebelum_10_R,0.0,0.0
Frontal_Inf_Orb_R,Cerebelum_7b_R,0.0,0.0
Frontal_Sup_Medial_R,Cerebelum_10_L,0.0,0.0
Frontal_Sup_Medial_R,Cerebelum_10_R,0.0,0.0
Pallidum_R,Cerebelum_7b_R,0.0,0.0
Paracentral_Lobule_R,Cerebelum_10_R,0.0,0.0
Cerebelum_7b_L,Cerebelum_10_R,0.0,0.0
Cerebelum_7b_L,Cerebelum_10_L,0.0,0.0
Pallidum_R,Cerebelum_10_L,0.0,0.0
Pallidum_R,Cerebelum_10_R,0.0,0.0
Fusiform_R,Cerebelum_7b_R,0.0,0.0
Cerebelum_7b_L,Cerebelum_7b_R,0.0,0.0
Cerebelum_6_R,Cerebelum_7b_R,0.0,0.0
Paracentral_Lobule_R,Cerebelum_8_R,-0.0,-0.0
Paracentral_Lobule_R,Cerebelum_7b_R,0.0,0.0
Precentral_L,Cerebelum_10_L,0.0,0.0
Paracentral_Lobule_R,Cerebelum_10_L,0.0,0.0
Thalamus_L,Cerebelum_7b_R,0.0,0.0
Frontal_Inf_Orb_L,Cerebelum_10_L,0.0,0.0
Postcentral_L,Cerebelum_10_R,0.0,0.0
Paracentral_Lobule_L,Cerebelum_7b_R,0.0,0.0
Cerebelum_4_5_R,Cerebelum_7b_R,0.0,0.0
Frontal_Med_Orb_R,Cerebelum_7b_R,0.0,0.0
Frontal_Med_Orb_R,Cerebelum_10_L,0.0,0.0
Postcentral_L,Cerebelum_7b_R,0.0,0.0
Thalamus_R,Cerebelum_7b_R,0.0,0.0
Frontal_Med_Orb_R,Cerebelum_10_R,0.0,0.0
Postcentral_L,Cerebelum_10_L,0.0,0.0
Thalamus_R,Cerebelum_10_L,0.0,0.0
Cerebelum_4_5_R,Cerebelum_10_L,0.0,0.0
Lingual_L,Cerebelum_10_R,0.0,0.0
Thalamus_R,Cerebelum_10_R,0.0,0.0
Precentral_R,Cerebelum_7b_R,0.0,0.0
Cerebelum_4_5_L,Cerebelum_10_R,0.0,0.0
Cerebelum_4_5_L,Cerebelum_10_L,0.0,0.0
Rectus_L,Cerebelum_7b_R,0.0,0.0
Lingual_L,Cerebelum_10_L,0.0,0.0
Cerebelum_4_5_L,Cerebelum_7b_R,0.0,0.0
Lingual_R,Cerebelum_7b_R,0.0,0.0
Cerebelum_4_5_R,Cerebelum_10_R,0.0,0.0
Frontal_Inf_Orb_L,Cerebelum_7b_R,0.0,0.0
Thalamus_L,Cerebelum_10_L,0.0,0.0
Frontal_Med_Orb_L,Cerebelum_7b_R,0.0,0.0
Frontal_Med_Orb_L,Cerebelum_10_L,0.0,0.0
Occipital_Sup_L,Cerebelum_10_R,0.0,0.0
Frontal_Med_Orb_L,Cerebelum_10_R,0.0,0.0
Occipital_Sup_L,Cerebelum_10_L,0.0,0.0
Cerebelum_6_L,Cerebelum_10_R,0.0,0.0
Cerebelum_6_L,Cerebelum_10_L,0.0,0.0
Cerebelum_7b_R,Cerebelum_8_L,0.0,0.0
Occipital_Sup_L,Cerebelum_7b_R,0.0,0.0
Paracentral_Lobule_L,Cerebelum_10_L,0.0,0.0
Cerebelum_6_L,Cerebelum_7b_R,0.0,0.0
Thalamus_L,Cerebelum_10_R,0.0,0.0
Frontal_Inf_Tri_R,Cerebelum_10_R,0.0,0.0
Frontal_Inf_Tri_R,Cerebelum_10_L,0.0,0.0
Lingual_R,Cerebelum_10_R,0.0,0.0
Paracentral_Lobule_L,Cerebelum_10_R,0.0,0.0
Lingual_R,Cerebelum_10_L,0.0,0.0
Frontal_Inf_Tri_R,Cerebelum_7b_R,0.0,0.0
Occipital_Sup_R,Cerebelum_7b_R,0.0,0.0
Cerebelum_7b_R,Vermis_10,0.0,0.0
Cerebelum_7b_R,Cerebelum_8_R,0.0,0.0
Cerebelum_10_L,Vermis_8,0.0,0.0
Cerebelum_10_R,Vermis_9,0.0,0.0
Cerebelum_10_R,Vermis_8,0.0,0.0
Cerebelum_10_R,Vermis_7,0.0,0.0
Cerebelum_10_R,Vermis_6,0.0,0.0
Cerebelum_10_R,Vermis_4_5,0.0,0.0
Cerebelum_10_R,Vermis_3,0.0,0.0
Cerebelum_10_R,Vermis_1_2,0.0,0.0
Cerebelum_10_L,Vermis_10,0.0,0.0
Cerebelum_10_L,Vermis_9,0.0,0.0
Cerebelum_10_L,Vermis_7,0.0,0.0
Caudate_R,Cerebelum_7b_R,0.0,0.0
Cerebelum_10_L,Vermis_6,0.0,0.0
Cerebelum_10_L,Vermis_4_5,0.0,0.0
Cerebelum_10_L,Vermis_3,0.0,0.0
Cerebelum_10_L,Vermis_1_2,0.0,0.0
Cerebelum_10_L,Cerebelum_10_R,0.0,0.0
Olfactory_R,Cerebelum_7b_R,0.0,0.0
Rolandic_Oper_R,Cerebelum_10_R,0.0,0.0
Rolandic_Oper_R,Cerebelum_10_L,0.0,0.0
Fusiform_L,Cerebelum_7b_R,0.0,0.0
Cerebelum_10_R,Vermis_10,0.0,0.0
Occipital_Inf_L,Cerebelum_7b_R,0.0,0.0
Fusiform_L,Cerebelum_10_L,0.0,0.0
Supp_Motor_Area_L,Cerebelum_10_L,0.0,0.0
Putamen_L,Cerebelum_10_L,0.0,0.0
Putamen_L,Cerebelum_10_R,0.0,0.0
Occipital_Inf_R,Cerebelum_10_L,0.0,0.0
Supp_Motor_Area_R,Cerebelum_7b_R,0.0,0.0
Supp_Motor_Area_R,Cerebelum_10_L,0.0,0.0
Supp_Motor_Area_R,Cerebelum_10_R,0.0,0.0
Occipital_Inf_R,Cerebelum_7b_R,0.0,0.0
Olfactory_L,Cerebelum_7b_R,0.0,0.0
Supp_Motor_Area_L,Cerebelum_10_R,0.0,0.0
Olfactory_L,Cerebelum_10_L,0.0,0.0
Putamen_R,Cerebelum_10_R,0.0,0.0
Olfactory_L,Cerebelum_10_R,0.0,0.0
Occipital_Inf_R,Cerebelum_10_R,0.0,0.0
Supp_Motor_Area_L,Cerebelum_7b_R,0.0,0.0
Caudate_R,Cerebelum_10_R,0.0,0.0
Putamen_R,Cerebelum_7b_R,0.0,0.0
Caudate_R,Cerebelum_10_L,0.0,0.0
Putamen_R,Cerebelum_10_L,0.0,0.0
Occipital_Inf_L,Cerebelum_10_R,0.0,0.0
Occipital_Inf_L,Cerebelum_10_L,0.0,0.0
Rolandic_Oper_R,Cerebelum_7b_R,0.0,0.0
Cerebelum_9_R,Cerebelum_10_R,0.0,0.0
Cerebelum_7b_R,Cerebelum_9_L,0.0,0.0
Frontal_Inf_Tri_L,Cerebelum_10_L,0.0,0.0
Frontal_Sup_Medial_L,Cerebelum_10_R,0.0,0.0
Rolandic_Oper_L,Cerebelum_7b_R,0.0,0.0
Frontal_Inf_Orb_R,Cerebelum_10_R,0.0,0.0
Occipital_Sup_R,Cerebelum_10_R,0.0,0.0
Cerebelum_8_L,Cerebelum_10_R,0.0,0.0
Cerebelum_8_L,Cerebelum_10_L,0.0,0.0
Frontal_Inf_Orb_R,Cerebelum_10_L,0.0,0.0
Occipital_Sup_R,Cerebelum_10_L,0.0,0.0
Frontal_Sup_Medial_R,Cerebelum_7b_R,0.0,0.0
Cerebelum_7b_R,Vermis_9,0.0,0.0
Caudate_L,Cerebelum_7b_R,0.0,0.0
Cerebelum_7b_R,Vermis_8,0.0,0.0
Cerebelum_7b_R,Vermis_7,0.0,0.0
Cerebelum_7b_R,Vermis_6,0.0,0.0
Cerebelum_7b_R,Vermis_4_5,0.0,0.0
Cerebelum_7b_R,Vermis_3,0.0,0.0
Cerebelum_7b_R,Vermis_1_2,0.0,0.0
Cerebelum_7b_R,Cerebelum_10_R,0.0,0.0
Cerebelum_7b_R,Cerebelum_10_L,0.0,0.0
Cerebelum_7b_R,Cerebelum_9_R,0.0,0.0
Frontal_Sup_Medial_L,Cerebelum_10_L,0.0,0.0
Occipital_Mid_L,Cerebelum_7b_R,0.0,0.0
Cerebelum_9_R,Cerebelum_10_L,0.0,0.0
Pallidum_L,Cerebelum_7b_R,0.0,0.0
Fusiform_L,Cerebelum_10_R,0.0,0.0
Occipital_Mid_R,Cerebelum_10_R,0.0,0.0
Olfactory_R,Cerebelum_10_L,0.0,0.0
Occipital_Mid_R,Cerebelum_10_L,0.0,0.0
Olfactory_R,Cerebelum_10_R,0.0,0.0
Occipital_Mid_R,Cerebelum_7b_R,0.0,0.0
Rolandic_Oper_L,Cerebelum_10_R,0.0,0.0
Cerebelum_9_L,Cerebelum_10_R,0.0,0.0
Cerebelum_9_L,Cerebelum_10_L,0.0,0.0
Frontal_Sup_Medial_L,Cerebelum_7b_R,0.0,0.0
Rolandic_Oper_L,Cerebelum_10_L,0.0,0.0
Caudate_L,Cerebelum_10_R,0.0,0.0
Precentral_L,Cerebelum_7b_R,0.0,0.0
Occipital_Mid_L,Cerebelum_10_R,0.0,0.0
Caudate_L,Cerebelum_10_L,0.0,0.0
Occipital_Mid_L,Cerebelum_10_L,0.0,0.0
Pallidum_L,Cerebelum_10_L,0.0,0.0
Cerebelum_8_R,Cerebelum_10_R,0.0,0.0
Cerebelum_8_R,Cerebelum_10_L,0.0,0.0
Pallidum_L,Cerebelum_10_R,0.0,0.0
Frontal_Inf_Tri_L,Cerebelum_10_R,0.0,0.0
Cuneus_R,Cerebelum_8_L,-0.0,-0.0
Frontal_Inf_Tri_L,Cerebelum_7b_R,0.0,0.0
Cingulum_Post_L,Cerebelum_7b_R,0.0,0.0
Temporal_Pole_Sup_R,Cerebelum_7b_R,0.0,0.0
Frontal_Sup_R,Cerebelum_7b_R,0.0,0.0
Cingulum_Mid_R,Cerebelum_10_L,0.0,0.0
Temporal_Pole_Sup_R,Cerebelum_10_L,0.0,0.0
Temporal_Pole_Sup_R,Cerebelum_10_R,0.0,0.0
Temporal_Inf_R,Cerebelum_10_R,0.0,0.0
Temporal_Inf_R,Cerebelum_10_L,0.0,0.0
Cingulum_Mid_R,Cerebelum_10_R,0.0,0.0
Parietal_Sup_R,Cerebelum_7b_R,0.0,0.0
Temporal_Inf_R,Cerebelum_7b_R,0.0,0.0
SupraMarginal_R,Cerebelum_7b_R,0.0,0.0
Frontal_Sup_R,Cerebelum_10_L,0.0,0.0
Frontal_Sup_R,Cerebelum_10_R,0.0,0.0
Cingulum_Post_L,Cerebelum_10_L,0.0,0.0
Parietal_Sup_R,Cerebelum_10_L,0.0,0.0
Parietal_Sup_R,Cerebelum_10_R,0.0,0.0
Cingulum_Post_L,Cerebelum_10_R,0.0,0.0
Frontal_Mid_L,Cerebelum_10_R,0.0,0.0
Amygdala_L,Cerebelum_10_R,0.0,0.0
Amygdala_L,Cerebelum_10_L,0.0,0.0
Frontal_Mid_R,Cerebelum_7b_R,0.0,0.0
Frontal_Mid_R,Cerebelum_10_L,0.0,0.0
Rectus_L,Cerebelum_10_L,0.0,0.0
Cerebelum_Crus1_L,Cerebelum_10_L,0.0,0.0
Cerebelum_Crus1_R,Cerebelum_3_L,0.0,0.0
Calcarine_L,Cerebelum_7b_R,0.0,0.0
Cingulum_Mid_L,Cerebelum_7b_R,0.0,0.0
Frontal_Mid_Orb_L,Cerebelum_7b_R,0.0,0.0
Frontal_Sup_L,Vermis_9,-0.0,-0.0
Cingulum_Mid_L,Cerebelum_10_L,0.0,0.0
Temporal_Pole_Sup_L,Cerebelum_7b_R,0.0,0.0
Amygdala_R,Cerebelum_10_R,0.0,0.0
Cerebelum_Crus1_L,Cerebelum_10_R,0.0,0.0
Amygdala_R,Cerebelum_10_L,0.0,0.0
Frontal_Mid_R,Cerebelum_10_R,0.0,0.0
Cingulum_Mid_L,Cerebelum_10_R,0.0,0.0
Temporal_Pole_Sup_L,Cerebelum_10_L,0.0,0.0
Temporal_Pole_Sup_L,Cerebelum_10_R,0.0,0.0
Cerebelum_Crus1_L,Cerebelum_7b_R,0.0,0.0
Temporal_Pole_Sup_L,Vermis_8,-0.0,-0.0
Cingulum_Mid_R,Cerebelum_7b_R,0.0,0.0
SupraMarginal_R,Cerebelum_10_R,0.0,0.0
SupraMarginal_R,Cerebelum_10_L,0.0,0.0
Amygdala_R,Cerebelum_7b_R,0.0,0.0
Frontal_Mid_L,Cerebelum_10_L,0.0,0.0
Amygdala_L,Cerebelum_7b_R,0.0,0.0
Temporal_Mid_L,Cerebelum_7b_R,0.0,0.0
Parietal_Inf_L,Cerebelum_7b_R,0.0,0.0
Parietal_Inf_R,Cerebelum_10_R,0.0,0.0
ParaHippocampal_R,Cerebelum_10_R,0.0,0.0
Parietal_Inf_R,Cerebelum_10_L,0.0,0.0
ParaHippocampal_R,Cerebelum_10_L,0.0,0.0
Parietal_Inf_R,Cerebelum_7b_R,0.0,0.0
ParaHippocampal_R,Cerebelum_7b_R,0.0,0.0
Temporal_Pole_Mid_R,Cerebelum_10_R,0.0,0.0
Temporal_Pole_Mid_R,Cerebelum_10_L,0.0,0.0
Hippocampus_R,Cerebelum_7b_R,0.0,0.0
Temporal_Pole_Mid_L,Cerebelum_7b_R,0.0,0.0
Temporal_Mid_L,Cerebelum_10_L,0.0,0.0
Temporal_Pole_Mid_R,Cerebelum_7b_R,0.0,0.0
Hippocampus_R,Cerebelum_10_L,0.0,0.0
Temporal_Pole_Mid_L,Cerebelum_10_L,0.0,0.0
Temporal_Pole_Mid_L,Cerebelum_10_R,0.0,0.0
Parietal_Inf_L,Cerebelum_10_L,0.0,0.0
Frontal_Sup_Orb_R,Cerebelum_7b_R,0.0,0.0
Hippocampus_R,Cerebelum_10_R,0.0,0.0
Parietal_Inf_L,Cerebelum_10_R,0.0,0.0
ParaHippocampal_L,Cerebelum_7b_R,0.0,0.0
Frontal_Sup_Orb_R,Cerebelum_10_L,0.0,0.0
Frontal_Sup_Orb_L,Cerebelum_10_R,0.0,0.0
Frontal_Sup_Orb_L,Cerebelum_10_L,0.0,0.0
Frontal_Sup_Orb_R,Cerebelum_10_R,0.0,0.0
Temporal_Mid_L,Cerebelum_10_R,0.0,0.0
Frontal_Mid_L,Cerebelum_7b_R,0.0,0.0
SupraMarginal_L,Cerebelum_10_R,0.0,0.0
Temporal_Inf_L,Cerebelum_10_R,0.0,0.0
Temporal_Inf_L,Cerebelum_10_L,0.0,0.0
SupraMarginal_L,Cerebelum_10_L,0.0,0.0
SupraMarginal_L,Cerebelum_7b_R,0.0,0.0
Cingulum_Post_R,Cerebelum_7b_R,0.0,0.0
Cingulum_Post_R,Cerebelum_10_L,0.0,0.0
Temporal_Inf_L,Cerebelum_7b_R,0.0,0.0
Cingulum_Post_R,Cerebelum_10_R,0.0,0.0
Temporal_Mid_R,Cerebelum_7b_R,0.0,0.0
Frontal_Sup_Orb_L,Cerebelum_7b_R,0.0,0.0
Hippocampus_L,Cerebelum_7b_R,0.0,0.0
Hippocampus_L,Cerebelum_10_L,0.0,0.0
Temporal_Mid_R,Cerebelum_10_L,0.0,0.0
Amygdala_L,Precuneus_L,-0.0,-0.0
Temporal_Mid_R,Cerebelum_10_R,0.0,0.0
Hippocampus_L,Cerebelum_10_R,0.0,0.0
Frontal_Mid_Orb_L,Cerebelum_10_L,0.0,0.0
Parietal_Sup_L,Cerebelum_10_R,0.0,0.0
Parietal_Sup_L,Cerebelum_10_L,0.0,0.0
Heschl_R,Cerebelum_7b_R,0.0,0.0
Cuneus_L,Cerebelum_10_R,0.0,0.0
Cerebelum_3_L,Cerebelum_10_R,0.0,0.0
Cerebelum_3_L,Cerebelum_10_L,0.0,0.0
Cuneus_L,Cerebelum_10_L,0.0,0.0
Precuneus_L,Cerebelum_10_R,0.0,0.0
Precuneus_L,Cerebelum_10_L,0.0,0.0
Cerebelum_3_L,Cerebelum_7b_R,0.0,0.0
Precuneus_L,Cerebelum_7b_R,0.0,0.0
Postcentral_R,Cerebelum_7b_R,0.0,0.0
Insula_L,Cerebelum_7b_R,0.0,0.0
Cerebelum_Crus2_R,Cerebelum_9_R,-0.0,-0.0
Frontal_Sup_L,Cerebelum_7b_R,0.0,0.0
Heschl_R,Cerebelum_10_L,0.0,0.0
Heschl_R,Cerebelum_10_R,0.0,0.0
Insula_L,Cerebelum_10_L,0.0,0.0
Insula_L,Cerebelum_10_R,0.0,0.0
Postcentral_R,Cerebelum_10_L,0.0,0.0
Insula_R,Cerebelum_7b_R,0.0,0.0
Insula_R,Cerebelum_10_L,0.0,0.0
Cerebelum_Crus2_R,Cerebelum_10_R,0.0,0.0
Frontal_Inf_Oper_R,Cerebelum_7b_R,0.0,0.0
Frontal_Inf_Oper_R,Cerebelum_10_L,0.0,0.0
Frontal_Inf_Oper_R,Cerebelum_10_R,0.0,0.0
Rectus_R,Cerebelum_10_R,0.0,0.0
Lingual_L,Cerebelum_7b_R,0.0,0.0
Rectus_L,Cerebelum_10_R,0.0,0.0
Precuneus_R,Cerebelum_10_R,0.0,0.0
Precuneus_R,Cerebelum_10_L,0.0,0.0
Precentral_R,Cerebelum_10_L,0.0,0.0
Precentral_R,Cerebelum_10_R,0.0,0.0
Cuneus_R,Cerebelum_10_R,0.0,0.0
Cuneus_R,Cerebelum_10_L,0.0,0.0
Cerebelum_3_R,Cerebelum_10_R,0.0,0.0
Cerebelum_3_R,Cerebelum_10_L,0.0,0.0
Precuneus_R,Cerebelum_7b_R,0.0,0.0
ParaHippocampal_L,Cerebelum_10_L,0.0,0.0
Cuneus_R,Cerebelum_7b_R,0.0,0.0
Cerebelum_3_R,Cerebelum_7b_R,0.0,0.0
Heschl_L,Cerebelum_7b_R,0.0,0.0
Heschl_L,Cerebelum_10_L,0.0,0.0
Heschl_L,Cerebelum_10_R,0.0,0.0
Rectus_R,Cerebelum_7b_R,0.0,0.0
Rectus_R,Cerebelum_10_L,0.0,0.0
Cerebelum_Crus2_R,Cerebelum_10_L,0.0,0.0
Postcentral_R,Cerebelum_10_R,0.0,0.0
Frontal_Mid_Orb_L,Cerebelum_10_R,0.0,0.0
Temporal_Sup_R,Cerebelum_7b_R,0.0,0.0
Frontal_Mid_Orb_R,Cerebelum_10_L,0.0,0.0
Cingulum_Ant_L,Cerebelum_10_R,0.0,0.0
Cingulum_Ant_R,Cerebelum_7b_R,0.0,0.0
Cingulum_Ant_R,Cerebelum_10_L,0.0,0.0
Frontal_Mid_Orb_R,Cerebelum_7b_R,0.0,0.0
Cingulum_Ant_R,Cerebelum_10_R,0.0,0.0
Frontal_Sup_L,Cerebelum_10_L,0.0,0.0
Calcarine_L,Cerebelum_10_R,0.0,0.0
Calcarine_L,Cerebelum_10_L,0.0,0.0
Temporal_Sup_R,Cerebelum_10_L,0.0,0.0
Insula_R,Cerebelum_10_R,0.0,0.0
Cerebelum_Crus1_R,Cerebelum_10_R,0.0,0.0
Cerebelum_Crus1_R,Cerebelum_10_L,0.0,0.0
Temporal_Sup_R,Cerebelum_10_R,0.0,0.0
Angular_L,Cerebelum_10_R,0.0,0.0
Parietal_Sup_L,Cerebelum_7b_R,0.0,0.0
Angular_L,Cerebelum_10_L,0.0,0.0
Cerebelum_Crus1_R,Cerebelum_7b_R,0.0,0.0
Angular_L,Cerebelum_7b_R,0.0,0.0
Frontal_Sup_L,Cerebelum_10_R,0.0,0.0
Frontal_Mid_Orb_R,Cerebelum_10_R,0.0,0.0
Cingulum_Ant_L,Cerebelum_10_L,0.0,0.0
Temporal_Sup_L,Vermis_9,0.0,0.0
Cerebelum_Crus2_L,Cerebelum_7b_R,0.0,0.0
Cuneus_L,Cerebelum_7b_R,0.0,0.0
Cerebelum_Crus2_R,Cerebelum_7b_R,0.0,0.0
Frontal_Inf_Oper_L,Cerebelum_10_R,0.0,0.0
Frontal_Inf_Oper_L,Cerebelum_10_L,0.0,0.0
Temporal_Sup_L,Cerebelum_Crus2_R,0.0,0.0
Frontal_Inf_Oper_L,Cerebelum_7b_R,0.0,0.0
Angular_R,Cerebelum_10_R,0.0,0.0
Angular_R,Cerebelum_10_L,0.0,0.0
Temporal_Sup_L,Cerebelum_7b_R,0.0,0.0
Angular_R,Cerebelum_7b_R,0.0,0.0
Temporal_Sup_L,Cerebelum_10_L,0.0,0.0
Calcarine_R,Cerebelum_10_R,0.0,0.0
Calcarine_R,Cerebelum_10_L,0.0,0.0
Temporal_Sup_L,Cerebelum_10_R,0.0,0.0
Cerebelum_Crus2_L,Cerebelum_10_R,0.0,0.0
Cerebelum_Crus2_L,Cerebelum_10_L,0.0,0.0
Cerebelum_Crus2_L,Cerebelum_9_R,-0.0,-0.0
Cingulum_Ant_L,Cerebelum_7b_R,0.0,0.0
Calcarine_R,Cerebelum_7b_R,0.0,0.0
Putamen_L,Cerebelum_7b_R,0.0,0.0
