source,target,Fisher_Z,avg_r
Precuneus_L,Precuneus_R,1.6552,0.9296
Cingulum_Mid_L,Cingulum_Mid_R,1.5552,0.9146
Supp_Motor_Area_L,Supp_Motor_Area_R,1.4441,0.8945
Frontal_Sup_Medial_L,Frontal_Sup_Medial_R,1.3073,0.8636
Paracentral_Lobule_L,Paracentral_Lobule_R,1.275,0.8552
Frontal_Sup_L,Frontal_Sup_R,1.2535,0.8493
Frontal_Mid_L,Frontal_Mid_R,1.2397,0.8454
Precentral_R,Postcentral_R,1.2089,0.8363
Precentral_L,Postcentral_L,1.1936,0.8317
Frontal_Sup_L,Frontal_Mid_L,1.1866,0.8295
Precentral_L,Precentral_R,1.1771,0.8265
Parietal_Sup_L,Precuneus_L,1.1755,0.826
Cingulum_Ant_L,Cingulum_Ant_R,1.1605,0.8212
Frontal_Sup_R,Supp_Motor_Area_R,1.1472,0.8168
Frontal_Sup_L,Frontal_Sup_Medial_L,1.1313,0.8115
Cingulum_Post_L,Cingulum_Post_R,1.1229,0.8086
Frontal_Sup_L,Supp_Motor_Area_L,1.1066,0.8028
Precentral_R,Postcentral_L,1.0995,0.8003
Frontal_Sup_R,Frontal_Mid_R,1.0994,0.8003
Parietal_Sup_L,Precuneus_R,1.0922,0.7977
Frontal_Sup_R,Frontal_Sup_Medial_R,1.0877,0.796
Postcentral_L,Postcentral_R,1.0819,0.7939
Postcentral_R,Paracentral_Lobule_R,1.0714,0.79
Frontal_Inf_Oper_L,Frontal_Inf_Tri_L,1.0689,0.789
Parietal_Sup_R,Precuneus_R,1.0676,0.7886
Postcentral_R,Precuneus_R,1.0674,0.7885
Supp_Motor_Area_R,Cingulum_Mid_R,1.0658,0.7879
Postcentral_L,Parietal_Inf_L,1.0655,0.7878
Precentral_L,Frontal_Mid_L,1.0587,0.7852
Parietal_Sup_L,Parietal_Sup_R,1.0577,0.7848
Postcentral_R,Precuneus_L,1.0575,0.7847
Frontal_Inf_Oper_R,Frontal_Inf_Tri_R,1.0516,0.7824
Parietal_Sup_R,Parietal_Inf_R,1.0506,0.782
Cingulum_Post_L,Precuneus_L,1.0486,0.7813
Precentral_L,Frontal_Mid_R,1.048,0.781
Supp_Motor_Area_R,Paracentral_Lobule_L,1.0466,0.7805
Frontal_Sup_R,Supp_Motor_Area_L,1.0462,0.7803
Insula_R,Putamen_R,1.0447,0.7798
Parietal_Sup_R,Precuneus_L,1.0377,0.777
Frontal_Sup_L,Frontal_Mid_R,1.0338,0.7754
Supp_Motor_Area_R,Paracentral_Lobule_R,1.0326,0.7749
Cingulum_Post_L,Precuneus_R,1.0268,0.7726
Supp_Motor_Area_L,Paracentral_Lobule_L,1.0217,0.7706
Frontal_Sup_L,Supp_Motor_Area_R,1.021,0.7703
Cingulum_Mid_L,Precuneus_L,1.0191,0.7695
Insula_L,Putamen_L,1.0158,0.7682
Cingulum_Mid_R,Precuneus_R,1.0142,0.7675
Frontal_Sup_R,Frontal_Mid_L,1.0053,0.7638
Precentral_R,Frontal_Mid_R,1.0025,0.7626
Supp_Motor_Area_L,Cingulum_Mid_L,0.9999,0.7615
Rolandic_Oper_R,Insula_R,0.9962,0.76
Cingulum_Mid_L,Precuneus_R,0.9946,0.7593
Precentral_R,Supp_Motor_Area_R,0.9922,0.7583
Supp_Motor_Area_L,Cingulum_Mid_R,0.9871,0.7561
Precuneus_L,Paracentral_Lobule_R,0.9849,0.7552
Precuneus_R,Paracentral_Lobule_R,0.9833,0.7545
Parietal_Sup_L,Parietal_Inf_L,0.9811,0.7536
Cingulum_Mid_R,Paracentral_Lobule_R,0.9806,0.7533
Cingulum_Mid_R,Precuneus_L,0.9748,0.7508
Frontal_Sup_L,Frontal_Sup_Medial_R,0.9678,0.7477
Precentral_R,Frontal_Sup_R,0.9655,0.7467
Frontal_Sup_R,Frontal_Sup_Medial_L,0.9604,0.7444
Frontal_Sup_R,Cingulum_Mid_R,0.9602,0.7444
Precentral_L,Supp_Motor_Area_L,0.9582,0.7435
Postcentral_R,Parietal_Sup_L,0.9557,0.7424
Cingulum_Post_R,Precuneus_R,0.9555,0.7423
Supp_Motor_Area_R,Cingulum_Mid_L,0.9515,0.7405
Precentral_R,Supp_Motor_Area_L,0.9454,0.7377
Precentral_L,Frontal_Sup_L,0.9446,0.7373
Cingulum_Mid_L,Cingulum_Post_L,0.9431,0.7366
Precentral_R,Paracentral_Lobule_R,0.9426,0.7364
Thalamus_L,Thalamus_R,0.9426,0.7364
Cingulum_Mid_R,Cingulum_Post_L,0.9407,0.7355
Supp_Motor_Area_R,Postcentral_L,0.9358,0.7333
Precentral_L,Supp_Motor_Area_R,0.9326,0.7318
Frontal_Sup_Medial_R,Cingulum_Ant_R,0.9324,0.7317
Precentral_R,Cingulum_Mid_R,0.9322,0.7316
Frontal_Sup_L,Cingulum_Mid_R,0.9276,0.7295
Postcentral_R,Parietal_Sup_R,0.9212,0.7265
Cingulum_Mid_L,Paracentral_Lobule_L,0.92,0.7259
Postcentral_R,Paracentral_Lobule_L,0.919,0.7254
Precentral_L,Frontal_Sup_R,0.9185,0.7252
Rolandic_Oper_L,Insula_L,0.9181,0.725
Precentral_R,Paracentral_Lobule_L,0.9147,0.7234
Precentral_R,Frontal_Inf_Oper_R,0.9142,0.7231
Frontal_Mid_R,Cingulum_Mid_R,0.9127,0.7224
Precentral_R,Precuneus_R,0.9101,0.7212
Cingulum_Mid_R,Postcentral_R,0.9097,0.721
Cingulum_Mid_L,Paracentral_Lobule_R,0.9086,0.7205
Postcentral_R,Parietal_Inf_L,0.9076,0.72
Parietal_Inf_L,Precuneus_L,0.9074,0.7199
Supp_Motor_Area_R,Postcentral_R,0.9061,0.7192
Postcentral_R,SupraMarginal_R,0.906,0.7192
Supp_Motor_Area_L,Postcentral_L,0.903,0.7178
Postcentral_R,Parietal_Inf_R,0.9024,0.7174
Precentral_L,Cingulum_Mid_R,0.9023,0.7174
Parietal_Inf_L,Precuneus_R,0.9015,0.7171
Cingulum_Mid_L,Postcentral_L,0.9005,0.7165
Cingulum_Mid_R,Paracentral_Lobule_L,0.8988,0.7157
Precentral_R,Precuneus_L,0.8982,0.7154
Postcentral_L,Paracentral_Lobule_R,0.8947,0.7137
Precentral_R,Frontal_Sup_L,0.8945,0.7136
Postcentral_L,Precuneus_L,0.8942,0.7135
Putamen_L,Putamen_R,0.8926,0.7127
Frontal_Sup_L,Postcentral_L,0.8924,0.7126
Postcentral_L,Paracentral_Lobule_L,0.892,0.7124
Cingulum_Mid_R,Postcentral_L,0.8878,0.7103
Insula_L,Insula_R,0.8859,0.7094
Precentral_L,Cingulum_Mid_L,0.8853,0.7091
Postcentral_L,Precuneus_R,0.884,0.7084
Parietal_Inf_R,Precuneus_L,0.8839,0.7084
Frontal_Mid_L,Postcentral_L,0.8836,0.7082
Frontal_Mid_R,Supp_Motor_Area_L,0.8832,0.708
Frontal_Sup_L,Cingulum_Mid_L,0.8806,0.7067
Insula_L,Putamen_R,0.8794,0.7061
Cingulum_Mid_L,Postcentral_R,0.8781,0.7055
Frontal_Mid_R,Postcentral_L,0.8768,0.7048
Frontal_Sup_Medial_L,Cingulum_Mid_R,0.8766,0.7047
Frontal_Mid_R,Postcentral_R,0.8755,0.7041
Frontal_Mid_L,Supp_Motor_Area_L,0.8732,0.703
Frontal_Sup_R,Postcentral_R,0.8708,0.7018
Frontal_Mid_L,Frontal_Sup_Medial_L,0.8701,0.7014
Frontal_Mid_R,Frontal_Sup_Medial_L,0.8699,0.7013
Precentral_L,Postcentral_R,0.8697,0.7012
Cingulum_Post_R,Precuneus_L,0.8666,0.6996
Frontal_Mid_L,Cingulum_Mid_R,0.8647,0.6987
Parietal_Inf_R,Precuneus_R,0.8612,0.6969
Parietal_Inf_R,SupraMarginal_R,0.8599,0.6962
Supp_Motor_Area_R,Precuneus_R,0.8596,0.696
Precuneus_L,Paracentral_Lobule_L,0.859,0.6957
Precentral_R,Cingulum_Mid_L,0.8578,0.6951
Frontal_Mid_L,Cingulum_Mid_L,0.8553,0.6938
Frontal_Sup_Medial_L,Cingulum_Ant_R,0.8541,0.6932
Precentral_R,Frontal_Mid_L,0.8538,0.6931
Frontal_Mid_R,Cingulum_Mid_L,0.85,0.6911
Frontal_Sup_R,Cingulum_Mid_L,0.8496,0.6908
Frontal_Sup_Medial_L,Cingulum_Ant_L,0.8488,0.6904
Postcentral_L,Parietal_Sup_L,0.8463,0.6891
Parietal_Inf_L,Parietal_Inf_R,0.845,0.6884
Supp_Motor_Area_R,Precuneus_L,0.8439,0.6879
Cingulum_Mid_R,Cingulum_Post_R,0.8422,0.687
Cuneus_R,Occipital_Sup_R,0.8416,0.6867
Supp_Motor_Area_L,Frontal_Sup_Medial_L,0.8401,0.6859
Frontal_Mid_R,Supp_Motor_Area_R,0.8358,0.6836
Frontal_Inf_Tri_L,Frontal_Inf_Tri_R,0.8341,0.6827
Frontal_Mid_L,Frontal_Sup_Medial_R,0.8318,0.6815
Frontal_Mid_R,Frontal_Inf_Tri_R,0.8317,0.6814
Frontal_Mid_L,Frontal_Inf_Tri_L,0.83,0.6805
Parietal_Sup_L,Parietal_Inf_R,0.8299,0.6804
Supp_Motor_Area_L,Paracentral_Lobule_R,0.829,0.68
Frontal_Sup_Medial_R,Cingulum_Mid_R,0.8284,0.6796
Frontal_Sup_R,Postcentral_L,0.8239,0.6772
Precentral_L,Paracentral_Lobule_L,0.8211,0.6757
Frontal_Mid_L,Supp_Motor_Area_R,0.819,0.6745
Precuneus_R,Paracentral_Lobule_L,0.8179,0.6739
Frontal_Mid_R,Frontal_Sup_Medial_R,0.817,0.6734
Supp_Motor_Area_R,Frontal_Sup_Medial_L,0.814,0.6718
Frontal_Sup_L,Paracentral_Lobule_L,0.8127,0.6711
Precentral_R,Parietal_Inf_L,0.8108,0.6701
Supp_Motor_Area_L,Postcentral_R,0.8073,0.6681
Supp_Motor_Area_R,Frontal_Sup_Medial_R,0.8066,0.6677
Frontal_Sup_R,Precuneus_R,0.8028,0.6656
Frontal_Mid_R,Precuneus_R,0.8027,0.6655
Frontal_Mid_R,Precuneus_L,0.8021,0.6652
Cuneus_L,Occipital_Sup_L,0.801,0.6646
Frontal_Mid_R,Frontal_Inf_Oper_R,0.7994,0.6637
Frontal_Sup_Medial_L,Cingulum_Mid_L,0.7978,0.6628
Frontal_Sup_R,Precuneus_L,0.7971,0.6624
Precentral_L,Parietal_Inf_L,0.797,0.6623
Precentral_L,Frontal_Inf_Oper_L,0.7944,0.6609
Cingulum_Mid_L,Cingulum_Post_R,0.7928,0.66
Insula_R,Putamen_L,0.791,0.659
Precentral_L,Precuneus_R,0.7908,0.6589
Cingulum_Mid_L,Parietal_Inf_L,0.789,0.6579
Supp_Motor_Area_L,Precuneus_L,0.7879,0.6572
Calcarine_L,Calcarine_R,0.7866,0.6565
Frontal_Sup_R,Paracentral_Lobule_L,0.7858,0.656
Precentral_L,Precuneus_L,0.7849,0.6555
Parietal_Sup_L,Paracentral_Lobule_R,0.7845,0.6553
Frontal_Sup_L,Postcentral_R,0.7811,0.6533
Frontal_Inf_Oper_L,Insula_L,0.7784,0.6518
Caudate_L,Caudate_R,0.7774,0.6512
Supp_Motor_Area_L,Precuneus_R,0.7745,0.6495
Precentral_L,Frontal_Inf_Oper_R,0.7737,0.6491
Frontal_Sup_Medial_L,Postcentral_L,0.7733,0.6488
Precentral_R,Cingulum_Post_L,0.7727,0.6485
Frontal_Sup_Medial_R,Cingulum_Ant_L,0.7716,0.6478
Parietal_Inf_L,Paracentral_Lobule_R,0.7681,0.6458
Precentral_R,Parietal_Sup_L,0.7673,0.6453
Frontal_Sup_R,Paracentral_Lobule_R,0.7652,0.6441
Precentral_L,Paracentral_Lobule_R,0.7649,0.644
Cingulum_Mid_L,Parietal_Sup_L,0.7642,0.6435
Precentral_L,Frontal_Sup_Medial_L,0.7639,0.6434
Cingulum_Mid_R,Parietal_Sup_L,0.7618,0.6421
Postcentral_L,SupraMarginal_L,0.761,0.6417
Parietal_Sup_R,Parietal_Inf_L,0.7601,0.6411
Parietal_Inf_L,SupraMarginal_L,0.7583,0.6401
Cingulum_Mid_R,Parietal_Inf_L,0.7576,0.6396
Frontal_Inf_Oper_L,Postcentral_L,0.7569,0.6393
Parietal_Inf_L,Paracentral_Lobule_L,0.7568,0.6392
Supp_Motor_Area_L,Frontal_Sup_Medial_R,0.7523,0.6365
Putamen_L,Pallidum_L,0.7515,0.636
Frontal_Sup_L,Precuneus_R,0.7507,0.6356
Frontal_Inf_Oper_R,Frontal_Sup_Medial_R,0.7468,0.6332
Parietal_Inf_L,SupraMarginal_R,0.7445,0.6319
Precentral_L,Cingulum_Post_L,0.7439,0.6315
Frontal_Sup_L,Precuneus_L,0.7437,0.6314
Precentral_R,Frontal_Sup_Medial_L,0.7425,0.6307
Frontal_Inf_Oper_R,Postcentral_R,0.742,0.6303
Frontal_Inf_Oper_R,Frontal_Sup_Medial_L,0.7408,0.6296
SupraMarginal_R,Precuneus_R,0.7407,0.6296
Cingulum_Post_L,Postcentral_R,0.7394,0.6288
Frontal_Mid_R,Cingulum_Post_L,0.739,0.6285
Insula_R,Cingulum_Ant_R,0.7367,0.6271
Frontal_Inf_Oper_L,Frontal_Inf_Oper_R,0.7356,0.6265
Frontal_Mid_L,Postcentral_R,0.7326,0.6246
Frontal_Sup_Medial_R,Postcentral_R,0.7323,0.6245
Frontal_Inf_Tri_L,Frontal_Sup_Medial_L,0.7322,0.6244
Frontal_Sup_Medial_R,Cingulum_Mid_L,0.732,0.6243
Supp_Motor_Area_R,Parietal_Inf_L,0.7303,0.6232
Supp_Motor_Area_R,Cingulum_Post_L,0.7268,0.6211
Frontal_Sup_R,Cingulum_Post_L,0.7263,0.6208
Precentral_R,Frontal_Sup_Medial_R,0.726,0.6206
Rolandic_Oper_L,Temporal_Sup_L,0.7248,0.6199
Frontal_Inf_Oper_R,Postcentral_L,0.7248,0.6199
Frontal_Mid_L,Frontal_Inf_Oper_L,0.7238,0.6192
Parietal_Inf_R,Angular_R,0.7236,0.6191
Frontal_Mid_L,Frontal_Inf_Tri_R,0.7234,0.619
Frontal_Mid_R,Frontal_Inf_Tri_L,0.7225,0.6184
Cingulum_Post_L,Parietal_Sup_L,0.7222,0.6183
Caudate_L,Putamen_R,0.7209,0.6175
Rolandic_Oper_L,Heschl_L,0.7203,0.6171
Cuneus_L,Cuneus_R,0.7202,0.617
Cingulum_Post_L,Parietal_Inf_L,0.7194,0.6165
Frontal_Mid_R,Parietal_Inf_L,0.7192,0.6164
Supp_Motor_Area_L,Cingulum_Post_L,0.7186,0.6161
SupraMarginal_R,Precuneus_L,0.7185,0.616
Caudate_L,Putamen_L,0.7178,0.6155
Frontal_Mid_L,Precuneus_R,0.7177,0.6155
Rolandic_Oper_R,Putamen_R,0.7176,0.6154
Frontal_Sup_L,Paracentral_Lobule_R,0.7173,0.6153
Frontal_Inf_Oper_R,Frontal_Inf_Tri_L,0.7172,0.6151
Frontal_Sup_Medial_L,Paracentral_Lobule_L,0.7165,0.6148
Frontal_Mid_L,Frontal_Inf_Oper_R,0.7138,0.613
Supp_Motor_Area_L,Parietal_Inf_L,0.7126,0.6123
Insula_R,Caudate_L,0.7121,0.612
Frontal_Sup_Medial_L,Postcentral_R,0.7102,0.6108
Cingulum_Post_L,Postcentral_L,0.7076,0.6092
Frontal_Mid_L,Precuneus_L,0.7071,0.6089
Frontal_Sup_L,Cingulum_Post_L,0.7024,0.6059
Parietal_Inf_L,Angular_L,0.7016,0.6054
Postcentral_L,SupraMarginal_R,0.7005,0.6047
Hippocampus_L,Thalamus_L,0.6992,0.6039
Parietal_Sup_R,Paracentral_Lobule_R,0.6989,0.6037
Frontal_Inf_Oper_L,Frontal_Inf_Tri_R,0.698,0.6031
Caudate_R,Putamen_R,0.6979,0.603
Precentral_L,Frontal_Sup_Medial_R,0.6966,0.6022
Frontal_Inf_Tri_L,Insula_L,0.6961,0.6019
Frontal_Med_Orb_L,Frontal_Med_Orb_R,0.6954,0.6014
Frontal_Sup_R,Cingulum_Ant_R,0.694,0.6006
Heschl_L,Temporal_Sup_L,0.6936,0.6003
Frontal_Mid_L,Parietal_Inf_L,0.6935,0.6002
Rolandic_Oper_L,Putamen_L,0.6934,0.6001
Precentral_R,SupraMarginal_R,0.6926,0.5997
Insula_R,Cingulum_Ant_L,0.6924,0.5995
Supp_Motor_Area_R,Parietal_Sup_L,0.6912,0.5988
Postcentral_L,Parietal_Inf_R,0.6908,0.5985
Frontal_Sup_Medial_R,Postcentral_L,0.6908,0.5985
Frontal_Inf_Tri_R,Frontal_Sup_Medial_R,0.69,0.598
Cingulum_Mid_L,Parietal_Sup_R,0.689,0.5973
Precentral_L,Frontal_Inf_Tri_L,0.6886,0.5971
Frontal_Inf_Oper_R,Insula_R,0.6875,0.5964
Precentral_R,Frontal_Inf_Tri_R,0.6872,0.5962
Precentral_R,Cingulum_Post_R,0.6865,0.5957
Parietal_Sup_L,Paracentral_Lobule_L,0.6864,0.5956
Frontal_Sup_L,Parietal_Inf_L,0.6861,0.5955
Cingulum_Post_R,Thalamus_R,0.6859,0.5954
Cingulum_Post_L,Paracentral_Lobule_R,0.6854,0.595
Cingulum_Mid_R,Parietal_Sup_R,0.6846,0.5945
Precentral_R,Parietal_Inf_R,0.6832,0.5936
Frontal_Sup_Medial_L,Precuneus_R,0.6813,0.5923
Insula_L,Caudate_L,0.6812,0.5923
Frontal_Sup_Medial_L,Caudate_L,0.6809,0.5921
Frontal_Mid_R,Parietal_Sup_L,0.6779,0.5902
Supp_Motor_Area_R,Cingulum_Post_R,0.6767,0.5894
Frontal_Sup_R,Parietal_Inf_L,0.675,0.5883
Frontal_Sup_R,Cingulum_Post_R,0.6747,0.588
Hippocampus_L,ParaHippocampal_L,0.6745,0.5879
Heschl_R,Temporal_Sup_R,0.6735,0.5873
Frontal_Sup_Medial_L,Paracentral_Lobule_R,0.6727,0.5868
Frontal_Inf_Tri_R,Frontal_Sup_Medial_L,0.672,0.5863
Precentral_R,Parietal_Sup_R,0.672,0.5863
Cerebelum_4_5_L,Vermis_4_5,0.6705,0.5853
Frontal_Mid_L,Cingulum_Post_L,0.6705,0.5853
Frontal_Sup_Medial_L,Precuneus_L,0.6678,0.5835
Frontal_Inf_Tri_L,Postcentral_L,0.6649,0.5816
Frontal_Sup_R,Parietal_Sup_L,0.6647,0.5815
Cingulum_Mid_L,Parietal_Inf_R,0.6632,0.5805
Frontal_Sup_Medial_R,Precuneus_R,0.6624,0.58
Cingulum_Ant_R,Putamen_R,0.6607,0.5788
Lingual_R,Vermis_4_5,0.6606,0.5788
Supp_Motor_Area_L,Cingulum_Post_R,0.6604,0.5787
Frontal_Mid_R,Paracentral_Lobule_R,0.6603,0.5786
Postcentral_L,Parietal_Sup_R,0.6601,0.5785
Frontal_Inf_Oper_R,Caudate_L,0.6599,0.5783
Occipital_Sup_L,Occipital_Mid_L,0.6597,0.5782
Frontal_Sup_Orb_L,Frontal_Mid_Orb_L,0.6596,0.5781
Calcarine_R,Lingual_R,0.6595,0.578
Cingulum_Post_L,Thalamus_L,0.6587,0.5775
Cingulum_Post_L,Paracentral_Lobule_L,0.6586,0.5774
Frontal_Sup_Orb_R,Frontal_Med_Orb_R,0.6584,0.5773
Precentral_L,Parietal_Sup_L,0.6584,0.5773
Frontal_Mid_R,Cingulum_Post_R,0.6583,0.5772
Cingulum_Mid_R,Caudate_L,0.658,0.577
Frontal_Mid_R,Paracentral_Lobule_L,0.6575,0.5767
Cingulum_Mid_R,Caudate_R,0.6572,0.5765
Frontal_Mid_L,Paracentral_Lobule_L,0.6563,0.5759
Cingulum_Post_R,Parietal_Sup_L,0.6556,0.5754
Frontal_Sup_L,Frontal_Inf_Tri_L,0.6555,0.5754
Cingulum_Ant_L,Caudate_L,0.6553,0.5752
Angular_R,Precuneus_R,0.655,0.5751
Frontal_Sup_R,Frontal_Inf_Oper_R,0.654,0.5744
Frontal_Inf_Oper_R,Cingulum_Mid_R,0.6531,0.5737
Cingulum_Mid_R,Thalamus_L,0.651,0.5723
Cingulum_Mid_R,Parietal_Inf_R,0.6508,0.5722
Frontal_Inf_Oper_L,Frontal_Sup_Medial_L,0.6504,0.5719
Rolandic_Oper_R,Insula_L,0.6504,0.5719
Frontal_Mid_R,Frontal_Inf_Oper_L,0.6465,0.5693
Frontal_Sup_L,Cingulum_Post_R,0.6455,0.5686
Angular_L,Precuneus_R,0.6451,0.5684
Cingulum_Post_R,Parietal_Inf_L,0.645,0.5683
Frontal_Sup_Medial_R,Caudate_L,0.645,0.5683
Cingulum_Post_R,Postcentral_R,0.6447,0.5681
Precentral_L,Frontal_Inf_Tri_R,0.644,0.5676
Frontal_Inf_Oper_R,Cingulum_Mid_L,0.6437,0.5674
Hippocampus_R,ParaHippocampal_R,0.6434,0.5672
Lingual_L,Lingual_R,0.6414,0.5658
Cingulum_Mid_L,Thalamus_L,0.6402,0.565
Putamen_R,Pallidum_R,0.6401,0.565
Rolandic_Oper_L,Insula_R,0.6394,0.5645
Parietal_Sup_R,SupraMarginal_R,0.6389,0.5642
Insula_L,Cingulum_Ant_L,0.6363,0.5623
Cingulum_Mid_L,Caudate_L,0.6359,0.5621
Cingulum_Post_R,Postcentral_L,0.6357,0.5619
Caudate_R,Thalamus_L,0.6349,0.5614
Cingulum_Post_L,Thalamus_R,0.6342,0.561
Parietal_Inf_R,Paracentral_Lobule_R,0.6339,0.5607
Parietal_Sup_L,SupraMarginal_R,0.6339,0.5607
Frontal_Mid_R,SupraMarginal_R,0.6334,0.5604
Cingulum_Mid_L,Caudate_R,0.6333,0.5603
Parietal_Sup_R,Angular_R,0.6323,0.5596
Supp_Motor_Area_L,Parietal_Sup_L,0.6321,0.5595
Frontal_Sup_Medial_R,Precuneus_L,0.632,0.5594
Frontal_Sup_Medial_L,Cingulum_Post_L,0.6317,0.5592
Frontal_Inf_Tri_R,Insula_R,0.6316,0.5592
Insula_R,Caudate_R,0.6311,0.5588
Angular_R,Precuneus_L,0.6308,0.5586
Cingulum_Mid_R,Thalamus_R,0.6303,0.5583
Frontal_Inf_Oper_R,Supp_Motor_Area_R,0.6302,0.5582
Frontal_Mid_R,Parietal_Inf_R,0.6297,0.5579
Cingulum_Post_L,Parietal_Sup_R,0.6296,0.5577
Rolandic_Oper_R,Cingulum_Ant_R,0.6288,0.5572
Frontal_Sup_L,Frontal_Inf_Oper_R,0.627,0.556
Precentral_R,Frontal_Inf_Oper_L,0.6265,0.5556
Frontal_Inf_Tri_L,Frontal_Sup_Medial_R,0.6265,0.5557
Frontal_Inf_Tri_R,Postcentral_R,0.6259,0.5553
Rolandic_Oper_L,SupraMarginal_L,0.6246,0.5543
Cingulum_Post_R,Thalamus_L,0.6244,0.5542
Frontal_Inf_Oper_L,Caudate_R,0.6225,0.5529
Precentral_L,Cingulum_Post_R,0.6223,0.5527
Frontal_Inf_Oper_R,Supp_Motor_Area_L,0.6222,0.5527
Insula_L,Caudate_R,0.6221,0.5526
Cingulum_Post_R,Paracentral_Lobule_R,0.6217,0.5523
Putamen_R,Pallidum_L,0.6211,0.5519
Frontal_Sup_Medial_R,Insula_R,0.6209,0.5518
Cingulum_Ant_R,Caudate_L,0.6183,0.55
Insula_L,Temporal_Sup_L,0.6183,0.55
Caudate_R,Putamen_L,0.6173,0.5492
Parietal_Sup_L,Angular_L,0.6164,0.5486
Frontal_Sup_Medial_L,Cingulum_Post_R,0.6152,0.5478
Frontal_Inf_Orb_L,Insula_L,0.6145,0.5473
Frontal_Sup_R,Caudate_R,0.6135,0.5466
Frontal_Sup_Medial_R,Paracentral_Lobule_R,0.6135,0.5466
Parietal_Sup_R,Paracentral_Lobule_L,0.613,0.5463
Frontal_Sup_Medial_R,Cingulum_Post_L,0.6123,0.5457
Angular_L,Precuneus_L,0.6118,0.5454
Frontal_Sup_L,Frontal_Inf_Oper_L,0.6112,0.545
Frontal_Mid_L,Paracentral_Lobule_R,0.6111,0.5449
Frontal_Sup_Medial_R,Paracentral_Lobule_L,0.6106,0.5445
Frontal_Mid_R,Parietal_Sup_R,0.6106,0.5446
Frontal_Inf_Oper_L,Rolandic_Oper_L,0.6094,0.5437
Frontal_Inf_Oper_R,Precuneus_R,0.6093,0.5436
Frontal_Sup_Medial_L,Parietal_Inf_L,0.6092,0.5435
Rolandic_Oper_L,Postcentral_L,0.6076,0.5424
Frontal_Inf_Tri_R,Postcentral_L,0.6075,0.5424
Lingual_L,Vermis_4_5,0.6075,0.5424
Calcarine_L,Cuneus_L,0.607,0.542
Cingulum_Ant_L,Putamen_R,0.6066,0.5418
Frontal_Sup_R,Frontal_Inf_Tri_R,0.6065,0.5416
Frontal_Sup_L,Cingulum_Ant_L,0.6062,0.5414
Rolandic_Oper_L,Putamen_R,0.606,0.5413
Frontal_Sup_L,Parietal_Sup_L,0.6052,0.5407
Frontal_Inf_Oper_L,Caudate_L,0.6047,0.5404
Frontal_Inf_Tri_L,Insula_R,0.6045,0.5403
Frontal_Sup_Medial_L,Insula_R,0.6044,0.5402
SupraMarginal_L,Temporal_Sup_L,0.604,0.5399
Occipital_Sup_L,Occipital_Sup_R,0.6032,0.5393
SupraMarginal_R,Temporal_Sup_R,0.6031,0.5393
Frontal_Inf_Orb_R,Insula_R,0.6028,0.539
SupraMarginal_R,Angular_R,0.6026,0.5389
Frontal_Sup_Medial_L,Insula_L,0.6024,0.5388
Frontal_Mid_R,Caudate_R,0.6023,0.5387
Postcentral_L,Caudate_L,0.6022,0.5386
Cingulum_Mid_R,SupraMarginal_R,0.6019,0.5384
Frontal_Inf_Tri_L,Caudate_L,0.6013,0.538
Cingulum_Post_L,Caudate_R,0.601,0.5378
Frontal_Mid_L,Cingulum_Post_R,0.6009,0.5377
Cingulum_Post_L,Parietal_Inf_R,0.5992,0.5365
Frontal_Mid_L,Parietal_Sup_L,0.5992,0.5365
Hippocampus_R,Thalamus_R,0.5989,0.5363
Temporal_Sup_R,Temporal_Mid_R,0.598,0.5356
Cingulum_Ant_R,Caudate_R,0.5979,0.5355
Lingual_L,Cerebelum_4_5_L,0.5979,0.5355
Cingulum_Ant_L,Putamen_L,0.5976,0.5354
Caudate_L,Thalamus_L,0.5973,0.5351
Parietal_Inf_R,Paracentral_Lobule_L,0.5968,0.5347
Frontal_Sup_Medial_R,Cingulum_Post_R,0.5968,0.5348
Hippocampus_L,Hippocampus_R,0.5956,0.5339
Insula_L,Cingulum_Ant_R,0.5956,0.5339
Cingulum_Mid_L,Thalamus_R,0.5948,0.5333
Frontal_Mid_L,Caudate_L,0.5943,0.533
Precentral_L,SupraMarginal_R,0.5925,0.5317
Rolandic_Oper_L,Rolandic_Oper_R,0.5924,0.5316
Occipital_Sup_R,Angular_R,0.5922,0.5315
Frontal_Sup_L,Cingulum_Ant_R,0.5919,0.5313
Precentral_L,Caudate_R,0.5918,0.5312
Cingulum_Mid_L,SupraMarginal_R,0.5902,0.53
Frontal_Inf_Oper_R,SupraMarginal_R,0.5897,0.5297
Frontal_Sup_L,Frontal_Inf_Tri_R,0.5896,0.5296
Frontal_Inf_Oper_L,SupraMarginal_L,0.5892,0.5293
Frontal_Inf_Tri_R,Caudate_L,0.5889,0.5291
Frontal_Sup_L,Caudate_R,0.5888,0.529
Frontal_Inf_Oper_L,Insula_R,0.5882,0.5286
Precentral_L,Parietal_Inf_R,0.5882,0.5286
Insula_L,Postcentral_L,0.5878,0.5283
Parietal_Sup_L,Angular_R,0.5872,0.5279
Frontal_Inf_Oper_R,Cingulum_Post_L,0.587,0.5278
Frontal_Inf_Oper_R,Precuneus_L,0.5867,0.5275
Frontal_Inf_Oper_R,Insula_L,0.5845,0.5259
Cingulum_Post_L,SupraMarginal_R,0.5838,0.5254
Frontal_Sup_L,Insula_L,0.5833,0.525
Cuneus_R,Occipital_Sup_L,0.5833,0.5251
Rolandic_Oper_R,SupraMarginal_R,0.5832,0.525
Caudate_R,Thalamus_R,0.5829,0.5248
Precuneus_R,Thalamus_L,0.5821,0.5242
Frontal_Sup_R,Cingulum_Ant_L,0.5821,0.5242
Frontal_Sup_R,Parietal_Sup_R,0.582,0.5241
Cingulum_Post_R,Paracentral_Lobule_L,0.5818,0.524
Temporal_Sup_L,Temporal_Mid_L,0.5817,0.5239
Frontal_Sup_R,Parietal_Inf_R,0.5814,0.5237
Cingulum_Ant_R,Cingulum_Mid_R,0.581,0.5234
Frontal_Sup_Medial_L,Caudate_R,0.5808,0.5233
Precentral_L,SupraMarginal_L,0.5803,0.5229
Cuneus_L,Precuneus_R,0.5789,0.5219
Frontal_Sup_L,Caudate_L,0.5783,0.5214
SupraMarginal_R,Paracentral_Lobule_R,0.5781,0.5213
Supp_Motor_Area_R,Parietal_Sup_R,0.5777,0.521
Precentral_L,Caudate_L,0.5775,0.5209
Precentral_R,Frontal_Inf_Tri_L,0.5774,0.5208
Supp_Motor_Area_R,Thalamus_L,0.5771,0.5206
Frontal_Inf_Oper_R,Cingulum_Ant_L,0.5763,0.5199
Supp_Motor_Area_R,Parietal_Inf_R,0.5753,0.5193
Supp_Motor_Area_R,SupraMarginal_R,0.5752,0.5191
Postcentral_R,SupraMarginal_L,0.5739,0.5182
Frontal_Inf_Oper_L,Frontal_Sup_Medial_R,0.5733,0.5178
SupraMarginal_R,Paracentral_Lobule_L,0.5728,0.5174
Frontal_Inf_Tri_L,Caudate_R,0.5727,0.5173
Supp_Motor_Area_L,Thalamus_L,0.572,0.5168
Precuneus_R,Thalamus_R,0.572,0.5169
Frontal_Sup_R,SupraMarginal_R,0.5718,0.5167
Rolandic_Oper_R,Putamen_L,0.5713,0.5163
Supp_Motor_Area_L,Parietal_Inf_R,0.5707,0.5159
Rolandic_Oper_R,Cingulum_Ant_L,0.5689,0.5146
Frontal_Inf_Oper_R,Cingulum_Ant_R,0.5687,0.5144
Frontal_Inf_Oper_L,Postcentral_R,0.5682,0.514
Frontal_Sup_Medial_R,Parietal_Inf_L,0.5665,0.5128
Frontal_Inf_Oper_L,Cingulum_Mid_L,0.5663,0.5126
Precentral_L,Parietal_Sup_R,0.5661,0.5125
Occipital_Mid_L,Angular_L,0.5657,0.5122
SupraMarginal_L,Angular_L,0.5653,0.5119
Cingulum_Ant_L,Caudate_R,0.5649,0.5116
Cuneus_R,Precuneus_R,0.5649,0.5116
Frontal_Inf_Tri_R,Cingulum_Mid_R,0.5639,0.5108
Supp_Motor_Area_R,Caudate_R,0.5639,0.5109
Frontal_Inf_Oper_R,Rolandic_Oper_R,0.5638,0.5108
Frontal_Sup_R,Caudate_L,0.5636,0.5107
Rolandic_Oper_R,Caudate_L,0.563,0.5102
Hippocampus_R,Thalamus_L,0.5623,0.5097
Frontal_Inf_Oper_L,Supp_Motor_Area_L,0.5621,0.5096
Frontal_Mid_L,Caudate_R,0.5617,0.5092
Frontal_Inf_Oper_L,Parietal_Inf_L,0.5613,0.509
Parietal_Inf_L,Thalamus_L,0.5611,0.5088
Calcarine_L,Lingual_L,0.5605,0.5083
Frontal_Inf_Oper_L,Supp_Motor_Area_R,0.5597,0.5077
Frontal_Mid_R,Caudate_L,0.5591,0.5073
Rolandic_Oper_L,Thalamus_L,0.559,0.5073
Frontal_Inf_Oper_L,Cingulum_Mid_R,0.5588,0.5071
Frontal_Mid_L,Insula_L,0.5579,0.5064
Frontal_Inf_Tri_L,Cingulum_Mid_L,0.5579,0.5064
Supp_Motor_Area_L,Parietal_Sup_R,0.5577,0.5063
Precentral_R,Caudate_R,0.5574,0.5061
Insula_R,Postcentral_R,0.5572,0.5059
Supp_Motor_Area_L,SupraMarginal_R,0.557,0.5058
Frontal_Inf_Oper_R,Cingulum_Post_R,0.5569,0.5057
Cingulum_Ant_L,Cingulum_Mid_R,0.5565,0.5054
Frontal_Inf_Oper_R,Putamen_R,0.5558,0.5049
Cingulum_Post_R,Parietal_Inf_R,0.5554,0.5045
Frontal_Sup_Medial_L,Parietal_Sup_L,0.5552,0.5044
Cuneus_L,Occipital_Sup_R,0.5551,0.5043
Postcentral_L,Caudate_R,0.5546,0.504
Insula_L,Pallidum_L,0.5545,0.5039
Frontal_Inf_Tri_L,Cingulum_Mid_R,0.5538,0.5034
Frontal_Sup_Medial_R,Caudate_R,0.5536,0.5032
Frontal_Inf_Tri_L,Postcentral_R,0.553,0.5028
Precuneus_L,Thalamus_L,0.5524,0.5023
Frontal_Sup_R,Insula_R,0.5503,0.5007
Frontal_Inf_Orb_L,Frontal_Inf_Orb_R,0.5503,0.5007
Precentral_R,Caudate_L,0.5501,0.5006
Postcentral_L,Thalamus_L,0.5501,0.5006
Calcarine_R,Cuneus_R,0.5501,0.5006
Cerebelum_3_L,Vermis_3,0.5499,0.5004
Frontal_Mid_R,Cingulum_Ant_R,0.5498,0.5004
Frontal_Mid_L,SupraMarginal_R,0.5495,0.5001
Frontal_Sup_L,SupraMarginal_R,0.5495,0.5001
Frontal_Inf_Tri_L,Parietal_Inf_L,0.548,0.499
Precuneus_R,Caudate_L,0.5479,0.4989
Cingulum_Post_R,Caudate_L,0.5474,0.4986
Frontal_Mid_L,SupraMarginal_L,0.5466,0.4979
SupraMarginal_L,Thalamus_L,0.5463,0.4977
Insula_R,Calcarine_R,0.5463,0.4977
Frontal_Sup_Medial_R,SupraMarginal_R,0.5463,0.4978
SupraMarginal_L,SupraMarginal_R,0.5461,0.4976
Cingulum_Post_L,Angular_L,0.5458,0.4974
Cerebelum_4_5_R,Vermis_4_5,0.5457,0.4973
Frontal_Sup_R,Frontal_Inf_Oper_L,0.5457,0.4973
Parietal_Inf_L,Angular_R,0.545,0.4968
Cingulum_Post_R,Parietal_Sup_R,0.544,0.496
Postcentral_R,Caudate_L,0.544,0.496
Precentral_R,SupraMarginal_L,0.5438,0.4959
Supp_Motor_Area_R,Caudate_L,0.5431,0.4953
Supp_Motor_Area_R,SupraMarginal_L,0.543,0.4952
Frontal_Sup_Medial_R,Parietal_Sup_L,0.5429,0.4952
Frontal_Sup_L,Parietal_Inf_R,0.5426,0.495
Cingulum_Ant_R,Putamen_L,0.5424,0.4948
Frontal_Sup_Orb_R,Frontal_Mid_Orb_R,0.5414,0.4941
Rolandic_Oper_R,Heschl_R,0.5406,0.4935
Postcentral_R,Caudate_R,0.5402,0.4932
Insula_R,Postcentral_L,0.5393,0.4924
Frontal_Inf_Tri_L,Cingulum_Ant_R,0.5384,0.4918
Cuneus_L,Precuneus_L,0.5381,0.4916
Frontal_Sup_L,Thalamus_L,0.5379,0.4914
Frontal_Sup_L,SupraMarginal_L,0.5379,0.4914
Cingulum_Post_L,Caudate_L,0.5371,0.4908
Supp_Motor_Area_L,Caudate_R,0.5366,0.4904
Frontal_Sup_R,Frontal_Inf_Tri_L,0.5366,0.4904
Frontal_Inf_Oper_L,Putamen_R,0.5365,0.4903
Frontal_Sup_Medial_R,Insula_L,0.536,0.4899
Postcentral_R,Angular_R,0.5359,0.4899
Frontal_Sup_L,Insula_R,0.5358,0.4898
Paracentral_Lobule_L,Thalamus_L,0.5348,0.489
Frontal_Sup_Medial_L,SupraMarginal_R,0.5346,0.4889
Cingulum_Ant_L,Cingulum_Mid_L,0.5341,0.4885
SupraMarginal_L,Precuneus_R,0.5335,0.4881
Rolandic_Oper_R,Temporal_Sup_R,0.5331,0.4877
Frontal_Inf_Tri_R,Insula_L,0.5328,0.4875
Insula_R,Cingulum_Post_R,0.5326,0.4874
Frontal_Inf_Oper_R,Caudate_R,0.5326,0.4874
Supp_Motor_Area_L,SupraMarginal_L,0.5324,0.4872
Calcarine_L,Precuneus_R,0.532,0.4869
Cingulum_Post_R,Cuneus_L,0.5319,0.4868
Frontal_Inf_Tri_R,Cingulum_Mid_L,0.5319,0.4868
Hippocampus_L,Thalamus_R,0.5317,0.4867
Precentral_R,Insula_R,0.5309,0.4861
Frontal_Inf_Oper_L,Cingulum_Post_L,0.5306,0.4859
Caudate_L,Thalamus_R,0.53,0.4854
Frontal_Inf_Tri_L,Supp_Motor_Area_L,0.5299,0.4853
Cerebelum_3_L,Cerebelum_4_5_L,0.5293,0.4848
Supp_Motor_Area_L,Caudate_L,0.5289,0.4845
Cingulum_Post_R,Caudate_R,0.5289,0.4845
Frontal_Inf_Tri_R,SupraMarginal_R,0.5288,0.4845
Frontal_Inf_Tri_R,Precuneus_R,0.5281,0.4839
Insula_R,SupraMarginal_R,0.528,0.4838
Frontal_Mid_L,Parietal_Inf_R,0.5273,0.4833
Frontal_Inf_Orb_L,Insula_R,0.5273,0.4833
Frontal_Mid_R,Insula_R,0.5273,0.4833
Frontal_Mid_R,SupraMarginal_L,0.5271,0.4832
Precuneus_R,Caudate_R,0.5269,0.483
Insula_L,Thalamus_L,0.5269,0.483
Insula_R,Cingulum_Post_L,0.5262,0.4825
Frontal_Sup_Medial_L,Parietal_Inf_R,0.5257,0.4821
Rolandic_Oper_R,Postcentral_R,0.5255,0.4819
Thalamus_L,Temporal_Sup_L,0.5248,0.4814
Angular_L,Angular_R,0.5247,0.4813
Supp_Motor_Area_R,Thalamus_R,0.5246,0.4812
Frontal_Inf_Tri_R,Supp_Motor_Area_R,0.5244,0.4811
Frontal_Mid_R,Cingulum_Ant_L,0.5242,0.481
Frontal_Inf_Oper_L,Putamen_L,0.523,0.48
Cingulum_Post_R,SupraMarginal_R,0.5224,0.4796
Precentral_L,Insula_L,0.5223,0.4795
Cingulum_Post_L,Hippocampus_L,0.522,0.4792
Frontal_Sup_L,Parietal_Sup_R,0.5219,0.4792
Frontal_Inf_Oper_R,Paracentral_Lobule_R,0.5218,0.4791
Calcarine_R,Lingual_L,0.5214,0.4788
Rolandic_Oper_R,Frontal_Sup_Medial_R,0.5209,0.4784
Frontal_Sup_R,Insula_L,0.5198,0.4775
Frontal_Inf_Oper_R,Paracentral_Lobule_L,0.5195,0.4773
Frontal_Inf_Tri_R,Cingulum_Ant_R,0.5192,0.4771
Insula_L,Heschl_L,0.5192,0.4771
Putamen_L,Thalamus_L,0.5186,0.4766
Frontal_Inf_Tri_R,Caudate_R,0.5182,0.4763
Cingulum_Mid_L,SupraMarginal_L,0.518,0.4761
Calcarine_R,Precuneus_R,0.5175,0.4757
Cuneus_L,Angular_R,0.5174,0.4757
Supp_Motor_Area_L,Thalamus_R,0.5174,0.4757
Frontal_Inf_Tri_L,SupraMarginal_L,0.5166,0.4751
Precuneus_L,Thalamus_R,0.5161,0.4747
Frontal_Inf_Tri_L,Cingulum_Ant_L,0.5161,0.4747
Frontal_Sup_Orb_L,Frontal_Sup_Orb_R,0.5157,0.4744
Insula_R,Temporal_Sup_L,0.5154,0.4741
Rolandic_Oper_R,Calcarine_R,0.5153,0.474
Cingulum_Post_L,Calcarine_L,0.5149,0.4738
Frontal_Mid_L,Cingulum_Ant_R,0.5146,0.4735
Precentral_R,Cingulum_Ant_R,0.5144,0.4734
Calcarine_L,Precuneus_L,0.5141,0.4731
Occipital_Sup_L,Precuneus_R,0.5134,0.4726
Precentral_L,Thalamus_L,0.5133,0.4725
Frontal_Inf_Oper_L,Precuneus_L,0.5131,0.4724
SupraMarginal_L,Paracentral_Lobule_L,0.5131,0.4723
Insula_R,Heschl_R,0.512,0.4715
Frontal_Sup_R,Thalamus_L,0.5114,0.4711
Frontal_Inf_Oper_R,Parietal_Inf_L,0.5111,0.4708
Precuneus_L,Caudate_L,0.5102,0.4701
Insula_R,Pallidum_L,0.51,0.47
Frontal_Mid_L,Insula_R,0.5098,0.4698
Thalamus_L,Heschl_L,0.5096,0.4696
Postcentral_R,Angular_L,0.5095,0.4696
Insula_R,Lingual_R,0.5094,0.4695
Rolandic_Oper_L,Parietal_Inf_L,0.5092,0.4694
Rolandic_Oper_L,Cingulum_Ant_L,0.5091,0.4693
Precentral_R,Angular_R,0.5088,0.469
Frontal_Inf_Oper_L,Cingulum_Ant_R,0.5075,0.468
Frontal_Inf_Tri_R,Supp_Motor_Area_L,0.5074,0.4679
Cingulum_Mid_R,SupraMarginal_L,0.5073,0.4679
Insula_L,SupraMarginal_L,0.5071,0.4677
Occipital_Sup_R,Occipital_Mid_R,0.507,0.4676
Frontal_Inf_Oper_L,Thalamus_L,0.5066,0.4673
Precuneus_L,Caudate_R,0.5065,0.4672
Frontal_Inf_Tri_L,Precuneus_R,0.5065,0.4672
Frontal_Inf_Tri_R,Cingulum_Post_L,0.5061,0.4669
Frontal_Inf_Tri_R,Precuneus_L,0.506,0.4668
Cingulum_Ant_R,Postcentral_R,0.506,0.4668
Frontal_Inf_Oper_L,Precuneus_R,0.5059,0.4668
Pallidum_L,Pallidum_R,0.5058,0.4666
Frontal_Inf_Tri_L,Putamen_R,0.5053,0.4663
Frontal_Inf_Tri_L,Cingulum_Post_L,0.5053,0.4663
Parietal_Sup_R,Angular_L,0.5052,0.4662
Frontal_Inf_Tri_R,Cingulum_Ant_L,0.5049,0.466
Putamen_R,Thalamus_L,0.5047,0.4658
Cingulum_Ant_L,Postcentral_L,0.5043,0.4655
Cingulum_Ant_R,Cingulum_Mid_L,0.5043,0.4655
Cuneus_R,Occipital_Mid_L,0.5042,0.4654
Caudate_L,Pallidum_L,0.504,0.4653
Frontal_Mid_L,Cingulum_Ant_L,0.5039,0.4652
Paracentral_Lobule_R,Thalamus_L,0.5037,0.4651
Insula_R,Cingulum_Mid_R,0.5037,0.465
Frontal_Mid_L,Parietal_Sup_R,0.5037,0.465
Occipital_Sup_L,Angular_R,0.5037,0.465
Frontal_Sup_Medial_R,Putamen_R,0.5036,0.4649
Occipital_Sup_L,Angular_L,0.5033,0.4647
Calcarine_R,Cuneus_L,0.5023,0.464
Frontal_Inf_Tri_L,Precuneus_L,0.5009,0.4628
Frontal_Inf_Oper_L,Paracentral_Lobule_L,0.5009,0.4628
Rolandic_Oper_R,Lingual_R,0.5003,0.4624
Frontal_Mid_R,Insula_L,0.4999,0.4621
Insula_R,Cingulum_Mid_L,0.4996,0.4618
Frontal_Sup_Medial_L,Putamen_R,0.4996,0.4618
Precentral_R,Thalamus_L,0.4991,0.4614
Postcentral_L,Putamen_L,0.4991,0.4614
Frontal_Sup_L,Rolandic_Oper_L,0.4989,0.4613
Cingulum_Post_L,Cuneus_L,0.4985,0.461
Cuneus_R,Angular_R,0.4984,0.4609
SupraMarginal_L,Precuneus_L,0.4982,0.4607
Frontal_Inf_Orb_R,Insula_L,0.4978,0.4604
Precentral_R,Angular_L,0.4977,0.4603
Cingulum_Post_L,SupraMarginal_L,0.4968,0.4596
Cingulum_Post_R,Calcarine_R,0.4962,0.4591
Cerebelum_3_R,Vermis_3,0.4959,0.4589
Frontal_Inf_Tri_L,Supp_Motor_Area_R,0.4958,0.4588
Cingulum_Post_R,Hippocampus_R,0.4956,0.4587
Postcentral_L,Angular_L,0.4953,0.4584
Frontal_Sup_Orb_L,Frontal_Med_Orb_L,0.4953,0.4584
Calcarine_L,Lingual_R,0.4949,0.4581
Temporal_Sup_L,Temporal_Sup_R,0.4946,0.4578
Precentral_R,Cingulum_Ant_L,0.4943,0.4577
Frontal_Sup_Orb_R,Frontal_Med_Orb_L,0.4937,0.4572
Supp_Motor_Area_R,Cingulum_Ant_R,0.4931,0.4567
Cerebelum_3_R,Cerebelum_4_5_R,0.4926,0.4563
Calcarine_R,Vermis_4_5,0.4926,0.4563
Frontal_Inf_Orb_L,Putamen_L,0.4925,0.4562
ParaHippocampal_L,ParaHippocampal_R,0.4924,0.4561
Frontal_Inf_Oper_R,Parietal_Inf_R,0.4909,0.455
Cuneus_L,Occipital_Mid_L,0.4908,0.4549
Supp_Motor_Area_R,Insula_L,0.4906,0.4547
Supp_Motor_Area_L,Cingulum_Ant_L,0.4886,0.4531
Occipital_Sup_L,Precuneus_L,0.4877,0.4524
Frontal_Mid_R,Thalamus_L,0.4876,0.4523
Lingual_L,Fusiform_L,0.4876,0.4523
Frontal_Inf_Oper_R,Putamen_L,0.4876,0.4523
Frontal_Inf_Oper_R,Parietal_Sup_L,0.4875,0.4522
Frontal_Sup_Medial_R,Parietal_Inf_R,0.4869,0.4518
Hippocampus_R,Precuneus_R,0.4868,0.4517
Insula_L,Calcarine_R,0.4868,0.4517
Rolandic_Oper_R,Frontal_Sup_Medial_L,0.4867,0.4516
Vermis_3,Vermis_4_5,0.4867,0.4516
Frontal_Sup_Medial_L,Parietal_Sup_R,0.4863,0.4513
Cingulum_Post_R,Calcarine_L,0.4862,0.4512
Precentral_L,Insula_R,0.4859,0.4509
Rolandic_Oper_L,Caudate_R,0.4855,0.4506
Postcentral_R,Thalamus_L,0.4855,0.4507
Cuneus_L,Angular_L,0.4851,0.4503
Frontal_Inf_Tri_L,Rolandic_Oper_L,0.485,0.4503
Putamen_R,Temporal_Sup_L,0.4849,0.4502
Cingulum_Ant_L,Postcentral_R,0.4848,0.4501
Precentral_R,Insula_L,0.4845,0.4498
Frontal_Inf_Tri_R,Cingulum_Post_R,0.4839,0.4493
Frontal_Sup_L,Putamen_R,0.4834,0.4489
Frontal_Sup_R,SupraMarginal_L,0.4833,0.4489
Frontal_Sup_L,Putamen_L,0.4832,0.4488
Frontal_Inf_Oper_L,Cingulum_Ant_L,0.4831,0.4488
Cingulum_Post_R,Putamen_R,0.4831,0.4487
Postcentral_L,Thalamus_R,0.4828,0.4485
Cingulum_Post_R,Angular_R,0.4826,0.4483
Rolandic_Oper_L,Caudate_L,0.4824,0.4482
Frontal_Sup_R,Putamen_R,0.4824,0.4481
Insula_R,Temporal_Sup_R,0.482,0.4478
Rolandic_Oper_R,Caudate_R,0.482,0.4479
Supp_Motor_Area_L,Insula_L,0.4819,0.4478
Frontal_Mid_L,Thalamus_L,0.4818,0.4477
Insula_L,Postcentral_R,0.4815,0.4474
Parietal_Sup_L,SupraMarginal_L,0.4815,0.4474
Insula_R,Precuneus_R,0.4814,0.4474
Cingulum_Post_L,Calcarine_R,0.4812,0.4472
Frontal_Inf_Orb_R,Rolandic_Oper_R,0.4811,0.4471
Frontal_Sup_Medial_L,Putamen_L,0.4807,0.4468
Paracentral_Lobule_L,Caudate_R,0.4807,0.4468
Frontal_Inf_Orb_L,Putamen_R,0.4802,0.4464
Parietal_Inf_R,Angular_L,0.48,0.4462
Frontal_Sup_Medial_L,SupraMarginal_L,0.4792,0.4456
Frontal_Inf_Orb_L,Rolandic_Oper_L,0.478,0.4446
Rolandic_Oper_L,Calcarine_R,0.4777,0.4444
Postcentral_L,Angular_R,0.4776,0.4443
Hippocampus_R,ParaHippocampal_L,0.4773,0.444
Putamen_L,Temporal_Sup_L,0.477,0.4438
Supp_Motor_Area_R,Cingulum_Ant_L,0.4765,0.4435
SupraMarginal_L,Paracentral_Lobule_R,0.4762,0.4432
Frontal_Sup_Medial_R,Parietal_Sup_R,0.4762,0.4432
Occipital_Sup_R,Precuneus_R,0.4761,0.4431
SupraMarginal_R,Caudate_L,0.4757,0.4428
Frontal_Mid_R,Angular_L,0.4757,0.4428
Paracentral_Lobule_L,Caudate_L,0.4756,0.4427
Frontal_Sup_R,Rolandic_Oper_R,0.4754,0.4425
Frontal_Inf_Tri_R,Rolandic_Oper_R,0.4751,0.4423
Frontal_Mid_L,Putamen_L,0.4735,0.441
Rolandic_Oper_L,Pallidum_L,0.4725,0.4402
Supp_Motor_Area_L,Cingulum_Ant_R,0.4723,0.44
Rolandic_Oper_L,Cingulum_Ant_R,0.4722,0.44
Frontal_Inf_Oper_L,Paracentral_Lobule_R,0.4717,0.4396
Cingulum_Post_L,Angular_R,0.4716,0.4395
Calcarine_L,Cuneus_R,0.47,0.4382
Rolandic_Oper_L,Lingual_R,0.4699,0.4381
Frontal_Mid_Orb_L,Frontal_Inf_Orb_L,0.4698,0.438
Insula_L,Cingulum_Post_R,0.4697,0.438
Paracentral_Lobule_R,Thalamus_R,0.4697,0.4379
Insula_R,Thalamus_L,0.4696,0.4378
Calcarine_R,Putamen_R,0.4692,0.4375
Postcentral_L,Putamen_R,0.4692,0.4375
Insula_L,Temporal_Pole_Sup_L,0.4691,0.4375
Frontal_Sup_L,Thalamus_R,0.469,0.4374
Frontal_Inf_Tri_R,Putamen_R,0.4688,0.4372
Cuneus_R,Precuneus_L,0.4683,0.4369
Precentral_L,Cingulum_Ant_L,0.4678,0.4364
Insula_R,Cuneus_L,0.4672,0.4359
Paracentral_Lobule_R,Caudate_R,0.4671,0.4359
Frontal_Inf_Tri_L,Cingulum_Post_R,0.4667,0.4355
Insula_L,Parietal_Inf_L,0.4667,0.4355
Frontal_Inf_Tri_L,Paracentral_Lobule_L,0.4666,0.4354
Cingulum_Ant_L,Cingulum_Post_R,0.4659,0.4348
Hippocampus_R,Precuneus_L,0.4659,0.4349
Rolandic_Oper_L,Frontal_Sup_Medial_L,0.4657,0.4347
Parietal_Inf_L,Caudate_R,0.4652,0.4343
Rolandic_Oper_L,Vermis_4_5,0.4649,0.4341
Hippocampus_L,SupraMarginal_L,0.4646,0.4338
Lingual_R,Cerebelum_4_5_R,0.4646,0.4338
Frontal_Sup_R,Thalamus_R,0.4642,0.4335
SupraMarginal_R,Angular_L,0.4639,0.4332
Frontal_Inf_Tri_R,Paracentral_Lobule_R,0.4638,0.4332
Rolandic_Oper_R,Postcentral_L,0.4636,0.433
Hippocampus_L,Temporal_Mid_L,0.4634,0.4328
Cerebelum_4_5_R,Vermis_3,0.4629,0.4324
Insula_R,Calcarine_L,0.4621,0.4318
Insula_L,Cingulum_Post_L,0.462,0.4317
Cingulum_Ant_R,Precuneus_R,0.4619,0.4316
Insula_L,Cingulum_Mid_L,0.4617,0.4314
Postcentral_R,Putamen_R,0.4614,0.4312
Insula_L,Cingulum_Mid_R,0.4611,0.431
Calcarine_R,Temporal_Sup_L,0.4609,0.4308
Frontal_Sup_R,Angular_L,0.4609,0.4308
Precentral_R,Putamen_R,0.4608,0.4307
Cingulum_Ant_R,Postcentral_L,0.4607,0.4306
Precentral_R,Rolandic_Oper_R,0.4605,0.4305
Insula_R,Vermis_4_5,0.4604,0.4304
Cingulum_Post_L,Putamen_R,0.46,0.4301
Rolandic_Oper_L,Temporal_Pole_Sup_L,0.4599,0.43
Rolandic_Oper_R,Temporal_Sup_L,0.4599,0.43
Cingulum_Post_R,Angular_L,0.4598,0.4299
Frontal_Inf_Oper_L,Cingulum_Post_R,0.4598,0.43
Hippocampus_L,Temporal_Sup_L,0.459,0.4293
Calcarine_L,Vermis_4_5,0.4585,0.4289
Frontal_Inf_Tri_L,Thalamus_L,0.4583,0.4287
Putamen_L,Pallidum_R,0.4575,0.4281
Precentral_L,Cingulum_Ant_R,0.4569,0.4276
Cingulum_Ant_L,Paracentral_Lobule_L,0.4567,0.4274
Cingulum_Post_L,Hippocampus_R,0.4565,0.4272
Parietal_Inf_L,Thalamus_R,0.4564,0.4271
Temporal_Sup_L,Temporal_Pole_Sup_L,0.4561,0.4269
Paracentral_Lobule_R,Caudate_L,0.4561,0.4269
Supp_Motor_Area_L,Insula_R,0.4557,0.4266
Fusiform_L,Cerebelum_4_5_L,0.4555,0.4264
Frontal_Inf_Tri_L,SupraMarginal_R,0.4551,0.4261
Supp_Motor_Area_R,Insula_R,0.4551,0.4261
SupraMarginal_L,Caudate_L,0.4545,0.4256
Cingulum_Ant_R,Cingulum_Post_R,0.4542,0.4254
Hippocampus_L,Precuneus_R,0.4541,0.4253
Frontal_Mid_L,Putamen_R,0.4538,0.425
Angular_R,Temporal_Sup_R,0.4538,0.425
Frontal_Inf_Orb_R,Putamen_R,0.4538,0.425
SupraMarginal_L,Caudate_R,0.4534,0.4247
Cerebelum_4_5_L,Vermis_3,0.4528,0.4242
Frontal_Sup_Medial_R,Putamen_L,0.4528,0.4242
Insula_R,Pallidum_R,0.4526,0.424
Rolandic_Oper_L,Postcentral_R,0.4524,0.4239
Paracentral_Lobule_L,Thalamus_R,0.4524,0.4239
Frontal_Mid_L,Rolandic_Oper_L,0.4524,0.4239
Insula_L,Lingual_R,0.4519,0.4234
Parietal_Sup_L,Thalamus_L,0.4518,0.4234
Frontal_Inf_Orb_L,Rolandic_Oper_R,0.4517,0.4233
Cingulum_Ant_R,Paracentral_Lobule_L,0.4513,0.4229
Frontal_Inf_Orb_L,Temporal_Pole_Sup_L,0.4512,0.4229
Cuneus_R,Angular_L,0.4511,0.4228
Cingulum_Mid_R,Angular_L,0.451,0.4227
Rolandic_Oper_R,Vermis_4_5,0.4508,0.4225
Frontal_Inf_Tri_L,Putamen_L,0.4505,0.4223
Cingulum_Mid_L,Angular_L,0.449,0.4211
Precentral_L,Angular_L,0.4488,0.4209
Cingulum_Post_R,Cuneus_R,0.4483,0.4205
Insula_R,Lingual_L,0.4479,0.4202
Postcentral_R,Temporal_Sup_R,0.4476,0.42
Frontal_Sup_R,Angular_R,0.4474,0.4198
Postcentral_L,Temporal_Sup_L,0.4472,0.4196
Parietal_Inf_L,Caudate_L,0.4468,0.4193
Olfactory_L,Olfactory_R,0.4463,0.4188
Lingual_R,Putamen_R,0.4458,0.4185
Precentral_L,Rolandic_Oper_L,0.4456,0.4183
Frontal_Inf_Tri_R,Parietal_Inf_L,0.4452,0.418
Hippocampus_L,Precuneus_L,0.4452,0.418
Cingulum_Ant_R,Cingulum_Post_L,0.4451,0.4179
Cingulum_Ant_R,Precuneus_L,0.4445,0.4174
Calcarine_L,Occipital_Sup_L,0.4442,0.4171
Frontal_Mid_R,Angular_R,0.444,0.417
ParaHippocampal_L,Cerebelum_4_5_L,0.4436,0.4166
Insula_R,Cuneus_R,0.4435,0.4166
Precentral_L,Putamen_L,0.4433,0.4163
Frontal_Inf_Oper_R,SupraMarginal_L,0.443,0.4161
Insula_R,Precuneus_L,0.443,0.4161
Frontal_Sup_Orb_L,Frontal_Med_Orb_R,0.4424,0.4156
Calcarine_R,Precuneus_L,0.4423,0.4156
Frontal_Mid_L,Angular_L,0.4419,0.4153
Frontal_Inf_Tri_L,Paracentral_Lobule_R,0.4409,0.4144
Insula_L,Cuneus_L,0.4408,0.4143
Angular_L,Paracentral_Lobule_L,0.4408,0.4143
Lingual_R,Fusiform_R,0.4407,0.4142
SupraMarginal_R,Caudate_R,0.4406,0.4142
Frontal_Sup_Medial_L,Cuneus_L,0.4404,0.414
Frontal_Sup_Medial_L,Thalamus_L,0.4402,0.4138
Frontal_Mid_R,Putamen_R,0.4402,0.4138
Hippocampus_R,Temporal_Sup_R,0.44,0.4136
Putamen_R,Vermis_4_5,0.4397,0.4134
Insula_R,Parietal_Inf_L,0.4396,0.4133
Hippocampus_R,Lingual_R,0.4393,0.4131
Cingulum_Post_R,Hippocampus_L,0.4392,0.413
Hippocampus_L,Caudate_R,0.439,0.4128
Cingulum_Ant_L,Precuneus_R,0.439,0.4128
Thalamus_L,Vermis_4_5,0.4387,0.4125
Insula_L,Paracentral_Lobule_L,0.4386,0.4125
Cingulum_Mid_R,Putamen_R,0.4383,0.4123
Insula_L,Vermis_4_5,0.4381,0.412
Lingual_R,Cerebelum_4_5_L,0.438,0.412
Frontal_Sup_L,Angular_L,0.4379,0.4119
Frontal_Sup_Orb_R,Frontal_Mid_Orb_L,0.4378,0.4118
Parietal_Inf_L,Temporal_Sup_L,0.4378,0.4119
Frontal_Sup_Medial_R,SupraMarginal_L,0.4378,0.4118
Precentral_R,Thalamus_R,0.4377,0.4118
ParaHippocampal_L,Thalamus_L,0.4377,0.4117
Supp_Motor_Area_R,Angular_L,0.4374,0.4115
Precentral_L,Thalamus_R,0.4374,0.4115
SupraMarginal_R,Heschl_R,0.4373,0.4114
Occipital_Sup_R,Occipital_Mid_L,0.4373,0.4114
Insula_L,Calcarine_L,0.437,0.4112
Occipital_Sup_L,Parietal_Sup_L,0.4369,0.4111
Frontal_Inf_Oper_L,Rolandic_Oper_R,0.4369,0.4111
Supp_Motor_Area_L,Putamen_L,0.4368,0.411
Calcarine_L,SupraMarginal_R,0.4368,0.411
Rolandic_Oper_L,Supp_Motor_Area_R,0.4364,0.4106
Rolandic_Oper_R,Lingual_L,0.4363,0.4106
Frontal_Inf_Tri_L,Frontal_Inf_Orb_L,0.4361,0.4104
Insula_L,Pallidum_R,0.436,0.4103
Hippocampus_R,Parietal_Inf_L,0.4359,0.4103
Frontal_Sup_R,Putamen_L,0.4353,0.4097
SupraMarginal_L,Temporal_Mid_L,0.4352,0.4096
Hippocampus_L,Parietal_Inf_L,0.435,0.4095
Frontal_Sup_L,Angular_R,0.4349,0.4094
Rolandic_Oper_R,Pallidum_L,0.4343,0.4089
Supp_Motor_Area_R,Putamen_R,0.4341,0.4087
Temporal_Sup_R,Vermis_4_5,0.4336,0.4084
Supp_Motor_Area_L,Hippocampus_R,0.4328,0.4077
SupraMarginal_L,Putamen_L,0.4322,0.4071
Cingulum_Mid_R,Hippocampus_L,0.4318,0.4068
Frontal_Mid_R,Rolandic_Oper_R,0.4317,0.4067
Cingulum_Post_R,SupraMarginal_L,0.4316,0.4067
Rolandic_Oper_R,Cuneus_R,0.4314,0.4065
Hippocampus_L,Lingual_L,0.4312,0.4063
Rolandic_Oper_R,Cingulum_Post_L,0.4306,0.4058
Calcarine_R,SupraMarginal_L,0.4306,0.4058
Cingulum_Mid_L,Putamen_L,0.4305,0.4057
SupraMarginal_R,Thalamus_L,0.4304,0.4057
Cingulum_Mid_R,Hippocampus_R,0.4302,0.4055
Insula_L,Precuneus_R,0.4301,0.4054
Frontal_Inf_Tri_R,Paracentral_Lobule_L,0.4299,0.4052
Rolandic_Oper_L,Calcarine_L,0.4298,0.4051
Lingual_R,Thalamus_R,0.4291,0.4046
Calcarine_R,SupraMarginal_R,0.429,0.4044
Cingulum_Ant_L,Cingulum_Post_L,0.4288,0.4043
Precentral_R,Putamen_L,0.4288,0.4043
Insula_R,Temporal_Pole_Sup_L,0.4287,0.4042
Lingual_L,Thalamus_L,0.4283,0.4039
Rolandic_Oper_R,Calcarine_L,0.4283,0.4039
Calcarine_L,Angular_L,0.4281,0.4037
Frontal_Inf_Orb_R,Temporal_Pole_Sup_R,0.428,0.4036
Cingulum_Mid_L,Hippocampus_L,0.4279,0.4036
Cuneus_L,Postcentral_R,0.4277,0.4034
Supp_Motor_Area_R,Putamen_L,0.4277,0.4034
Precentral_R,Cuneus_L,0.4275,0.4033
Rolandic_Oper_R,Temporal_Pole_Sup_R,0.4274,0.4032
Cingulum_Ant_R,Calcarine_R,0.4274,0.4032
Cingulum_Ant_L,Precuneus_L,0.4271,0.4029
Cingulum_Post_L,Cuneus_R,0.427,0.4028
Cingulum_Mid_L,Putamen_R,0.427,0.4028
Lingual_R,Thalamus_L,0.427,0.4028
Supp_Motor_Area_L,Angular_L,0.4268,0.4026
Frontal_Sup_L,Rolandic_Oper_R,0.4266,0.4024
Putamen_R,Thalamus_R,0.4259,0.4019
Frontal_Inf_Tri_R,Parietal_Sup_L,0.4259,0.4019
ParaHippocampal_L,Fusiform_L,0.4259,0.4019
Frontal_Inf_Tri_R,Parietal_Inf_R,0.4257,0.4017
Cingulum_Post_L,Temporal_Sup_L,0.4256,0.4017
SupraMarginal_L,Heschl_L,0.4255,0.4016
Cingulum_Ant_L,Paracentral_Lobule_R,0.4254,0.4015
Frontal_Mid_Orb_L,Frontal_Mid_Orb_R,0.4253,0.4014
Cingulum_Ant_L,Calcarine_R,0.4252,0.4013
Thalamus_R,Temporal_Sup_R,0.4251,0.4012
Frontal_Sup_Medial_L,Thalamus_R,0.4249,0.401
Rolandic_Oper_R,Precuneus_R,0.4245,0.4007
Frontal_Sup_L,Temporal_Sup_L,0.4245,0.4007
Precentral_L,Angular_R,0.4244,0.4006
Rolandic_Oper_L,Cingulum_Mid_L,0.4242,0.4005
Frontal_Sup_R,Rolandic_Oper_L,0.4241,0.4004
Supp_Motor_Area_L,Putamen_R,0.4238,0.4001
Calcarine_R,Postcentral_L,0.4237,0.4001
Frontal_Inf_Oper_R,Rolandic_Oper_L,0.4237,0.4001
Calcarine_R,Postcentral_R,0.4236,0.3999
Rolandic_Oper_L,Cingulum_Post_L,0.4235,0.3999
Occipital_Sup_R,Angular_L,0.4233,0.3997
Frontal_Sup_R,Cuneus_L,0.4232,0.3997
Frontal_Inf_Orb_L,Temporal_Sup_L,0.4232,0.3996
Calcarine_R,Putamen_L,0.4231,0.3996
Pallidum_R,Thalamus_L,0.4231,0.3996
Cingulum_Ant_R,Paracentral_Lobule_R,0.4229,0.3994
Hippocampus_L,Cerebelum_4_5_L,0.4229,0.3994
Frontal_Inf_Oper_L,SupraMarginal_R,0.4229,0.3994
Insula_L,Lingual_L,0.4228,0.3993
Rolandic_Oper_L,Lingual_L,0.4221,0.3987
Rolandic_Oper_L,Supp_Motor_Area_L,0.4219,0.3985
Frontal_Sup_L,Calcarine_R,0.4219,0.3985
Precentral_R,Rolandic_Oper_L,0.4213,0.3981
Precuneus_R,Temporal_Sup_R,0.4213,0.398
Supp_Motor_Area_R,Hippocampus_R,0.4212,0.3979
Occipital_Sup_R,Precuneus_L,0.4206,0.3974
ParaHippocampal_L,Lingual_L,0.4206,0.3974
Cingulum_Mid_R,Putamen_L,0.4206,0.3974
Postcentral_R,Thalamus_R,0.4205,0.3973
Calcarine_L,SupraMarginal_L,0.4205,0.3974
ParaHippocampal_R,Fusiform_R,0.4204,0.3972
Frontal_Sup_Medial_R,Cuneus_L,0.4202,0.3971
Lingual_R,Temporal_Sup_L,0.42,0.3969
Calcarine_R,Parietal_Inf_L,0.4199,0.3968
Frontal_Inf_Tri_L,Rolandic_Oper_R,0.4198,0.3967
Parietal_Inf_R,Temporal_Sup_R,0.4197,0.3967
Angular_R,Paracentral_Lobule_R,0.4194,0.3965
Frontal_Sup_Medial_L,Angular_R,0.4193,0.3963
Frontal_Mid_R,Rolandic_Oper_L,0.4191,0.3962
Postcentral_L,Temporal_Sup_R,0.4191,0.3962
Frontal_Inf_Oper_R,Parietal_Sup_R,0.4185,0.3957
Rolandic_Oper_L,Precuneus_R,0.4178,0.3951
Precuneus_R,Putamen_R,0.4177,0.395
Supp_Motor_Area_R,Angular_R,0.4174,0.3947
Insula_R,Paracentral_Lobule_L,0.4173,0.3946
Frontal_Inf_Oper_R,Cuneus_L,0.4171,0.3944
Calcarine_L,Putamen_R,0.4164,0.3939
Postcentral_R,Putamen_L,0.4161,0.3937
Cingulum_Ant_R,Cuneus_L,0.416,0.3936
Frontal_Mid_R,Putamen_L,0.4155,0.3931
Rolandic_Oper_R,Cingulum_Post_R,0.4149,0.3926
Hippocampus_L,ParaHippocampal_R,0.4147,0.3925
Angular_L,Thalamus_L,0.4146,0.3924
Hippocampus_R,Lingual_L,0.4138,0.3917
Lingual_L,SupraMarginal_L,0.4137,0.3916
Calcarine_R,Angular_L,0.4136,0.3915
Angular_L,Paracentral_Lobule_R,0.4135,0.3915
SupraMarginal_R,Thalamus_R,0.4133,0.3913
Rolandic_Oper_L,Frontal_Sup_Medial_R,0.4125,0.3906
Frontal_Inf_Tri_L,Temporal_Sup_L,0.4123,0.3904
Thalamus_R,Vermis_4_5,0.4122,0.3904
Putamen_L,Heschl_L,0.4121,0.3902
Cerebelum_4_5_L,Cerebelum_4_5_R,0.412,0.3902
Angular_R,Paracentral_Lobule_L,0.4117,0.3899
Frontal_Sup_L,Hippocampus_R,0.4109,0.3893
Cingulum_Post_R,Putamen_L,0.4108,0.3892
Hippocampus_R,Paracentral_Lobule_L,0.4108,0.3891
Cingulum_Post_L,Temporal_Sup_R,0.4107,0.3891
Insula_L,Precuneus_L,0.4105,0.3889
Cingulum_Mid_R,Temporal_Sup_R,0.4105,0.3889
Insula_R,SupraMarginal_L,0.4103,0.3887
Hippocampus_R,SupraMarginal_R,0.4096,0.3882
Parietal_Sup_L,Thalamus_R,0.4094,0.388
Hippocampus_R,Postcentral_L,0.4086,0.3873
Cingulum_Mid_L,Calcarine_R,0.408,0.3868
Cingulum_Mid_L,Calcarine_L,0.4079,0.3866
Frontal_Med_Orb_R,Insula_R,0.4078,0.3866
Hippocampus_R,Paracentral_Lobule_R,0.4077,0.3865
Hippocampus_R,Calcarine_R,0.4076,0.3865
Frontal_Inf_Tri_L,Parietal_Sup_L,0.4075,0.3864
Cingulum_Mid_L,Hippocampus_R,0.4074,0.3863
Supp_Motor_Area_R,Hippocampus_L,0.4068,0.3858
Cingulum_Mid_R,Cuneus_L,0.4067,0.3857
Cingulum_Ant_L,Lingual_R,0.4063,0.3854
Frontal_Inf_Oper_L,Temporal_Sup_L,0.4063,0.3854
Frontal_Sup_L,Temporal_Sup_R,0.4059,0.385
Rolandic_Oper_R,Cuneus_L,0.4055,0.3847
Insula_L,Paracentral_Lobule_R,0.4054,0.3846
Cingulum_Ant_R,Lingual_R,0.4052,0.3844
Paracentral_Lobule_L,Putamen_L,0.4052,0.3844
Hippocampus_L,Heschl_L,0.4047,0.384
Frontal_Mid_L,Thalamus_R,0.4045,0.3838
Hippocampus_R,Calcarine_L,0.4043,0.3836
Supp_Motor_Area_L,Angular_R,0.4041,0.3834
Frontal_Sup_Medial_R,Thalamus_L,0.404,0.3834
Calcarine_L,Postcentral_R,0.4033,0.3828
Parietal_Sup_L,Caudate_L,0.4033,0.3828
Precentral_L,Putamen_R,0.403,0.3825
Pallidum_R,Temporal_Sup_L,0.403,0.3825
Occipital_Sup_L,Parietal_Inf_L,0.4028,0.3824
Frontal_Sup_Medial_L,Angular_L,0.4027,0.3823
Rolandic_Oper_R,Cingulum_Mid_R,0.4027,0.3822
Frontal_Sup_L,Cuneus_L,0.4022,0.3818
Hippocampus_L,Calcarine_L,0.4022,0.3819
Calcarine_L,Temporal_Mid_L,0.4021,0.3818
Rolandic_Oper_L,SupraMarginal_R,0.4019,0.3816
Rolandic_Oper_L,Temporal_Sup_R,0.4018,0.3815
Frontal_Sup_Orb_L,Frontal_Mid_Orb_R,0.4017,0.3814
Parietal_Inf_L,Temporal_Sup_R,0.4016,0.3813
Parietal_Inf_L,Heschl_L,0.4016,0.3814
Rolandic_Oper_L,Paracentral_Lobule_L,0.4015,0.3812
Calcarine_R,Occipital_Sup_L,0.4014,0.3811
Occipital_Sup_L,Postcentral_R,0.401,0.3808
Calcarine_R,Temporal_Mid_L,0.4009,0.3807
Frontal_Inf_Tri_R,Putamen_L,0.4009,0.3807
Frontal_Mid_R,Temporal_Sup_R,0.4008,0.3807
Rolandic_Oper_L,Cingulum_Mid_R,0.4002,0.3801
Temporal_Sup_L,Cerebelum_4_5_L,0.4001,0.38
Calcarine_R,Thalamus_L,0.4,0.3799
Hippocampus_R,Cerebelum_4_5_L,0.3998,0.3798
Putamen_L,Thalamus_R,0.3997,0.3797
Rolandic_Oper_L,Thalamus_R,0.3995,0.3795
Cingulum_Post_L,Putamen_L,0.3995,0.3795
Cingulum_Mid_R,Calcarine_R,0.3994,0.3794
Frontal_Inf_Tri_R,Frontal_Inf_Orb_R,0.3994,0.3794
Insula_L,Thalamus_R,0.3994,0.3795
Rolandic_Oper_L,Precuneus_L,0.3989,0.3791
Putamen_L,Vermis_4_5,0.3988,0.3789
Frontal_Inf_Oper_L,Parietal_Sup_L,0.3986,0.3787
Insula_R,Thalamus_R,0.3985,0.3787
Precuneus_L,Temporal_Sup_R,0.3981,0.3783
Frontal_Sup_Medial_R,Thalamus_R,0.398,0.3783
Precuneus_R,Putamen_L,0.3974,0.3777
Parietal_Inf_R,SupraMarginal_L,0.3974,0.3778
Cingulum_Mid_R,Angular_R,0.3971,0.3775
SupraMarginal_R,Putamen_R,0.3971,0.3775
Cingulum_Post_R,Temporal_Sup_R,0.3969,0.3773
Calcarine_L,Thalamus_L,0.3968,0.3772
Calcarine_L,Parietal_Inf_L,0.3966,0.3771
Precentral_L,Temporal_Sup_L,0.3965,0.3769
Cuneus_L,Putamen_R,0.3961,0.3766
Occipital_Mid_L,Precuneus_R,0.3959,0.3765
Cuneus_L,Parietal_Sup_L,0.3958,0.3763
Hippocampus_R,Postcentral_R,0.3957,0.3763
Caudate_R,Pallidum_R,0.3957,0.3763
Calcarine_L,Caudate_R,0.3957,0.3763
Temporal_Sup_L,Vermis_4_5,0.3951,0.3758
Cuneus_R,Putamen_R,0.395,0.3756
Calcarine_L,Occipital_Mid_L,0.395,0.3757
Frontal_Inf_Tri_L,Parietal_Inf_R,0.3946,0.3753
Parietal_Inf_L,Putamen_L,0.3942,0.375
Frontal_Mid_R,Cuneus_L,0.3941,0.3749
Precuneus_L,Putamen_R,0.3941,0.3749
Frontal_Sup_R,Temporal_Sup_R,0.3941,0.3749
Occipital_Sup_R,Parietal_Sup_L,0.394,0.3748
Frontal_Inf_Oper_R,Thalamus_L,0.3938,0.3747
Frontal_Sup_Orb_R,Insula_R,0.3937,0.3745
Frontal_Mid_R,Calcarine_L,0.3934,0.3743
Cingulum_Post_R,Occipital_Sup_L,0.3933,0.3742
Supp_Motor_Area_L,Temporal_Sup_L,0.3932,0.3741
Frontal_Sup_Medial_L,Calcarine_R,0.3931,0.3741
Frontal_Mid_R,Thalamus_R,0.393,0.3739
Cingulum_Ant_R,SupraMarginal_R,0.3929,0.3739
Caudate_L,Temporal_Sup_L,0.3927,0.3737
Cingulum_Post_R,Vermis_4_5,0.3926,0.3736
Insula_R,Parietal_Inf_R,0.3926,0.3736
SupraMarginal_L,Thalamus_R,0.3926,0.3736
Rolandic_Oper_L,Cingulum_Post_R,0.3925,0.3735
Calcarine_L,Postcentral_L,0.3923,0.3733
Thalamus_L,Temporal_Sup_R,0.3919,0.373
Rolandic_Oper_R,Supp_Motor_Area_R,0.3917,0.3728
Cingulum_Mid_R,Calcarine_L,0.3917,0.3728
Caudate_R,Temporal_Sup_L,0.3915,0.3727
Occipital_Mid_L,Temporal_Mid_L,0.3913,0.3725
Caudate_R,Pallidum_L,0.3912,0.3724
Fusiform_L,Vermis_4_5,0.3911,0.3723
Parietal_Inf_R,Thalamus_L,0.3908,0.372
Cingulum_Post_R,Temporal_Sup_L,0.3907,0.3719
Precentral_L,Rolandic_Oper_R,0.3904,0.3717
Fusiform_R,Cerebelum_4_5_R,0.3901,0.3715
Caudate_L,Pallidum_R,0.3899,0.3712
Calcarine_R,Caudate_R,0.3897,0.3711
Thalamus_R,Temporal_Sup_L,0.3896,0.371
Lingual_L,Putamen_R,0.3896,0.371
Frontal_Sup_L,Calcarine_L,0.3894,0.3708
Cingulum_Post_L,Occipital_Sup_L,0.3894,0.3708
Frontal_Sup_R,Calcarine_L,0.3892,0.3707
Heschl_R,Temporal_Sup_L,0.3888,0.3703
Frontal_Mid_L,Temporal_Sup_L,0.3886,0.3701
Frontal_Inf_Tri_R,SupraMarginal_L,0.3884,0.37
Lingual_R,Putamen_L,0.3881,0.3697
Hippocampus_L,Angular_L,0.3881,0.3697
Frontal_Inf_Oper_L,Parietal_Inf_R,0.388,0.3696
Precentral_R,Temporal_Sup_R,0.3878,0.3695
Angular_L,Temporal_Mid_L,0.3877,0.3694
Cuneus_R,Vermis_4_5,0.3877,0.3694
Postcentral_L,Heschl_L,0.3876,0.3693
Hippocampus_L,Postcentral_L,0.3875,0.3692
Frontal_Sup_Medial_L,Occipital_Sup_L,0.3874,0.3691
Cuneus_R,Postcentral_R,0.3865,0.3683
SupraMarginal_L,Temporal_Sup_R,0.3864,0.3683
SupraMarginal_L,Putamen_R,0.386,0.3679
Calcarine_R,Occipital_Sup_R,0.386,0.3679
Rolandic_Oper_R,SupraMarginal_L,0.3857,0.3676
Frontal_Inf_Orb_R,Rolandic_Oper_L,0.3857,0.3677
Frontal_Sup_R,Calcarine_R,0.3854,0.3674
Frontal_Inf_Orb_R,Temporal_Pole_Sup_L,0.3852,0.3672
Parietal_Inf_R,Caudate_L,0.3851,0.3671
Calcarine_R,Caudate_L,0.3851,0.3671
Frontal_Sup_Medial_R,Angular_L,0.3849,0.3669
Calcarine_L,Putamen_L,0.3848,0.3669
Cingulum_Mid_L,Angular_R,0.3847,0.3667
Frontal_Inf_Orb_R,Putamen_L,0.3845,0.3666
Cingulum_Ant_R,Cuneus_R,0.3845,0.3666
Hippocampus_L,Calcarine_R,0.3844,0.3665
Frontal_Mid_L,Rolandic_Oper_R,0.3844,0.3665
Parietal_Inf_R,Caudate_R,0.3843,0.3664
Rolandic_Oper_R,Pallidum_R,0.3842,0.3664
Parietal_Sup_L,Caudate_R,0.3841,0.3663
Rolandic_Oper_R,Precuneus_L,0.3836,0.3658
Calcarine_L,Parietal_Sup_L,0.3836,0.3659
Hippocampus_R,Vermis_4_5,0.3835,0.3657
Cingulum_Mid_L,Cuneus_L,0.3835,0.3657
Insula_R,Temporal_Pole_Sup_R,0.3834,0.3657
Supp_Motor_Area_R,Cuneus_L,0.3833,0.3656
Cuneus_L,Temporal_Sup_R,0.383,0.3653
Frontal_Mid_L,Angular_R,0.3828,0.3651
Insula_R,Paracentral_Lobule_R,0.3828,0.3651
Frontal_Inf_Oper_R,Calcarine_R,0.3828,0.3651
Occipital_Sup_L,Parietal_Inf_R,0.3826,0.365
Calcarine_R,Thalamus_R,0.3825,0.3649
Cingulum_Post_R,Lingual_R,0.3825,0.3649
Precentral_R,Calcarine_R,0.3824,0.3648
Lingual_L,Temporal_Sup_R,0.3823,0.3647
Cingulum_Ant_R,Calcarine_L,0.3818,0.3643
Frontal_Sup_R,Hippocampus_L,0.3818,0.3643
Frontal_Inf_Oper_R,Thalamus_R,0.3817,0.3642
Cuneus_L,Putamen_L,0.3815,0.364
Cuneus_L,Parietal_Inf_L,0.3807,0.3633
Rolandic_Oper_L,Cerebelum_4_5_L,0.3806,0.3632
Cingulum_Ant_L,Vermis_4_5,0.3806,0.3632
Caudate_R,Vermis_4_5,0.3804,0.3631
Lingual_R,Temporal_Sup_R,0.3804,0.3631
Calcarine_L,Temporal_Sup_R,0.3801,0.3628
Supp_Motor_Area_L,Hippocampus_L,0.38,0.3627
Frontal_Sup_Medial_R,Calcarine_R,0.3798,0.3625
Frontal_Inf_Oper_R,Angular_R,0.3797,0.3625
Lingual_R,Vermis_3,0.3794,0.3622
Calcarine_L,Thalamus_R,0.3793,0.3621
Frontal_Sup_L,Occipital_Sup_L,0.3791,0.3619
Cuneus_L,Postcentral_L,0.3791,0.3619
Thalamus_L,Heschl_R,0.379,0.3618
Rolandic_Oper_L,Hippocampus_R,0.3789,0.3618
Supp_Motor_Area_R,Calcarine_L,0.3786,0.3615
Rolandic_Oper_R,Cingulum_Mid_L,0.3779,0.3608
Pallidum_L,Thalamus_L,0.3774,0.3605
Occipital_Sup_L,Parietal_Sup_R,0.3772,0.3603
Occipital_Mid_L,Precuneus_L,0.3769,0.36
Precentral_L,Hippocampus_L,0.3768,0.3599
Cuneus_R,Parietal_Sup_L,0.376,0.3592
Calcarine_L,Caudate_L,0.376,0.3593
Precentral_R,Hippocampus_R,0.376,0.3592
Fusiform_L,Fusiform_R,0.3758,0.3591
Cingulum_Post_L,Occipital_Mid_L,0.3758,0.3591
Cingulum_Post_L,Vermis_4_5,0.3757,0.359
Cingulum_Ant_R,Pallidum_L,0.3757,0.359
Parietal_Inf_L,Putamen_R,0.3757,0.3589
Frontal_Inf_Tri_L,Calcarine_R,0.3755,0.3588
Frontal_Inf_Tri_R,Parietal_Sup_R,0.3755,0.3588
Pallidum_L,Temporal_Sup_L,0.3755,0.3588
Rolandic_Oper_L,Hippocampus_L,0.3755,0.3588
Insula_L,Cerebelum_4_5_L,0.3755,0.3588
Calcarine_L,Temporal_Mid_R,0.3754,0.3587
Occipital_Sup_L,Postcentral_L,0.3754,0.3587
Frontal_Inf_Orb_R,Cingulum_Ant_R,0.3753,0.3586
Lingual_L,Temporal_Sup_L,0.3753,0.3586
Rolandic_Oper_R,Supp_Motor_Area_L,0.3749,0.3582
Parietal_Sup_R,Thalamus_L,0.3748,0.3582
Precuneus_R,Vermis_4_5,0.3747,0.3581
Cingulum_Ant_R,Vermis_4_5,0.3741,0.3576
Cingulum_Mid_L,Temporal_Sup_L,0.374,0.3575
Frontal_Sup_R,Occipital_Sup_L,0.3733,0.3569
Rolandic_Oper_L,Paracentral_Lobule_R,0.3731,0.3567
Calcarine_L,Temporal_Sup_L,0.3729,0.3565
Supp_Motor_Area_R,Temporal_Sup_R,0.3728,0.3565
Caudate_L,Temporal_Sup_R,0.3722,0.3559
Thalamus_L,Cerebelum_4_5_L,0.3721,0.3558
Putamen_R,Temporal_Sup_R,0.372,0.3558
Paracentral_Lobule_L,Putamen_R,0.3718,0.3556
Occipital_Mid_R,Angular_R,0.3717,0.3555
Precentral_R,Calcarine_L,0.3717,0.3555
Frontal_Sup_Medial_L,Calcarine_L,0.3715,0.3553
Cuneus_L,Parietal_Inf_R,0.3714,0.3552
Hippocampus_L,Lingual_R,0.3712,0.3551
Frontal_Med_Orb_L,Insula_R,0.3712,0.355
Frontal_Sup_Medial_R,Occipital_Sup_L,0.3711,0.3549
Supp_Motor_Area_R,Calcarine_R,0.3709,0.3548
Occipital_Sup_R,Parietal_Sup_R,0.3708,0.3547
Frontal_Sup_R,Hippocampus_R,0.3707,0.3546
Rolandic_Oper_R,Parietal_Inf_R,0.3707,0.3546
Insula_L,Temporal_Sup_R,0.3702,0.3541
Hippocampus_L,Vermis_4_5,0.3701,0.354
Cingulum_Ant_L,Cuneus_L,0.37,0.354
Occipital_Mid_L,Parietal_Inf_L,0.37,0.354
Frontal_Med_Orb_R,Cingulum_Ant_L,0.3699,0.3539
Cingulum_Ant_R,Parietal_Inf_L,0.3698,0.3538
Cuneus_R,Occipital_Mid_R,0.3698,0.3538
Putamen_L,Temporal_Pole_Sup_L,0.3697,0.3537
Cingulum_Ant_L,Thalamus_L,0.3697,0.3537
Parietal_Sup_R,SupraMarginal_L,0.3696,0.3536
Cingulum_Ant_L,Pallidum_L,0.3694,0.3535
Supp_Motor_Area_L,Cuneus_L,0.3693,0.3534
Frontal_Mid_Orb_R,Frontal_Inf_Orb_R,0.3693,0.3534
Lingual_R,Caudate_R,0.3693,0.3534
Supp_Motor_Area_L,Temporal_Sup_R,0.3692,0.3533
Frontal_Inf_Orb_L,Pallidum_L,0.3692,0.3533
Calcarine_R,Cerebelum_4_5_L,0.3692,0.3533
Hippocampus_R,Fusiform_R,0.3691,0.3532
Precuneus_L,Putamen_L,0.369,0.3531
Frontal_Inf_Tri_R,Thalamus_L,0.3688,0.3529
Hippocampus_R,Caudate_R,0.3688,0.3529
Temporal_Mid_L,Temporal_Inf_L,0.3687,0.3528
Frontal_Med_Orb_L,Cingulum_Ant_L,0.3686,0.3527
Calcarine_R,Temporal_Sup_R,0.3686,0.3527
Frontal_Mid_R,Occipital_Sup_L,0.3682,0.3524
Frontal_Mid_L,Calcarine_L,0.3681,0.3523
Frontal_Mid_R,Temporal_Sup_L,0.368,0.3522
Calcarine_R,Occipital_Mid_L,0.368,0.3523
Frontal_Inf_Oper_L,Frontal_Inf_Orb_L,0.368,0.3522
Frontal_Sup_Medial_R,Angular_R,0.3678,0.352
Hippocampus_L,Temporal_Sup_R,0.3676,0.3519
Lingual_R,Fusiform_L,0.3675,0.3518
ParaHippocampal_L,Thalamus_R,0.3675,0.3518
Occipital_Mid_L,Angular_R,0.3675,0.3518
Cuneus_L,Vermis_4_5,0.3674,0.3517
SupraMarginal_R,Temporal_Sup_L,0.3671,0.3515
Cingulum_Ant_L,SupraMarginal_R,0.3671,0.3514
Cingulum_Mid_R,Cuneus_R,0.367,0.3514
Insula_R,Angular_R,0.3669,0.3513
Rolandic_Oper_L,Cuneus_L,0.3665,0.3509
Frontal_Sup_Orb_L,Rectus_L,0.3664,0.3509
Precentral_L,Calcarine_R,0.3664,0.3509
Frontal_Inf_Oper_L,Angular_L,0.3664,0.3508
Cuneus_L,Lingual_R,0.3663,0.3507
Cuneus_L,Parietal_Sup_R,0.3663,0.3507
Cingulum_Mid_R,Temporal_Sup_L,0.3662,0.3507
Calcarine_R,Temporal_Mid_R,0.3661,0.3505
Rolandic_Oper_R,Thalamus_L,0.366,0.3505
Pallidum_R,Thalamus_R,0.366,0.3505
Frontal_Sup_Medial_R,Calcarine_L,0.3659,0.3504
Cingulum_Ant_L,Parietal_Inf_L,0.3659,0.3504
Pallidum_L,Vermis_4_5,0.3658,0.3503
Lingual_L,Caudate_L,0.3657,0.3502
Fusiform_R,Vermis_4_5,0.3657,0.3503
Hippocampus_R,Parietal_Inf_R,0.3653,0.3499
Cuneus_R,SupraMarginal_R,0.3649,0.3495
Fusiform_L,Cerebelum_6_L,0.3648,0.3494
Cingulum_Mid_L,Temporal_Sup_R,0.3646,0.3492
Cingulum_Ant_R,Lingual_L,0.3645,0.3492
Precuneus_R,Temporal_Sup_L,0.3644,0.3491
Supp_Motor_Area_L,Calcarine_R,0.3643,0.349
Frontal_Mid_R,Calcarine_R,0.3642,0.3489
Frontal_Inf_Oper_L,Heschl_L,0.364,0.3487
Cingulum_Post_L,Heschl_R,0.3636,0.3483
Fusiform_R,Cerebelum_4_5_L,0.3636,0.3484
Frontal_Sup_L,Hippocampus_L,0.3635,0.3483
Lingual_R,Caudate_L,0.3633,0.3481
Vermis_1_2,Vermis_3,0.3633,0.3482
Rolandic_Oper_R,Frontal_Med_Orb_R,0.3633,0.3481
Lingual_L,Thalamus_R,0.3625,0.3474
Insula_L,SupraMarginal_R,0.3625,0.3474
Insula_R,Occipital_Sup_L,0.3622,0.3471
Frontal_Mid_L,Calcarine_R,0.3622,0.3472
ParaHippocampal_R,Cerebelum_4_5_L,0.3622,0.3471
Hippocampus_R,SupraMarginal_L,0.3621,0.3471
SupraMarginal_L,Vermis_4_5,0.3618,0.3468
Frontal_Inf_Tri_R,Rolandic_Oper_L,0.3617,0.3467
Supp_Motor_Area_L,Calcarine_L,0.3615,0.3465
Frontal_Mid_R,Hippocampus_L,0.3611,0.3462
Insula_L,Occipital_Sup_L,0.361,0.3461
Precentral_L,Hippocampus_R,0.3608,0.3459
Caudate_L,Vermis_4_5,0.3606,0.3457
Angular_L,Temporal_Sup_L,0.3604,0.3456
Cingulum_Ant_R,Parietal_Sup_L,0.3603,0.3455
Cuneus_L,SupraMarginal_R,0.3601,0.3453
Insula_L,Cuneus_R,0.3601,0.3453
Lingual_L,Precuneus_R,0.3599,0.3452
Cingulum_Ant_L,Thalamus_R,0.3598,0.3451
Caudate_R,Heschl_L,0.3597,0.3449
Parietal_Inf_R,Thalamus_R,0.3592,0.3445
Putamen_R,Temporal_Pole_Sup_L,0.359,0.3443
Hippocampus_R,Parietal_Sup_L,0.3589,0.3443
Calcarine_L,Angular_R,0.3586,0.3439
Parietal_Sup_R,Caudate_R,0.3584,0.3438
Frontal_Inf_Tri_R,Temporal_Sup_R,0.3583,0.3437
Lingual_R,SupraMarginal_L,0.3582,0.3437
Hippocampus_R,Angular_L,0.3581,0.3435
Frontal_Sup_R,Temporal_Sup_L,0.3581,0.3435
Precentral_R,Occipital_Sup_L,0.358,0.3435
Rolandic_Oper_R,Paracentral_Lobule_L,0.3577,0.3432
Cerebelum_6_L,Vermis_6,0.3577,0.3432
Hippocampus_R,Temporal_Mid_R,0.3574,0.3429
Cingulum_Ant_L,Lingual_L,0.3571,0.3426
Hippocampus_L,Parietal_Sup_L,0.3569,0.3425
Lingual_L,Heschl_R,0.3564,0.3421
Precentral_R,Cuneus_R,0.3562,0.3419
Precentral_L,Calcarine_L,0.3562,0.3419
Parietal_Sup_R,Thalamus_R,0.356,0.3417
ParaHippocampal_L,Vermis_4_5,0.3559,0.3416
Frontal_Inf_Orb_R,Temporal_Sup_L,0.3558,0.3415
Paracentral_Lobule_R,Temporal_Sup_R,0.3557,0.3415
Lingual_L,SupraMarginal_R,0.3557,0.3414
Rolandic_Oper_R,Parietal_Inf_L,0.3555,0.3412
Precentral_L,Temporal_Sup_R,0.3554,0.3412
ParaHippocampal_R,Lingual_R,0.3552,0.3409
Frontal_Sup_Medial_L,Temporal_Sup_R,0.3546,0.3404
Frontal_Sup_Medial_L,Cuneus_R,0.3546,0.3405
ParaHippocampal_R,Cerebelum_4_5_R,0.3545,0.3403
Hippocampus_R,Temporal_Sup_L,0.3542,0.3401
Temporal_Sup_R,Cerebelum_4_5_L,0.3542,0.3401
Cingulum_Post_R,Lingual_L,0.3541,0.34
Hippocampus_L,Paracentral_Lobule_R,0.3538,0.3398
Frontal_Sup_Medial_L,Hippocampus_R,0.3538,0.3397
Cuneus_R,Parietal_Sup_R,0.3538,0.3397
Lingual_L,Parietal_Inf_L,0.3537,0.3396
Cuneus_L,Occipital_Mid_R,0.3537,0.3396
Angular_L,Caudate_R,0.3533,0.3393
Frontal_Inf_Oper_L,Thalamus_R,0.3533,0.3393
Frontal_Inf_Orb_R,Cingulum_Ant_L,0.3532,0.3392
Cingulum_Mid_L,Cuneus_R,0.3529,0.3389
Cuneus_R,Parietal_Inf_L,0.3529,0.3389
Rolandic_Oper_R,Temporal_Pole_Sup_L,0.3525,0.3386
Calcarine_R,Parietal_Sup_L,0.3524,0.3385
Heschl_L,Temporal_Sup_R,0.3522,0.3384
Insula_R,Occipital_Sup_R,0.352,0.3382
Frontal_Mid_L,Cuneus_L,0.352,0.3381
Lingual_L,Caudate_R,0.3519,0.3381
ParaHippocampal_L,Fusiform_R,0.3517,0.3379
Calcarine_L,Paracentral_Lobule_R,0.3516,0.3378
Supp_Motor_Area_R,Temporal_Sup_L,0.3513,0.3375
Frontal_Inf_Oper_R,Calcarine_L,0.3512,0.3375
Frontal_Med_Orb_R,Insula_L,0.3511,0.3374
Cuneus_R,Lingual_R,0.3511,0.3373
Heschl_L,Heschl_R,0.3509,0.3372
Parietal_Inf_R,Putamen_R,0.3508,0.3371
Frontal_Inf_Tri_L,Frontal_Inf_Orb_R,0.3503,0.3367
Frontal_Inf_Tri_R,Cuneus_L,0.3502,0.3365
Cingulum_Post_R,Heschl_R,0.3501,0.3364
Lingual_L,Putamen_L,0.3501,0.3365
Hippocampus_R,Angular_R,0.3499,0.3363
Insula_R,Occipital_Mid_L,0.3499,0.3363
Rolandic_Oper_L,Cuneus_R,0.3499,0.3363
Frontal_Inf_Orb_R,Frontal_Med_Orb_L,0.3499,0.3363
Frontal_Inf_Orb_L,Heschl_L,0.3498,0.3362
Paracentral_Lobule_L,Temporal_Sup_R,0.3497,0.3361
Occipital_Sup_R,Parietal_Inf_R,0.3496,0.336
Cuneus_R,Temporal_Sup_R,0.3492,0.3357
Cuneus_L,Paracentral_Lobule_R,0.3489,0.3354
Precentral_R,Temporal_Sup_L,0.3489,0.3354
Frontal_Inf_Oper_L,Hippocampus_L,0.3489,0.3354
Hippocampus_L,Paracentral_Lobule_L,0.3488,0.3353
Rolandic_Oper_L,Pallidum_R,0.3484,0.3349
Lingual_R,Temporal_Mid_R,0.3483,0.3348
Frontal_Inf_Oper_R,Angular_L,0.3483,0.3349
Calcarine_L,Cerebelum_4_5_L,0.3482,0.3348
Insula_L,Hippocampus_L,0.3476,0.3343
Calcarine_L,Paracentral_Lobule_L,0.3475,0.3342
Lingual_L,Postcentral_L,0.3474,0.3341
Lingual_L,Cerebelum_6_L,0.3474,0.3341
Insula_R,Parietal_Sup_L,0.3472,0.3339
Cingulum_Ant_L,Calcarine_L,0.3472,0.3339
Rolandic_Oper_R,Angular_R,0.3472,0.3339
Hippocampus_L,Postcentral_R,0.3466,0.3333
Frontal_Sup_Orb_R,Rolandic_Oper_R,0.3465,0.3333
Hippocampus_L,SupraMarginal_R,0.3464,0.3332
Cerebelum_4_5_L,Cerebelum_6_L,0.3463,0.3331
Frontal_Inf_Oper_L,Calcarine_R,0.346,0.3328
Frontal_Sup_Medial_L,Lingual_R,0.346,0.3329
Cingulum_Ant_R,Thalamus_L,0.346,0.3328
Frontal_Sup_Orb_R,Insula_L,0.346,0.3328
Frontal_Sup_L,Heschl_L,0.3457,0.3326
Frontal_Med_Orb_R,Cingulum_Ant_R,0.3457,0.3325
Cuneus_R,Postcentral_L,0.3456,0.3325
Cingulum_Post_R,Occipital_Sup_R,0.3454,0.3323
Paracentral_Lobule_R,Putamen_L,0.3453,0.3322
Cingulum_Ant_R,Parietal_Inf_R,0.3453,0.3322
Frontal_Inf_Tri_R,Calcarine_R,0.3451,0.332
Rolandic_Oper_L,Angular_L,0.3451,0.3321
Cingulum_Mid_R,Occipital_Sup_L,0.3449,0.3319
Cingulum_Ant_L,Parietal_Inf_R,0.3449,0.3318
Pallidum_R,Temporal_Sup_R,0.3449,0.3319
Frontal_Mid_L,Temporal_Sup_R,0.3448,0.3318
Calcarine_R,Paracentral_Lobule_R,0.3447,0.3317
Putamen_R,Heschl_L,0.3447,0.3316
Cingulum_Ant_R,SupraMarginal_L,0.3446,0.3316
Paracentral_Lobule_L,Temporal_Sup_L,0.3441,0.3311
Frontal_Sup_L,Lingual_R,0.3439,0.331
Hippocampus_L,Fusiform_L,0.3439,0.331
Rolandic_Oper_R,Cerebelum_4_5_L,0.3438,0.3308
Occipital_Mid_L,Parietal_Sup_L,0.3437,0.3307
Cingulum_Mid_R,Heschl_R,0.3436,0.3307
Occipital_Mid_L,SupraMarginal_L,0.3433,0.3304
Frontal_Med_Orb_R,Putamen_L,0.3432,0.3303
Thalamus_L,Temporal_Mid_L,0.3431,0.3302
Lingual_L,Precuneus_L,0.343,0.3302
Insula_R,Heschl_L,0.3429,0.33
Rolandic_Oper_R,Occipital_Sup_R,0.3428,0.33
ParaHippocampal_L,Lingual_R,0.3427,0.3299
Precuneus_L,Vermis_4_5,0.3426,0.3298
Thalamus_R,Heschl_R,0.3425,0.3297
Calcarine_L,Occipital_Sup_R,0.3425,0.3297
Supp_Motor_Area_R,Occipital_Sup_L,0.3424,0.3296
Frontal_Med_Orb_L,Temporal_Pole_Sup_R,0.3424,0.3296
Frontal_Inf_Orb_L,Frontal_Med_Orb_R,0.342,0.3293
Rolandic_Oper_L,Temporal_Mid_L,0.3419,0.3292
Frontal_Mid_L,Heschl_L,0.3418,0.3291
Frontal_Sup_Medial_L,Temporal_Sup_L,0.3416,0.3289
Cingulum_Post_L,Lingual_L,0.3414,0.3288
Insula_L,Angular_L,0.3413,0.3286
Lingual_L,Occipital_Mid_L,0.3413,0.3286
Occipital_Sup_L,SupraMarginal_L,0.3412,0.3285
Frontal_Inf_Tri_R,Angular_R,0.3412,0.3286
Thalamus_L,Vermis_3,0.3408,0.3282
Lingual_L,Vermis_3,0.3403,0.3278
Frontal_Sup_Medial_R,Lingual_R,0.3397,0.3272
Frontal_Inf_Oper_L,Calcarine_L,0.3397,0.3272
Cingulum_Post_L,Lingual_R,0.3396,0.3271
Frontal_Mid_R,Hippocampus_R,0.3395,0.327
Parietal_Inf_R,Putamen_L,0.3394,0.327
Supp_Motor_Area_R,Cuneus_R,0.3393,0.3268
Precentral_R,Hippocampus_L,0.3392,0.3267
Frontal_Inf_Oper_L,Cuneus_L,0.339,0.3266
Cingulum_Ant_R,Occipital_Sup_L,0.339,0.3265
Calcarine_R,Paracentral_Lobule_L,0.3389,0.3265
Frontal_Inf_Orb_R,Frontal_Med_Orb_R,0.3388,0.3264
Supp_Motor_Area_L,Occipital_Sup_L,0.3386,0.3263
Caudate_R,Temporal_Sup_R,0.3384,0.3261
Frontal_Inf_Orb_L,Cingulum_Ant_L,0.3383,0.326
Frontal_Sup_Medial_R,Cuneus_R,0.3383,0.3259
Cuneus_L,Paracentral_Lobule_L,0.338,0.3257
Frontal_Mid_Orb_L,Frontal_Med_Orb_R,0.3379,0.3256
Frontal_Sup_L,Vermis_4_5,0.3372,0.325
Thalamus_R,Cerebelum_4_5_L,0.3367,0.3245
Lingual_R,Precuneus_R,0.3362,0.3241
Postcentral_R,Heschl_L,0.336,0.3239
ParaHippocampal_R,Thalamus_L,0.3358,0.3238
Frontal_Sup_L,Cuneus_R,0.3358,0.3237
Insula_R,Angular_L,0.3357,0.3237
Occipital_Sup_R,Parietal_Inf_L,0.3357,0.3236
Parietal_Sup_L,Temporal_Sup_R,0.3357,0.3237
Temporal_Pole_Sup_L,Temporal_Pole_Sup_R,0.3352,0.3232
Insula_L,Parietal_Inf_R,0.3352,0.3232
Cingulum_Ant_L,Parietal_Sup_L,0.3352,0.3232
Frontal_Med_Orb_R,Putamen_R,0.3352,0.3232
Insula_R,Cerebelum_4_5_L,0.3348,0.3228
Lingual_R,Pallidum_L,0.3347,0.3227
Hippocampus_R,Heschl_R,0.3345,0.3225
Cingulum_Post_L,Heschl_L,0.3344,0.3225
Parietal_Inf_L,Heschl_R,0.3343,0.3224
Hippocampus_R,Parietal_Sup_R,0.3343,0.3224
Frontal_Inf_Tri_L,Angular_L,0.3343,0.3223
Rolandic_Oper_L,Parietal_Inf_R,0.3342,0.3223
Frontal_Inf_Orb_R,Frontal_Sup_Medial_R,0.3341,0.3222
Parietal_Sup_R,Caudate_L,0.334,0.3221
Rolandic_Oper_R,Paracentral_Lobule_R,0.3339,0.322
Cuneus_R,Parietal_Inf_R,0.3339,0.3221
Frontal_Inf_Orb_L,Caudate_R,0.3337,0.3218
Frontal_Sup_L,Lingual_L,0.3337,0.3218
Parietal_Sup_R,Temporal_Sup_R,0.3335,0.3217
Thalamus_R,Heschl_L,0.3335,0.3217
Frontal_Inf_Orb_L,Caudate_L,0.3334,0.3216
Frontal_Sup_R,Lingual_R,0.3333,0.3215
Fusiform_L,Temporal_Sup_L,0.333,0.3212
Postcentral_R,Temporal_Sup_L,0.3329,0.3212
Paracentral_Lobule_R,Putamen_R,0.3329,0.3211
Precuneus_R,Heschl_R,0.3327,0.3209
Insula_L,Hippocampus_R,0.3325,0.3208
Frontal_Med_Orb_R,Temporal_Pole_Sup_R,0.3324,0.3207
Hippocampus_L,Caudate_L,0.3324,0.3207
Pallidum_L,Thalamus_R,0.3323,0.3206
Frontal_Mid_R,Cuneus_R,0.332,0.3203
Precuneus_L,Temporal_Sup_L,0.3319,0.3202
Rolandic_Oper_L,Occipital_Sup_L,0.3319,0.3202
Angular_R,Putamen_R,0.3319,0.3202
Frontal_Inf_Tri_L,Thalamus_R,0.3319,0.3202
Angular_L,Temporal_Sup_R,0.3317,0.3201
Cingulum_Mid_L,Occipital_Sup_L,0.3313,0.3197
Postcentral_L,Heschl_R,0.3311,0.3195
Cerebelum_3_L,Vermis_4_5,0.331,0.3194
Occipital_Sup_R,Postcentral_R,0.3309,0.3194
Lingual_R,Occipital_Mid_L,0.3309,0.3193
Cuneus_L,SupraMarginal_L,0.3309,0.3193
Occipital_Sup_L,SupraMarginal_R,0.3308,0.3193
Frontal_Sup_R,Occipital_Mid_L,0.3308,0.3192
Cingulum_Ant_L,SupraMarginal_L,0.3306,0.3191
Frontal_Sup_R,Cuneus_R,0.3304,0.3189
Angular_L,Thalamus_R,0.3303,0.3188
Lingual_R,Postcentral_L,0.3303,0.3188
Cingulum_Ant_R,Occipital_Sup_R,0.3302,0.3187
Frontal_Mid_R,Heschl_R,0.3301,0.3186
Cerebelum_6_R,Vermis_6,0.33,0.3185
Cingulum_Ant_L,Temporal_Sup_L,0.33,0.3186
Hippocampus_R,Cuneus_L,0.33,0.3186
Temporal_Sup_R,Temporal_Mid_L,0.33,0.3185
SupraMarginal_R,Putamen_L,0.3299,0.3184
SupraMarginal_R,Vermis_4_5,0.3298,0.3184
SupraMarginal_L,Angular_R,0.3296,0.3182
Insula_L,Temporal_Mid_R,0.3295,0.3181
Frontal_Sup_Medial_L,Lingual_L,0.3293,0.3179
Fusiform_R,Temporal_Sup_R,0.3292,0.3178
ParaHippocampal_R,Thalamus_R,0.3289,0.3176
Frontal_Inf_Tri_R,Thalamus_R,0.3288,0.3174
Frontal_Sup_R,Vermis_4_5,0.3282,0.3169
Temporal_Mid_R,Vermis_4_5,0.3279,0.3167
Frontal_Inf_Orb_L,Cingulum_Ant_R,0.3275,0.3163
Putamen_R,Cerebelum_4_5_L,0.3274,0.3162
Frontal_Inf_Tri_L,Calcarine_L,0.327,0.3159
Cingulum_Ant_R,Thalamus_R,0.327,0.3158
Cingulum_Ant_R,Temporal_Sup_L,0.3268,0.3156
Frontal_Mid_R,Heschl_L,0.3268,0.3156
Fusiform_L,Temporal_Inf_L,0.3268,0.3157
Cingulum_Ant_L,Pallidum_R,0.3267,0.3155
Frontal_Mid_L,Hippocampus_R,0.3266,0.3155
Frontal_Sup_Orb_R,Frontal_Inf_Orb_R,0.3266,0.3154
Cuneus_R,Cerebelum_4_5_L,0.3265,0.3153
ParaHippocampal_L,Temporal_Mid_L,0.3264,0.3153
Frontal_Sup_L,Occipital_Mid_L,0.3264,0.3152
Frontal_Mid_R,Lingual_L,0.3263,0.3152
Insula_L,Angular_R,0.3262,0.3151
Frontal_Mid_L,Occipital_Sup_L,0.3261,0.315
Frontal_Inf_Tri_L,Cuneus_L,0.326,0.3149
Postcentral_R,Vermis_4_5,0.326,0.3149
Frontal_Inf_Orb_R,Caudate_R,0.3258,0.3148
Fusiform_R,Temporal_Sup_L,0.3256,0.3146
Rolandic_Oper_R,Heschl_L,0.3256,0.3146
Olfactory_R,Rectus_R,0.3256,0.3146
Frontal_Med_Orb_L,Insula_L,0.3255,0.3145
Rolandic_Oper_R,Frontal_Med_Orb_L,0.3253,0.3143
Lingual_L,Postcentral_R,0.3252,0.3142
Precuneus_R,Heschl_L,0.3252,0.3142
Precuneus_L,Heschl_R,0.3247,0.3138
Cuneus_L,Temporal_Mid_R,0.3246,0.3136
Rectus_L,Rectus_R,0.3244,0.3135
Cuneus_L,Cerebelum_4_5_L,0.3243,0.3134
Frontal_Sup_R,Lingual_L,0.3242,0.3133
Fusiform_L,Temporal_Mid_L,0.3242,0.3133
Supp_Motor_Area_R,Heschl_L,0.3238,0.3129
Lingual_L,Temporal_Mid_L,0.3238,0.3129
Frontal_Sup_Medial_L,Occipital_Mid_L,0.3237,0.3129
Precentral_L,Cuneus_L,0.3236,0.3127
Frontal_Mid_Orb_L,Frontal_Inf_Orb_R,0.3235,0.3127
Cingulum_Ant_L,Cuneus_R,0.3234,0.3126
ParaHippocampal_R,Vermis_3,0.3233,0.3125
Putamen_L,Temporal_Sup_R,0.3225,0.3118
Insula_L,Temporal_Pole_Sup_R,0.3224,0.3117
Frontal_Sup_Orb_R,Putamen_R,0.3219,0.3113
Cuneus_L,Caudate_L,0.3218,0.3111
Frontal_Mid_Orb_R,Frontal_Med_Orb_R,0.3218,0.3111
Calcarine_R,Pallidum_L,0.3217,0.311
Insula_L,Temporal_Mid_L,0.3216,0.311
Frontal_Sup_Orb_L,Frontal_Inf_Orb_L,0.3216,0.311
Rolandic_Oper_R,Occipital_Sup_L,0.3216,0.3109
Putamen_L,Cerebelum_4_5_L,0.3215,0.3108
Temporal_Mid_L,Cerebelum_4_5_L,0.3215,0.3109
ParaHippocampal_L,Temporal_Sup_L,0.3213,0.3107
Insula_L,Occipital_Mid_L,0.321,0.3104
Cingulum_Mid_R,Heschl_L,0.3207,0.3101
Rolandic_Oper_R,Temporal_Mid_R,0.3207,0.3101
Frontal_Inf_Oper_R,Frontal_Inf_Orb_R,0.3205,0.3099
Frontal_Mid_L,Hippocampus_L,0.3203,0.3098
Rolandic_Oper_R,Angular_L,0.3202,0.3097
Insula_R,Cerebelum_4_5_R,0.3199,0.3094
Cingulum_Mid_L,Heschl_L,0.3193,0.3089
Frontal_Mid_R,Occipital_Mid_L,0.3193,0.3089
Pallidum_R,Cerebelum_4_5_L,0.3192,0.3088
Cingulum_Post_R,Occipital_Mid_L,0.3191,0.3087
Rolandic_Oper_R,Cerebelum_4_5_R,0.319,0.3086
Occipital_Sup_L,Paracentral_Lobule_L,0.319,0.3086
Heschl_L,Vermis_4_5,0.3189,0.3085
Frontal_Inf_Oper_L,Frontal_Inf_Orb_R,0.3186,0.3083
Frontal_Inf_Oper_L,Lingual_L,0.3186,0.3082
Precentral_R,Occipital_Mid_L,0.3184,0.3081
Cuneus_L,Caudate_R,0.3184,0.308
Cingulum_Post_R,Pallidum_R,0.3184,0.308
Frontal_Inf_Tri_L,Angular_R,0.3181,0.3078
Insula_R,Hippocampus_R,0.3181,0.3078
Supp_Motor_Area_L,Cuneus_R,0.318,0.3077
Occipital_Sup_L,Putamen_R,0.3179,0.3076
Frontal_Inf_Oper_R,Temporal_Sup_R,0.3179,0.3076
Postcentral_L,Vermis_4_5,0.3178,0.3075
Cingulum_Post_L,Occipital_Sup_R,0.3178,0.3075
Cuneus_R,Lingual_L,0.3177,0.3074
Calcarine_L,Parietal_Sup_R,0.3175,0.3073
Precentral_L,Heschl_L,0.3175,0.3073
Angular_L,Caudate_L,0.3174,0.3071
Postcentral_R,Heschl_R,0.3172,0.307
Cingulum_Mid_R,Lingual_L,0.3171,0.3069
Frontal_Inf_Oper_R,Occipital_Sup_L,0.317,0.3068
Rolandic_Oper_L,Heschl_R,0.3169,0.3067
Calcarine_R,Angular_R,0.3167,0.3065
Frontal_Sup_R,Heschl_L,0.3164,0.3062
Precentral_R,Occipital_Sup_R,0.3164,0.3062
Fusiform_L,Cerebelum_3_L,0.3162,0.306
ParaHippocampal_R,Vermis_4_5,0.3162,0.3061
Insula_R,Fusiform_L,0.3161,0.306
Temporal_Pole_Sup_R,Temporal_Pole_Mid_R,0.3159,0.3058
Cingulum_Mid_R,Vermis_4_5,0.3159,0.3058
Insula_R,Vermis_3,0.3156,0.3056
Fusiform_L,Putamen_R,0.3156,0.3055
Rolandic_Oper_R,Fusiform_L,0.3153,0.3053
SupraMarginal_R,Temporal_Mid_R,0.3152,0.3051
Angular_L,Putamen_R,0.3152,0.3051
Occipital_Sup_R,SupraMarginal_R,0.3151,0.3051
Precuneus_R,Cerebelum_4_5_L,0.3151,0.3051
Occipital_Mid_L,Temporal_Sup_L,0.3151,0.3051
Frontal_Sup_Medial_R,Temporal_Sup_L,0.3149,0.3048
Frontal_Inf_Tri_L,Parietal_Sup_R,0.3149,0.3049
Cingulum_Mid_R,Occipital_Mid_L,0.3149,0.3049
Thalamus_R,Vermis_3,0.3148,0.3048
Frontal_Inf_Tri_L,Heschl_L,0.3147,0.3047
Frontal_Inf_Tri_L,Lingual_L,0.3146,0.3046
Precuneus_L,Heschl_L,0.3146,0.3046
Hippocampus_R,Cerebelum_4_5_R,0.3144,0.3044
Occipital_Mid_L,Thalamus_L,0.3144,0.3044
Putamen_R,Heschl_R,0.3141,0.3041
ParaHippocampal_R,Cerebelum_3_R,0.314,0.3041
Cuneus_R,Paracentral_Lobule_L,0.314,0.3041
Hippocampus_L,Cuneus_R,0.314,0.3041
Cuneus_L,Thalamus_R,0.3139,0.304
Hippocampus_R,Cuneus_R,0.3138,0.3039
Frontal_Inf_Oper_L,Parietal_Sup_R,0.3137,0.3038
Frontal_Sup_Medial_R,Temporal_Sup_R,0.3136,0.3037
Pallidum_R,Vermis_4_5,0.3136,0.3037
Cingulum_Mid_L,Vermis_4_5,0.3135,0.3036
Cingulum_Ant_R,Angular_L,0.3132,0.3033
Cuneus_L,Temporal_Sup_L,0.313,0.3031
Rolandic_Oper_L,Occipital_Sup_R,0.313,0.3032
Occipital_Sup_L,Occipital_Mid_R,0.3129,0.303
Lingual_R,Angular_L,0.3127,0.3029
SupraMarginal_L,Cerebelum_4_5_L,0.3123,0.3026
Cerebelum_6_L,Cerebelum_6_R,0.3121,0.3023
Occipital_Mid_L,Vermis_4_5,0.3119,0.3022
Angular_R,Temporal_Mid_R,0.3118,0.3021
Frontal_Inf_Orb_R,Lingual_R,0.3118,0.3021
Hippocampus_R,Caudate_L,0.3118,0.3021
Lingual_L,Cerebelum_4_5_R,0.3115,0.3018
Fusiform_L,Pallidum_R,0.3114,0.3017
Frontal_Sup_Orb_R,Frontal_Inf_Orb_L,0.3112,0.3016
Cingulum_Mid_L,Lingual_R,0.311,0.3014
Cingulum_Mid_R,Lingual_R,0.311,0.3013
Occipital_Mid_L,Postcentral_L,0.3109,0.3013
Lingual_R,Temporal_Mid_L,0.3109,0.3012
Frontal_Med_Orb_R,Pallidum_L,0.3107,0.3011
Frontal_Inf_Tri_L,Occipital_Sup_L,0.3107,0.3011
Frontal_Sup_Orb_R,Putamen_L,0.3105,0.3009
Lingual_L,Fusiform_R,0.3104,0.3008
Lingual_R,Postcentral_R,0.3102,0.3006
Frontal_Inf_Oper_L,Hippocampus_R,0.3101,0.3005
Pallidum_L,Heschl_L,0.3096,0.3
Cuneus_R,Paracentral_Lobule_R,0.3096,0.3001
Occipital_Mid_L,Paracentral_Lobule_L,0.3095,0.3
Occipital_Mid_L,Postcentral_R,0.3095,0.2999
Heschl_R,Vermis_4_5,0.3095,0.3
Supp_Motor_Area_L,Heschl_L,0.3094,0.2999
Cingulum_Mid_L,Heschl_R,0.3093,0.2998
Frontal_Med_Orb_L,Putamen_R,0.309,0.2995
Cuneus_L,Thalamus_L,0.309,0.2995
Fusiform_R,Cerebelum_6_R,0.3083,0.2989
Supp_Motor_Area_L,Vermis_4_5,0.3082,0.2988
Insula_R,Hippocampus_L,0.308,0.2986
Frontal_Inf_Orb_L,Temporal_Pole_Sup_R,0.3079,0.2985
Putamen_R,Temporal_Pole_Sup_R,0.3078,0.2985
Fusiform_L,Cerebelum_4_5_R,0.3077,0.2983
Frontal_Mid_L,Cuneus_R,0.3077,0.2983
Temporal_Sup_L,Temporal_Mid_R,0.3076,0.2982
Frontal_Sup_Medial_L,Vermis_4_5,0.3075,0.2981
Precentral_L,Occipital_Sup_L,0.3075,0.2982
Insula_L,Parietal_Sup_L,0.3071,0.2978
Insula_R,Temporal_Mid_L,0.3071,0.2978
Cingulum_Post_R,ParaHippocampal_L,0.3069,0.2976
Frontal_Sup_Medial_R,Lingual_L,0.3068,0.2975
Cingulum_Ant_R,Pallidum_R,0.3063,0.2971
Hippocampus_R,Temporal_Mid_L,0.3062,0.297
Occipital_Sup_R,Putamen_R,0.3058,0.2967
Precentral_R,Heschl_L,0.3057,0.2965
Lingual_R,Occipital_Sup_L,0.3055,0.2963
Calcarine_R,Parietal_Inf_R,0.3055,0.2964
Cingulum_Ant_R,Angular_R,0.3055,0.2963
Frontal_Sup_Orb_R,Temporal_Pole_Sup_R,0.3054,0.2962
Occipital_Mid_L,Parietal_Sup_R,0.3053,0.2961
Paracentral_Lobule_R,Heschl_L,0.3053,0.2961
Hippocampus_R,Vermis_3,0.3052,0.296
Frontal_Inf_Tri_R,Calcarine_L,0.3052,0.296
Frontal_Sup_Medial_L,Hippocampus_L,0.305,0.2959
Lingual_L,Cerebelum_3_L,0.305,0.2958
Rolandic_Oper_R,Occipital_Mid_L,0.3049,0.2958
Temporal_Pole_Sup_L,Vermis_4_5,0.3048,0.2957
Lingual_R,SupraMarginal_R,0.3045,0.2954
Temporal_Sup_R,Cerebelum_4_5_R,0.3045,0.2954
Cerebelum_3_L,Vermis_1_2,0.3044,0.2953
Cingulum_Mid_L,Occipital_Mid_L,0.3043,0.2952
Frontal_Sup_Orb_R,Temporal_Pole_Sup_L,0.3041,0.2951
Occipital_Sup_L,Putamen_L,0.3041,0.2951
Insula_L,Cerebelum_4_5_R,0.3038,0.2948
Angular_R,Caudate_L,0.3037,0.2947
Frontal_Mid_Orb_R,Frontal_Inf_Orb_L,0.3036,0.2946
Parietal_Inf_L,Vermis_4_5,0.3036,0.2946
Lingual_L,Temporal_Mid_R,0.3036,0.2946
Lingual_L,Paracentral_Lobule_L,0.3035,0.2945
Frontal_Med_Orb_L,Putamen_L,0.3032,0.2943
Frontal_Inf_Orb_L,Lingual_R,0.3029,0.294
Pallidum_L,Cerebelum_4_5_L,0.3029,0.2939
Frontal_Inf_Oper_L,Occipital_Sup_L,0.3025,0.2936
ParaHippocampal_R,Temporal_Sup_L,0.3024,0.2935
Hippocampus_L,Heschl_R,0.3023,0.2934
Lingual_R,Heschl_R,0.3023,0.2934
Lingual_R,Pallidum_R,0.3022,0.2933
Fusiform_L,Thalamus_L,0.3021,0.2933
Pallidum_L,Temporal_Pole_Sup_L,0.3019,0.2931
Paracentral_Lobule_L,Heschl_L,0.3018,0.293
Rolandic_Oper_L,Temporal_Mid_R,0.3016,0.2928
Frontal_Med_Orb_R,Temporal_Pole_Sup_L,0.3016,0.2928
Cuneus_L,Cerebelum_4_5_R,0.3016,0.2928
Frontal_Sup_Medial_R,Occipital_Mid_L,0.3016,0.2928
Frontal_Sup_Orb_L,Insula_L,0.3012,0.2924
Lingual_L,Angular_L,0.301,0.2922
Cingulum_Ant_R,Occipital_Mid_L,0.3009,0.2921
Cuneus_R,Thalamus_R,0.3008,0.292
Calcarine_L,Parietal_Inf_R,0.3007,0.2919
Occipital_Sup_L,Paracentral_Lobule_R,0.3005,0.2918
Frontal_Inf_Orb_L,Temporal_Sup_R,0.3005,0.2918
Cingulum_Post_L,Cerebelum_4_5_L,0.3005,0.2918
Heschl_L,Temporal_Mid_L,0.3004,0.2917
Precentral_L,Lingual_L,0.3003,0.2916
Frontal_Inf_Tri_L,Heschl_R,0.3,0.2914
Cingulum_Ant_R,Parietal_Sup_R,0.2998,0.2912
Frontal_Inf_Orb_R,Pallidum_L,0.2997,0.2911
Pallidum_R,Heschl_L,0.2996,0.2909
Frontal_Inf_Tri_L,Hippocampus_R,0.2995,0.2908
Frontal_Mid_R,Vermis_4_5,0.2995,0.2909
Caudate_L,Cerebelum_4_5_L,0.2993,0.2907
Supp_Motor_Area_L,Lingual_R,0.2993,0.2907
Frontal_Inf_Oper_R,Lingual_R,0.2992,0.2905
Angular_L,Vermis_4_5,0.2991,0.2905
Cingulum_Mid_L,Lingual_L,0.299,0.2904
Insula_L,Heschl_R,0.2989,0.2903
Hippocampus_R,Occipital_Sup_L,0.2989,0.2903
ParaHippocampal_L,Precuneus_R,0.2986,0.29
Lingual_L,Occipital_Sup_R,0.2984,0.2898
Temporal_Mid_L,Vermis_4_5,0.2983,0.2897
Lingual_L,Parietal_Sup_L,0.2983,0.2898
Lingual_R,Parietal_Inf_L,0.2982,0.2896
Occipital_Sup_L,Temporal_Sup_R,0.2978,0.2893
Frontal_Inf_Tri_L,Temporal_Sup_R,0.2978,0.2893
Hippocampus_L,Parietal_Sup_R,0.2978,0.2893
Frontal_Inf_Oper_L,Angular_R,0.2977,0.2892
Frontal_Sup_Orb_R,Rectus_R,0.2974,0.2889
Supp_Motor_Area_R,Lingual_R,0.2973,0.2888
Caudate_R,Cerebelum_4_5_L,0.2973,0.2889
Cingulum_Ant_L,Occipital_Sup_L,0.2971,0.2886
Parietal_Inf_R,Heschl_R,0.2967,0.2883
ParaHippocampal_L,Cerebelum_4_5_R,0.2966,0.2882
Occipital_Mid_R,Temporal_Mid_R,0.2965,0.2881
Angular_L,Cerebelum_4_5_L,0.2965,0.2881
Frontal_Inf_Oper_R,Temporal_Sup_L,0.2962,0.2878
SupraMarginal_R,Heschl_L,0.2961,0.2877
Frontal_Inf_Tri_R,Frontal_Inf_Orb_L,0.2961,0.2877
Rolandic_Oper_R,Parietal_Sup_L,0.2961,0.2877
Frontal_Inf_Tri_L,Lingual_R,0.296,0.2876
Frontal_Inf_Oper_R,Cuneus_R,0.2959,0.2875
Cuneus_R,Temporal_Sup_L,0.2959,0.2876
Occipital_Sup_R,Vermis_4_5,0.2958,0.2874
ParaHippocampal_L,Precuneus_L,0.2955,0.2872
Cingulum_Post_R,Heschl_L,0.2954,0.2871
Frontal_Sup_Orb_R,Cingulum_Ant_R,0.2953,0.287
Cuneus_R,Thalamus_L,0.2953,0.287
Rolandic_Oper_L,Angular_R,0.2951,0.2868
Insula_L,Fusiform_L,0.2949,0.2867
Angular_R,Thalamus_L,0.2946,0.2863
Frontal_Sup_Medial_L,Occipital_Sup_R,0.2944,0.2862
Hippocampus_L,Cuneus_L,0.2941,0.2859
Putamen_L,Temporal_Pole_Sup_R,0.2939,0.2857
Lingual_L,Pallidum_L,0.2939,0.2857
Frontal_Sup_Medial_R,Hippocampus_R,0.2934,0.2852
Hippocampus_L,Fusiform_R,0.2932,0.2851
Lingual_R,Precuneus_L,0.293,0.2849
Frontal_Sup_Orb_L,Olfactory_L,0.293,0.2849
Supp_Motor_Area_L,Occipital_Mid_L,0.2927,0.2846
Hippocampus_L,Putamen_R,0.2927,0.2846
Occipital_Mid_L,Cerebelum_4_5_L,0.2926,0.2846
Rolandic_Oper_R,Temporal_Mid_L,0.2926,0.2846
Rolandic_Oper_L,Occipital_Mid_L,0.2925,0.2844
Hippocampus_L,Occipital_Mid_L,0.2925,0.2845
Olfactory_L,Rectus_L,0.2924,0.2843
Frontal_Inf_Orb_R,Frontal_Sup_Medial_L,0.2922,0.2841
Hippocampus_R,Heschl_L,0.2921,0.2841
Supp_Motor_Area_R,Vermis_4_5,0.292,0.284
Frontal_Inf_Tri_R,Heschl_R,0.292,0.284
Cingulum_Post_R,Cerebelum_4_5_L,0.2918,0.2838
Paracentral_Lobule_L,Vermis_4_5,0.2917,0.2837
Frontal_Inf_Tri_R,Temporal_Sup_L,0.2917,0.2837
Cerebelum_6_L,Vermis_4_5,0.2917,0.2837
Frontal_Inf_Oper_R,Frontal_Inf_Orb_L,0.2915,0.2835
Precuneus_L,Cerebelum_4_5_L,0.2914,0.2834
Precentral_R,Lingual_L,0.2913,0.2833
Frontal_Sup_Medial_R,Vermis_4_5,0.2909,0.2829
Frontal_Mid_Orb_L,Insula_L,0.2909,0.283
Occipital_Sup_L,Temporal_Sup_L,0.2908,0.2828
Frontal_Mid_L,Occipital_Mid_L,0.2908,0.2829
Occipital_Sup_L,Vermis_4_5,0.2907,0.2828
Occipital_Sup_L,Caudate_L,0.2907,0.2827
Temporal_Sup_L,Cerebelum_4_5_R,0.2906,0.2827
Cuneus_R,Caudate_L,0.2905,0.2826
Putamen_R,Cerebelum_4_5_R,0.2904,0.2825
Frontal_Inf_Tri_R,Angular_L,0.2904,0.2825
Angular_L,Putamen_L,0.2899,0.282
Rolandic_Oper_L,Frontal_Med_Orb_R,0.2899,0.282
Cingulum_Ant_R,Cerebelum_4_5_L,0.2899,0.2821
Frontal_Inf_Orb_L,Thalamus_L,0.2897,0.2818
Occipital_Sup_R,Postcentral_L,0.2895,0.2817
Precentral_R,Vermis_4_5,0.2895,0.2817
SupraMarginal_L,Heschl_R,0.2894,0.2816
Occipital_Sup_L,Thalamus_L,0.2894,0.2816
Putamen_R,Vermis_3,0.2893,0.2815
Rolandic_Oper_R,Vermis_3,0.2892,0.2814
Frontal_Sup_Orb_R,Pallidum_L,0.2892,0.2814
Angular_R,Thalamus_R,0.2889,0.2811
Frontal_Mid_Orb_R,Frontal_Med_Orb_L,0.2887,0.2809
Cingulum_Post_L,ParaHippocampal_L,0.2886,0.2808
ParaHippocampal_L,SupraMarginal_L,0.2886,0.2808
Hippocampus_L,Putamen_L,0.2886,0.2808
Caudate_L,Heschl_R,0.2885,0.2807
Rolandic_Oper_R,Thalamus_R,0.2884,0.2807
Frontal_Sup_Orb_R,Cingulum_Ant_L,0.2883,0.2806
Calcarine_R,Cerebelum_4_5_R,0.2881,0.2804
SupraMarginal_R,Cerebelum_4_5_L,0.288,0.2803
Insula_R,Parietal_Sup_R,0.2878,0.2801
Supp_Motor_Area_R,Lingual_L,0.2877,0.28
Frontal_Inf_Oper_L,Vermis_4_5,0.2874,0.2798
Lingual_R,Heschl_L,0.2874,0.2798
Calcarine_R,Heschl_R,0.2873,0.2797
Occipital_Mid_L,Putamen_R,0.2872,0.2795
Parietal_Sup_L,Putamen_R,0.2871,0.2794
Frontal_Sup_Medial_R,Pallidum_L,0.2871,0.2795
Cuneus_R,Putamen_L,0.2868,0.2792
Lingual_L,Occipital_Sup_L,0.2867,0.2791
Frontal_Inf_Orb_L,Frontal_Sup_Medial_L,0.2866,0.279
Frontal_Sup_Medial_R,Hippocampus_L,0.2866,0.279
Frontal_Med_Orb_L,Pallidum_L,0.2864,0.2788
Cingulum_Mid_R,Occipital_Sup_R,0.2864,0.2788
Frontal_Med_Orb_L,Cingulum_Ant_R,0.2863,0.2788
Rolandic_Oper_L,ParaHippocampal_L,0.2863,0.2788
Lingual_R,Paracentral_Lobule_L,0.2863,0.2787
Occipital_Sup_L,Caudate_R,0.2863,0.2787
Lingual_L,Parietal_Inf_R,0.2863,0.2788
Cingulum_Mid_R,ParaHippocampal_L,0.2861,0.2786
Cingulum_Ant_R,Temporal_Sup_R,0.2861,0.2786
Cuneus_R,Temporal_Mid_R,0.2861,0.2786
ParaHippocampal_R,Fusiform_L,0.286,0.2785
Frontal_Inf_Oper_L,Occipital_Mid_L,0.2859,0.2784
Paracentral_Lobule_R,Temporal_Sup_L,0.2859,0.2783
Frontal_Mid_L,Heschl_R,0.2859,0.2783
Insula_R,Temporal_Mid_R,0.2858,0.2783
Lingual_L,Heschl_L,0.2858,0.2783
Frontal_Inf_Oper_L,Lingual_R,0.2853,0.2778
Cerebelum_4_5_R,Cerebelum_6_L,0.2851,0.2777
Temporal_Mid_R,Cerebelum_4_5_L,0.2849,0.2774
Hippocampus_R,Cerebelum_3_R,0.2849,0.2774
Fusiform_R,Cerebelum_6_L,0.2849,0.2775
Frontal_Sup_L,Heschl_R,0.2848,0.2774
Frontal_Mid_Orb_L,Frontal_Med_Orb_L,0.2848,0.2773
Frontal_Mid_R,Occipital_Sup_R,0.2842,0.2768
Occipital_Sup_R,Temporal_Sup_R,0.2841,0.2767
Cerebelum_3_L,Cerebelum_4_5_R,0.2841,0.2767
Cingulum_Ant_L,Occipital_Sup_R,0.2838,0.2765
Cingulum_Ant_L,Cerebelum_4_5_L,0.2838,0.2764
Lingual_R,Cerebelum_3_L,0.2838,0.2764
Frontal_Mid_Orb_L,Insula_R,0.2837,0.2763
Hippocampus_L,Parietal_Inf_R,0.2837,0.2764
Supp_Motor_Area_R,Occipital_Mid_L,0.2833,0.2759
Frontal_Sup_L,Frontal_Inf_Orb_L,0.2833,0.276
Frontal_Sup_Medial_L,Heschl_R,0.2833,0.276
Cuneus_L,Temporal_Mid_L,0.283,0.2757
Rolandic_Oper_R,Hippocampus_L,0.2829,0.2756
Frontal_Inf_Oper_L,Temporal_Sup_R,0.2827,0.2754
Cingulum_Post_L,Temporal_Mid_L,0.2825,0.2752
ParaHippocampal_L,Cerebelum_3_L,0.2824,0.2751
Fusiform_L,Vermis_3,0.2822,0.275
Frontal_Inf_Orb_R,Calcarine_R,0.2822,0.2749
Lingual_R,Temporal_Pole_Sup_L,0.2821,0.2749
Frontal_Inf_Oper_R,Hippocampus_R,0.2819,0.2747
Hippocampus_R,Fusiform_L,0.2818,0.2746
Precentral_R,Lingual_R,0.2816,0.2743
Pallidum_L,Temporal_Pole_Sup_R,0.2814,0.2742
Frontal_Inf_Orb_R,Caudate_L,0.2814,0.2742
Frontal_Sup_R,Pallidum_R,0.2814,0.2742
ParaHippocampal_R,Lingual_L,0.2813,0.2741
Frontal_Inf_Tri_R,Lingual_R,0.2811,0.274
Calcarine_R,Vermis_3,0.281,0.2739
ParaHippocampal_R,Calcarine_R,0.281,0.2738
Occipital_Sup_R,Paracentral_Lobule_L,0.2809,0.2738
Frontal_Med_Orb_L,Temporal_Pole_Sup_L,0.2809,0.2738
Occipital_Mid_L,Temporal_Sup_R,0.2808,0.2737
Angular_R,Caudate_R,0.2808,0.2737
Frontal_Inf_Orb_L,Frontal_Med_Orb_L,0.2808,0.2736
Frontal_Inf_Oper_L,Cerebelum_4_5_L,0.2807,0.2736
Frontal_Sup_Orb_L,Insula_R,0.2805,0.2734
Frontal_Inf_Orb_L,Frontal_Sup_Medial_R,0.2804,0.2733
Frontal_Mid_Orb_R,Insula_R,0.2804,0.2733
Frontal_Mid_L,Lingual_L,0.2803,0.2732
Rolandic_Oper_L,Parietal_Sup_L,0.2803,0.2732
Parietal_Inf_L,Cerebelum_4_5_L,0.2803,0.2732
Fusiform_R,Temporal_Mid_R,0.2801,0.273
Frontal_Sup_L,Cerebelum_4_5_L,0.2801,0.273
Calcarine_R,Parietal_Sup_R,0.2797,0.2727
Lingual_L,Paracentral_Lobule_R,0.2797,0.2727
Frontal_Sup_R,Heschl_R,0.2796,0.2725
Frontal_Inf_Tri_L,Hippocampus_L,0.2796,0.2725
Frontal_Mid_L,Frontal_Inf_Orb_L,0.2794,0.2724
ParaHippocampal_R,Temporal_Sup_R,0.2792,0.2722
Calcarine_L,Occipital_Mid_R,0.2792,0.2722
Cingulum_Ant_L,Cerebelum_4_5_R,0.279,0.272
Putamen_R,Temporal_Mid_L,0.2789,0.2718
Precentral_L,Heschl_R,0.2789,0.2719
Amygdala_R,Pallidum_R,0.2789,0.2719
Caudate_L,Heschl_L,0.2789,0.2719
Supp_Motor_Area_L,Heschl_R,0.2788,0.2718
Frontal_Inf_Orb_R,Temporal_Sup_R,0.2787,0.2717
Cingulum_Ant_L,Temporal_Sup_R,0.2784,0.2715
Supp_Motor_Area_L,Lingual_L,0.2783,0.2714
Hippocampus_R,Putamen_R,0.2783,0.2714
Cingulum_Post_R,Pallidum_L,0.2783,0.2713
Cerebelum_3_R,Vermis_1_2,0.2782,0.2712
Calcarine_R,Pallidum_R,0.2782,0.2712
Rolandic_Oper_R,Fusiform_R,0.2781,0.2712
ParaHippocampal_R,Cuneus_L,0.2781,0.2712
Precentral_L,Occipital_Mid_L,0.278,0.2711
Cerebelum_4_5_R,Cerebelum_6_R,0.2779,0.271
Occipital_Mid_L,Occipital_Mid_R,0.2779,0.2709
ParaHippocampal_R,Temporal_Mid_R,0.2778,0.2708
Cuneus_R,SupraMarginal_L,0.2777,0.2708
Cingulum_Ant_R,Cerebelum_4_5_R,0.2777,0.2708
ParaHippocampal_L,Caudate_R,0.2776,0.2706
Frontal_Inf_Tri_R,Occipital_Sup_L,0.2776,0.2706
Frontal_Inf_Tri_L,Occipital_Mid_L,0.2776,0.2707
Lingual_R,Cerebelum_3_R,0.2776,0.2707
Cingulum_Ant_L,Angular_R,0.2773,0.2704
Frontal_Inf_Orb_L,Pallidum_R,0.2773,0.2704
Putamen_L,Temporal_Mid_R,0.2771,0.2702
Occipital_Mid_L,Putamen_L,0.277,0.2701
Frontal_Sup_R,Occipital_Sup_R,0.2768,0.2699
Frontal_Inf_Oper_R,Hippocampus_L,0.2767,0.2698
Temporal_Mid_R,Temporal_Inf_R,0.2766,0.2697
Angular_R,Putamen_L,0.2763,0.2694
ParaHippocampal_R,Temporal_Mid_L,0.2761,0.2693
Heschl_R,Temporal_Mid_L,0.2759,0.2691
Frontal_Inf_Orb_L,Vermis_4_5,0.2759,0.2691
Hippocampus_R,Putamen_L,0.2758,0.269
Frontal_Sup_L,Temporal_Mid_R,0.2755,0.2688
Putamen_R,Temporal_Mid_R,0.2755,0.2687
Lingual_R,Occipital_Sup_R,0.2754,0.2687
Frontal_Sup_L,Pallidum_R,0.2752,0.2684
Parietal_Inf_R,Vermis_4_5,0.2749,0.2682
Insula_L,Occipital_Sup_R,0.2748,0.2681
Temporal_Sup_R,Temporal_Pole_Sup_R,0.2748,0.2681
Paracentral_Lobule_R,Heschl_R,0.2747,0.268
Angular_L,Heschl_L,0.2745,0.2679
Lingual_L,Angular_R,0.2744,0.2677
Frontal_Med_Orb_R,Rectus_R,0.2744,0.2677
Cuneus_R,Cerebelum_4_5_R,0.2739,0.2673
Olfactory_L,Insula_R,0.2739,0.2673
Frontal_Inf_Orb_L,Calcarine_R,0.2737,0.2671
Occipital_Mid_L,Caudate_R,0.2737,0.2671
Occipital_Sup_R,Paracentral_Lobule_R,0.2737,0.2671
Frontal_Inf_Tri_L,Cuneus_R,0.2734,0.2668
Frontal_Inf_Orb_L,Postcentral_L,0.2734,0.2668
Frontal_Mid_R,Lingual_R,0.2733,0.2667
Cingulum_Ant_L,Parietal_Sup_R,0.2733,0.2667
Frontal_Mid_L,Lingual_R,0.2733,0.2667
Parietal_Inf_L,Temporal_Mid_L,0.2732,0.2666
ParaHippocampal_L,Parietal_Inf_L,0.2732,0.2666
Calcarine_L,Heschl_R,0.2732,0.2666
Cingulum_Ant_L,Temporal_Mid_R,0.2732,0.2666
Frontal_Sup_Orb_L,Putamen_L,0.273,0.2664
Angular_R,Heschl_R,0.2729,0.2663
ParaHippocampal_L,Angular_L,0.2728,0.2662
Precentral_L,Cuneus_R,0.2728,0.2663
Frontal_Sup_R,Frontal_Inf_Orb_R,0.2726,0.2661
Frontal_Sup_Medial_L,Pallidum_L,0.2725,0.2659
Occipital_Sup_L,Cerebelum_4_5_L,0.2724,0.2658
Frontal_Med_Orb_R,Temporal_Sup_L,0.2724,0.2659
Supp_Motor_Area_L,Pallidum_R,0.2723,0.2658
Calcarine_L,Pallidum_L,0.272,0.2655
Paracentral_Lobule_R,Vermis_4_5,0.2719,0.2654
Pallidum_R,Temporal_Pole_Sup_L,0.2716,0.2651
Frontal_Sup_Orb_L,Frontal_Inf_Orb_R,0.2715,0.265
Frontal_Med_Orb_L,Rectus_L,0.2714,0.2649
Cuneus_R,Caudate_R,0.2712,0.2647
Rolandic_Oper_R,Hippocampus_R,0.2711,0.2646
Frontal_Inf_Oper_L,Cuneus_R,0.271,0.2645
Calcarine_R,Fusiform_R,0.2709,0.2644
Frontal_Sup_Medial_R,Occipital_Sup_R,0.2709,0.2645
Angular_L,Heschl_R,0.2708,0.2644
Calcarine_R,Temporal_Pole_Sup_L,0.2707,0.2643
ParaHippocampal_R,Precuneus_R,0.2706,0.2642
ParaHippocampal_L,Cuneus_R,0.2706,0.2642
Cingulum_Ant_L,Angular_L,0.2704,0.264
Frontal_Inf_Orb_R,Vermis_4_5,0.2703,0.2639
Angular_R,Vermis_4_5,0.2703,0.2639
Hippocampus_L,Cerebelum_3_L,0.2703,0.2639
Frontal_Inf_Tri_R,Cuneus_R,0.2697,0.2633
Cingulum_Ant_L,Temporal_Pole_Sup_L,0.2697,0.2633
Calcarine_L,Cerebelum_4_5_R,0.2696,0.2632
ParaHippocampal_L,Vermis_3,0.2695,0.2631
Amygdala_L,Amygdala_R,0.2695,0.2632
Rolandic_Oper_L,Frontal_Med_Orb_L,0.2693,0.2629
Frontal_Mid_L,Vermis_4_5,0.2691,0.2628
Calcarine_R,Fusiform_L,0.2689,0.2626
Putamen_L,Cerebelum_4_5_R,0.2688,0.2625
Lingual_L,Pallidum_R,0.2687,0.2624
Thalamus_R,Temporal_Mid_R,0.2686,0.2623
Frontal_Mid_Orb_R,Rolandic_Oper_R,0.2684,0.2621
Cuneus_L,Lingual_L,0.2684,0.2622
Hippocampus_L,Vermis_3,0.2682,0.262
Precentral_L,Vermis_4_5,0.268,0.2617
Cingulum_Post_L,Pallidum_R,0.2678,0.2616
Occipital_Sup_L,Temporal_Mid_L,0.2678,0.2616
Occipital_Mid_L,Paracentral_Lobule_R,0.2677,0.2615
Frontal_Inf_Orb_L,SupraMarginal_L,0.2674,0.2612
Heschl_R,Cerebelum_4_5_L,0.2674,0.2612
Cuneus_R,Temporal_Mid_L,0.2674,0.2612
Putamen_L,Temporal_Mid_L,0.2673,0.2611
Pallidum_L,Temporal_Sup_R,0.2669,0.2608
Frontal_Med_Orb_R,Pallidum_R,0.2668,0.2606
Frontal_Sup_L,Frontal_Inf_Orb_R,0.2666,0.2605
Frontal_Inf_Tri_R,Hippocampus_R,0.2663,0.2602
ParaHippocampal_R,Calcarine_L,0.2662,0.2601
Occipital_Sup_R,Cerebelum_4_5_L,0.2662,0.2601
Heschl_R,Temporal_Mid_R,0.2662,0.26
Postcentral_L,Cerebelum_4_5_L,0.266,0.2599
Supp_Motor_Area_L,Cerebelum_4_5_L,0.2657,0.2597
Lingual_R,Paracentral_Lobule_R,0.2654,0.2594
Frontal_Sup_L,Occipital_Sup_R,0.2653,0.2593
Pallidum_R,Heschl_R,0.2653,0.2593
Fusiform_L,Heschl_R,0.265,0.2589
Fusiform_L,Temporal_Sup_R,0.265,0.2589
Frontal_Sup_Medial_R,Frontal_Med_Orb_R,0.265,0.259
ParaHippocampal_L,Calcarine_R,0.2649,0.2589
Occipital_Mid_L,Parietal_Inf_R,0.2648,0.2588
Frontal_Sup_Orb_R,Rolandic_Oper_L,0.2647,0.2586
Occipital_Mid_L,Heschl_L,0.2647,0.2586
Olfactory_L,Vermis_4_5,0.2643,0.2583
Amygdala_L,Temporal_Sup_L,0.2637,0.2578
Cingulum_Mid_R,Pallidum_R,0.2636,0.2577
Cingulum_Ant_L,Fusiform_L,0.2636,0.2577
Calcarine_R,Heschl_L,0.2635,0.2575
Occipital_Sup_L,Fusiform_R,0.2633,0.2574
Precentral_R,Heschl_R,0.2632,0.2573
Rolandic_Oper_R,Olfactory_L,0.2631,0.2572
Cingulum_Mid_L,Occipital_Sup_R,0.2631,0.2572
ParaHippocampal_L,Temporal_Sup_R,0.2627,0.2569
ParaHippocampal_R,Cuneus_R,0.2627,0.2569
Fusiform_R,Heschl_R,0.2627,0.2568
Fusiform_L,Putamen_L,0.2624,0.2565
Frontal_Inf_Orb_L,Olfactory_L,0.2624,0.2565
Insula_R,Amygdala_R,0.2624,0.2565
Frontal_Inf_Orb_R,Lingual_L,0.2623,0.2565
Hippocampus_R,Pallidum_R,0.2623,0.2565
Thalamus_R,Temporal_Mid_L,0.2622,0.2563
Frontal_Sup_Orb_L,Cingulum_Ant_L,0.2621,0.2562
Heschl_L,Temporal_Pole_Sup_L,0.2619,0.2561
Supp_Motor_Area_R,Occipital_Sup_R,0.2619,0.2561
Frontal_Sup_L,Pallidum_L,0.2617,0.2559
Frontal_Mid_Orb_R,Insula_L,0.2614,0.2557
ParaHippocampal_L,Putamen_R,0.2611,0.2553
Hippocampus_L,Temporal_Mid_R,0.2609,0.2552
Putamen_L,Heschl_R,0.2605,0.2548
Olfactory_L,Putamen_L,0.2605,0.2548
Frontal_Med_Orb_R,Lingual_R,0.2605,0.2547
Supp_Motor_Area_R,Heschl_R,0.2604,0.2546
Frontal_Sup_Medial_L,Pallidum_R,0.2602,0.2544
Frontal_Sup_Orb_L,Pallidum_L,0.2601,0.2544
ParaHippocampal_R,Precuneus_L,0.26,0.2543
Frontal_Sup_L,Cerebelum_4_5_R,0.2599,0.2542
Temporal_Mid_L,Temporal_Mid_R,0.2598,0.2541
Paracentral_Lobule_L,Heschl_R,0.2598,0.2542
Cuneus_L,Pallidum_L,0.2598,0.2541
Cuneus_L,Fusiform_R,0.2592,0.2535
Frontal_Sup_Orb_L,Rolandic_Oper_R,0.2591,0.2535
Amygdala_R,Temporal_Pole_Sup_L,0.2591,0.2534
Temporal_Sup_L,Vermis_3,0.2591,0.2534
Frontal_Sup_Orb_R,Temporal_Sup_L,0.2589,0.2533
Precentral_L,Lingual_R,0.2589,0.2532
Heschl_L,Cerebelum_4_5_L,0.2588,0.2531
Insula_R,ParaHippocampal_L,0.2587,0.2531
Frontal_Sup_Medial_L,Heschl_L,0.2586,0.253
Cingulum_Mid_R,Cerebelum_4_5_L,0.2586,0.253
Frontal_Inf_Oper_L,Temporal_Mid_L,0.2584,0.2528
Temporal_Sup_L,Temporal_Pole_Sup_R,0.2584,0.2528
Cingulum_Mid_L,ParaHippocampal_L,0.2583,0.2527
Rolandic_Oper_R,Parietal_Sup_R,0.2583,0.2527
Hippocampus_L,Occipital_Sup_L,0.2581,0.2525
Frontal_Inf_Oper_L,Pallidum_L,0.258,0.2525
Rolandic_Oper_L,Fusiform_L,0.2578,0.2523
Parietal_Sup_L,Heschl_R,0.2574,0.2519
Olfactory_R,Insula_R,0.2574,0.2518
Frontal_Sup_R,Cerebelum_4_5_L,0.2573,0.2518
Insula_L,ParaHippocampal_L,0.2571,0.2516
Frontal_Sup_R,Cerebelum_4_5_R,0.257,0.2515
Cuneus_R,Heschl_R,0.2569,0.2514
Frontal_Inf_Oper_L,Temporal_Pole_Sup_L,0.2569,0.2514
Occipital_Mid_L,SupraMarginal_R,0.2566,0.2511
Parietal_Sup_R,Putamen_R,0.2564,0.2509
Supp_Motor_Area_R,Temporal_Mid_R,0.2562,0.2508
Frontal_Inf_Oper_R,Vermis_4_5,0.2559,0.2504
Frontal_Sup_Orb_L,Temporal_Pole_Sup_R,0.2555,0.2501
Frontal_Sup_Medial_L,Temporal_Mid_R,0.2555,0.2501
Supp_Motor_Area_R,Pallidum_R,0.2553,0.2499
Thalamus_L,Cerebelum_4_5_R,0.2552,0.2498
Frontal_Sup_Medial_L,Cerebelum_4_5_L,0.2548,0.2494
Rolandic_Oper_L,Temporal_Pole_Sup_R,0.2548,0.2494
Cuneus_L,Pallidum_R,0.2546,0.2492
Lingual_R,Cerebelum_6_R,0.2544,0.2491
Calcarine_L,Vermis_3,0.2543,0.2489
Pallidum_L,Cerebelum_4_5_R,0.2542,0.2488
Hippocampus_L,Pallidum_R,0.254,0.2487
Temporal_Pole_Sup_L,Temporal_Mid_L,0.254,0.2486
Cingulum_Mid_L,Pallidum_R,0.254,0.2487
Insula_R,Fusiform_R,0.2536,0.2483
Pallidum_R,Temporal_Mid_L,0.2536,0.2483
Frontal_Mid_L,Occipital_Sup_R,0.2535,0.2482
Cingulum_Post_R,ParaHippocampal_R,0.2535,0.2482
Frontal_Med_Orb_L,Lingual_R,0.2535,0.2482
Frontal_Sup_R,Frontal_Inf_Orb_L,0.2533,0.248
Cingulum_Post_R,Cerebelum_4_5_R,0.2532,0.248
Frontal_Sup_R,Temporal_Mid_R,0.253,0.2478
Frontal_Med_Orb_R,Caudate_R,0.2529,0.2476
Rolandic_Oper_L,Fusiform_R,0.2528,0.2476
Frontal_Inf_Oper_L,Heschl_R,0.2527,0.2474
Parietal_Inf_R,Heschl_L,0.2527,0.2474
Rolandic_Oper_L,Cerebelum_4_5_R,0.2526,0.2473
Angular_R,Temporal_Sup_L,0.2526,0.2474
Occipital_Mid_L,Fusiform_L,0.2522,0.247
Temporal_Mid_R,Cerebelum_4_5_R,0.252,0.2468
ParaHippocampal_L,Pallidum_R,0.2517,0.2466
Occipital_Mid_L,Heschl_R,0.2515,0.2463
Fusiform_R,Thalamus_L,0.2514,0.2463
Fusiform_L,Thalamus_R,0.2512,0.246
Fusiform_R,Heschl_L,0.2509,0.2458
Occipital_Sup_R,SupraMarginal_L,0.2509,0.2458
Insula_L,Vermis_3,0.2508,0.2457
Fusiform_R,Putamen_R,0.2507,0.2455
Temporal_Sup_R,Cerebelum_6_R,0.2507,0.2456
Insula_L,ParaHippocampal_R,0.2506,0.2455
Frontal_Inf_Orb_R,Heschl_L,0.2504,0.2453
Cuneus_R,Fusiform_R,0.2502,0.2451
Lingual_R,Cerebelum_6_L,0.2501,0.245
Calcarine_L,Fusiform_L,0.2501,0.245
Caudate_R,Heschl_R,0.2499,0.2448
Frontal_Inf_Oper_R,Lingual_L,0.2499,0.2449
Cingulum_Ant_R,Temporal_Mid_R,0.2499,0.2448
Parietal_Sup_L,Vermis_4_5,0.2496,0.2445
Frontal_Med_Orb_L,Temporal_Sup_L,0.2495,0.2445
Thalamus_L,Cerebelum_3_L,0.2493,0.2442
Frontal_Inf_Oper_R,Pallidum_L,0.2492,0.2442
Cingulum_Ant_R,Temporal_Pole_Sup_R,0.2492,0.2442
SupraMarginal_L,Pallidum_L,0.249,0.244
Amygdala_R,Putamen_R,0.2487,0.2437
Frontal_Inf_Tri_L,Vermis_4_5,0.2487,0.2437
Supp_Motor_Area_L,ParaHippocampal_R,0.2486,0.2436
Parietal_Inf_R,Temporal_Sup_L,0.2485,0.2436
Frontal_Sup_Orb_L,Temporal_Pole_Sup_L,0.2484,0.2434
Hippocampus_L,Angular_R,0.2484,0.2435
Frontal_Sup_R,Frontal_Med_Orb_R,0.2483,0.2433
Cuneus_R,Pallidum_R,0.2482,0.2432
Fusiform_L,Caudate_R,0.2481,0.2432
Cingulum_Ant_R,Fusiform_L,0.2481,0.2431
Insula_L,Fusiform_R,0.2479,0.2429
Lingual_L,Temporal_Pole_Sup_L,0.2479,0.243
Frontal_Sup_R,Frontal_Sup_Orb_R,0.2478,0.2428
Frontal_Sup_Orb_L,Rolandic_Oper_L,0.2478,0.2428
Fusiform_L,Pallidum_L,0.2477,0.2427
Parietal_Sup_L,Putamen_L,0.2476,0.2427
Temporal_Sup_R,Vermis_3,0.2476,0.2427
Cerebelum_3_R,Vermis_4_5,0.2472,0.2423
Postcentral_L,Temporal_Mid_L,0.247,0.2421
Cingulum_Ant_R,Temporal_Pole_Sup_L,0.247,0.2421
Occipital_Mid_L,Cerebelum_4_5_R,0.2469,0.242
Fusiform_L,SupraMarginal_L,0.2469,0.242
Frontal_Inf_Oper_R,Occipital_Sup_R,0.2469,0.242
Occipital_Sup_L,Thalamus_R,0.2468,0.2419
Hippocampus_L,Cerebelum_4_5_R,0.2468,0.2419
Caudate_R,Cerebelum_4_5_R,0.2467,0.2419
ParaHippocampal_L,Heschl_L,0.2466,0.2417
Frontal_Sup_Orb_R,Lingual_R,0.2465,0.2416
Fusiform_L,Temporal_Pole_Sup_L,0.2461,0.2412
Rolandic_Oper_R,Occipital_Mid_R,0.246,0.2411
Postcentral_R,Cerebelum_4_5_L,0.246,0.2411
Cingulum_Ant_L,Heschl_L,0.246,0.2411
Cingulum_Ant_L,Hippocampus_R,0.2459,0.2411
Cingulum_Mid_L,Cerebelum_4_5_L,0.2456,0.2408
Frontal_Sup_Medial_R,Pallidum_R,0.2455,0.2406
Paracentral_Lobule_L,Cerebelum_4_5_L,0.2454,0.2406
Olfactory_R,Temporal_Sup_L,0.2454,0.2406
Cuneus_L,Fusiform_L,0.2453,0.2405
Frontal_Mid_R,Cerebelum_4_5_L,0.2452,0.2404
Cerebelum_3_L,Cerebelum_3_R,0.2451,0.2403
Caudate_R,Temporal_Mid_L,0.245,0.2402
Cingulum_Post_R,Temporal_Mid_R,0.245,0.2402
Frontal_Sup_Medial_R,Heschl_R,0.2449,0.2401
Temporal_Pole_Sup_L,Cerebelum_4_5_L,0.2445,0.2397
Olfactory_L,Insula_L,0.2445,0.2397
Supp_Motor_Area_L,Occipital_Sup_R,0.2444,0.2397
Olfactory_L,Temporal_Pole_Sup_R,0.2443,0.2395
Postcentral_L,Pallidum_L,0.2442,0.2395
Rolandic_Oper_L,Vermis_3,0.244,0.2393
Cingulum_Post_L,Pallidum_L,0.244,0.2392
Calcarine_L,Fusiform_R,0.2437,0.239
Thalamus_R,Cerebelum_4_5_R,0.2437,0.2389
Cingulum_Mid_R,ParaHippocampal_R,0.2437,0.2389
Occipital_Sup_R,Putamen_L,0.2436,0.2389
Frontal_Sup_R,Pallidum_L,0.2435,0.2388
Precentral_L,Cerebelum_4_5_L,0.2435,0.2388
Hippocampus_R,Occipital_Mid_L,0.2431,0.2384
Occipital_Sup_L,Temporal_Mid_R,0.243,0.2384
Cingulum_Post_L,ParaHippocampal_R,0.2428,0.2381
Rolandic_Oper_L,ParaHippocampal_R,0.2427,0.238
ParaHippocampal_L,Parietal_Sup_L,0.2425,0.2378
ParaHippocampal_L,Calcarine_L,0.2424,0.2377
ParaHippocampal_L,Postcentral_L,0.2424,0.2377
Olfactory_L,Lingual_R,0.2423,0.2376
Hippocampus_L,Temporal_Inf_L,0.2423,0.2377
Frontal_Sup_R,ParaHippocampal_L,0.2422,0.2376
Pallidum_R,Vermis_3,0.2421,0.2375
Thalamus_L,Temporal_Mid_R,0.2421,0.2374
Temporal_Sup_R,Cerebelum_6_L,0.2421,0.2375
Pallidum_R,Temporal_Mid_R,0.2418,0.2372
Paracentral_Lobule_R,Temporal_Mid_R,0.2416,0.237
Frontal_Inf_Tri_L,Pallidum_L,0.2416,0.237
Occipital_Mid_L,Caudate_L,0.2414,0.2368
Frontal_Mid_R,Frontal_Inf_Orb_R,0.2412,0.2367
Cingulum_Ant_R,Heschl_L,0.2411,0.2366
Cingulum_Ant_L,Occipital_Mid_L,0.2411,0.2365
Parietal_Inf_L,Temporal_Mid_R,0.241,0.2364
Cuneus_R,Fusiform_L,0.2407,0.2362
Olfactory_L,Temporal_Sup_L,0.2407,0.2362
Calcarine_L,Pallidum_R,0.2406,0.2361
Precuneus_R,Pallidum_R,0.2404,0.2358
Supp_Motor_Area_L,Temporal_Mid_R,0.2399,0.2354
Postcentral_L,Pallidum_R,0.2397,0.2352
Frontal_Inf_Tri_R,Lingual_L,0.2397,0.2352
Frontal_Mid_Orb_R,Putamen_R,0.2397,0.2352
Supp_Motor_Area_R,Cerebelum_4_5_L,0.2395,0.235
Frontal_Sup_L,Temporal_Mid_L,0.2394,0.2349
Supp_Motor_Area_R,ParaHippocampal_L,0.2393,0.2348
Frontal_Med_Orb_R,Rectus_L,0.2392,0.2347
ParaHippocampal_L,Cuneus_L,0.2392,0.2347
Parietal_Sup_L,Heschl_L,0.2391,0.2347
Frontal_Inf_Orb_R,Supp_Motor_Area_R,0.2391,0.2347
Frontal_Mid_L,Frontal_Inf_Orb_R,0.2391,0.2346
Precuneus_R,Temporal_Mid_R,0.2391,0.2347
Parietal_Sup_R,Putamen_L,0.239,0.2346
ParaHippocampal_L,Temporal_Inf_L,0.2389,0.2345
Frontal_Mid_Orb_L,Putamen_L,0.2384,0.234
Parietal_Inf_R,Temporal_Mid_R,0.2384,0.234
ParaHippocampal_L,Occipital_Mid_L,0.2383,0.2339
Frontal_Mid_R,Frontal_Inf_Orb_L,0.2381,0.2337
Frontal_Sup_L,ParaHippocampal_R,0.2381,0.2337
Paracentral_Lobule_L,Temporal_Mid_R,0.238,0.2336
Fusiform_R,Vermis_3,0.238,0.2336
Frontal_Inf_Orb_L,Cingulum_Mid_L,0.2378,0.2335
Olfactory_L,Pallidum_R,0.2378,0.2334
Olfactory_L,Putamen_R,0.2377,0.2333
Frontal_Inf_Oper_R,Occipital_Mid_L,0.2377,0.2333
Olfactory_R,Amygdala_R,0.2377,0.2334
Postcentral_L,Temporal_Mid_R,0.2376,0.2332
Frontal_Sup_Orb_R,Caudate_R,0.2375,0.2331
Frontal_Inf_Orb_L,Lingual_L,0.2375,0.2332
ParaHippocampal_L,Occipital_Sup_L,0.2374,0.233
Postcentral_R,Temporal_Mid_R,0.2374,0.2331
Supp_Motor_Area_L,ParaHippocampal_L,0.2374,0.2331
Frontal_Inf_Orb_R,Amygdala_R,0.2374,0.2331
Parietal_Sup_R,Heschl_R,0.2374,0.233
Pallidum_R,Cerebelum_4_5_R,0.2373,0.2329
Temporal_Pole_Sup_R,Temporal_Mid_R,0.2373,0.2329
Occipital_Sup_R,Caudate_L,0.2372,0.2328
Frontal_Inf_Oper_L,Pallidum_R,0.2371,0.2328
Lingual_L,Parietal_Sup_R,0.237,0.2327
Frontal_Inf_Oper_R,Heschl_R,0.2368,0.2325
Olfactory_L,Temporal_Pole_Sup_L,0.2368,0.2325
Amygdala_R,Temporal_Sup_L,0.2367,0.2324
Frontal_Inf_Orb_R,Calcarine_L,0.2365,0.2321
Fusiform_R,Temporal_Inf_R,0.2364,0.2321
Cingulum_Mid_L,Pallidum_L,0.2364,0.2321
Precuneus_R,Vermis_3,0.2364,0.2321
Caudate_R,Vermis_3,0.2364,0.2321
Parietal_Inf_R,Cerebelum_4_5_L,0.2362,0.2319
Parietal_Sup_L,Temporal_Sup_L,0.236,0.2318
Supp_Motor_Area_R,ParaHippocampal_R,0.2359,0.2316
Frontal_Inf_Orb_R,Postcentral_R,0.2359,0.2316
Frontal_Inf_Orb_R,Temporal_Mid_R,0.2358,0.2316
Frontal_Sup_L,Vermis_3,0.2358,0.2315
Lingual_L,Vermis_6,0.2358,0.2315
Cingulum_Mid_R,Vermis_3,0.2358,0.2315
SupraMarginal_L,Temporal_Mid_R,0.2357,0.2314
Hippocampus_R,Occipital_Sup_R,0.2355,0.2313
Occipital_Sup_R,Temporal_Sup_L,0.2355,0.2313
Cingulum_Ant_R,Hippocampus_R,0.2351,0.2309
ParaHippocampal_L,Occipital_Sup_R,0.2349,0.2306
Frontal_Inf_Tri_L,Cerebelum_4_5_L,0.2348,0.2305
Supp_Motor_Area_L,Pallidum_L,0.2345,0.2303
Frontal_Sup_R,Vermis_3,0.2344,0.2302
Frontal_Med_Orb_R,Vermis_4_5,0.2343,0.2301
Calcarine_R,Occipital_Mid_R,0.2342,0.23
Cingulum_Ant_L,Temporal_Pole_Sup_R,0.2342,0.23
Frontal_Sup_Orb_R,Vermis_4_5,0.2341,0.2299
ParaHippocampal_R,SupraMarginal_L,0.2338,0.2296
Calcarine_R,Cerebelum_3_L,0.2337,0.2296
Occipital_Mid_L,Fusiform_R,0.2333,0.2292
Hippocampus_L,Occipital_Sup_R,0.2333,0.2291
Precuneus_R,Cerebelum_4_5_R,0.2328,0.2287
Fusiform_R,Cerebelum_3_R,0.2326,0.2285
Olfactory_R,Pallidum_R,0.2326,0.2285
Caudate_R,Temporal_Pole_Sup_L,0.2326,0.2285
Frontal_Sup_Orb_L,Putamen_R,0.2325,0.2284
Amygdala_R,Temporal_Pole_Sup_R,0.2325,0.2284
ParaHippocampal_R,Angular_R,0.2325,0.2284
Hippocampus_L,Pallidum_L,0.2323,0.2282
Olfactory_L,Frontal_Med_Orb_R,0.2321,0.2281
Frontal_Inf_Orb_L,Calcarine_L,0.2321,0.228
Angular_R,Cerebelum_4_5_L,0.2316,0.2275
ParaHippocampal_R,Occipital_Sup_L,0.2316,0.2276
Frontal_Sup_Medial_R,Heschl_L,0.2315,0.2275
Frontal_Med_Orb_R,Heschl_L,0.2314,0.2274
Occipital_Sup_R,Temporal_Mid_R,0.2314,0.2273
Temporal_Mid_L,Cerebelum_4_5_R,0.2314,0.2273
Occipital_Mid_R,Temporal_Sup_R,0.2313,0.2272
Insula_L,Parietal_Sup_R,0.2313,0.2273
Cingulum_Post_L,Vermis_3,0.2313,0.2273
ParaHippocampal_R,Cerebelum_3_L,0.2312,0.2271
Precentral_L,Frontal_Inf_Orb_L,0.2312,0.2271
Putamen_L,Vermis_3,0.231,0.227
Frontal_Sup_Medial_L,Cerebelum_4_5_R,0.2308,0.2268
Precentral_R,Pallidum_R,0.2308,0.2268
Olfactory_L,Rectus_R,0.2308,0.2268
ParaHippocampal_L,Caudate_L,0.2307,0.2267
ParaHippocampal_L,Cerebelum_6_L,0.2303,0.2263
Frontal_Mid_Orb_L,Putamen_R,0.2302,0.2262
Lingual_R,Angular_R,0.2301,0.2261
Insula_R,Cerebelum_6_L,0.23,0.2261
Cerebelum_3_R,Cerebelum_4_5_L,0.2299,0.226
Cingulum_Mid_R,Pallidum_L,0.2298,0.2259
Rolandic_Oper_R,Cerebelum_3_L,0.2296,0.2256
Rolandic_Oper_L,Parietal_Sup_R,0.2296,0.2256
Frontal_Inf_Tri_R,Temporal_Mid_R,0.2296,0.2257
Frontal_Sup_Medial_R,Cerebelum_4_5_L,0.2293,0.2253
Lingual_R,Parietal_Sup_L,0.2291,0.2252
Occipital_Sup_L,Heschl_R,0.229,0.2251
Cuneus_L,Heschl_R,0.229,0.225
ParaHippocampal_R,Paracentral_Lobule_L,0.2286,0.2247
Temporal_Sup_L,Cerebelum_6_L,0.2286,0.2247
Fusiform_R,Temporal_Mid_L,0.2284,0.2245
Frontal_Sup_Orb_L,Temporal_Sup_L,0.2283,0.2244
Precuneus_L,Vermis_3,0.2283,0.2244
Precentral_R,Cerebelum_4_5_L,0.2282,0.2244
Amygdala_L,Temporal_Pole_Sup_R,0.228,0.2241
Rolandic_Oper_R,ParaHippocampal_L,0.2278,0.2239
Temporal_Pole_Sup_L,Cerebelum_4_5_R,0.2278,0.224
Frontal_Med_Orb_L,Vermis_4_5,0.2278,0.2239
Cingulum_Post_R,Vermis_3,0.2277,0.2239
Insula_R,Cerebelum_3_L,0.2276,0.2237
Frontal_Inf_Tri_R,Hippocampus_L,0.2276,0.2238
Cingulum_Ant_R,Hippocampus_L,0.2275,0.2237
Cuneus_R,Pallidum_L,0.2273,0.2235
Postcentral_R,Pallidum_R,0.2273,0.2235
Frontal_Inf_Orb_R,Pallidum_R,0.2272,0.2234
Cingulum_Mid_L,ParaHippocampal_R,0.2269,0.2231
Rectus_R,Temporal_Pole_Sup_L,0.2268,0.223
Frontal_Mid_Orb_R,Temporal_Sup_L,0.2268,0.223
ParaHippocampal_R,Caudate_L,0.2263,0.2225
Caudate_L,Temporal_Pole_Sup_L,0.2263,0.2225
Precuneus_L,Temporal_Mid_R,0.2262,0.2224
Fusiform_R,Thalamus_R,0.2262,0.2224
Cingulum_Ant_L,Vermis_3,0.2262,0.2224
Frontal_Inf_Orb_R,Fusiform_L,0.2262,0.2224
Frontal_Inf_Orb_L,Hippocampus_L,0.2261,0.2223
Frontal_Mid_L,Temporal_Mid_R,0.226,0.2222
Precuneus_R,Temporal_Mid_L,0.2259,0.2221
Frontal_Mid_Orb_R,Putamen_L,0.2259,0.2221
Lingual_R,Temporal_Pole_Sup_R,0.2258,0.2221
Olfactory_R,Heschl_R,0.2257,0.2219
Fusiform_L,Cerebelum_6_R,0.2257,0.2219
Frontal_Sup_Orb_L,Rectus_R,0.2256,0.2218
Frontal_Inf_Orb_L,Parietal_Inf_L,0.2256,0.2219
Occipital_Mid_R,Precuneus_R,0.2255,0.2218
Frontal_Mid_Orb_L,Rolandic_Oper_R,0.2254,0.2216
Supp_Motor_Area_R,Vermis_3,0.2254,0.2217
Frontal_Inf_Orb_R,Postcentral_L,0.2253,0.2215
Olfactory_R,Caudate_R,0.2253,0.2216
Frontal_Inf_Tri_R,Heschl_L,0.2252,0.2215
Precentral_L,Occipital_Sup_R,0.2252,0.2215
Frontal_Inf_Orb_R,SupraMarginal_L,0.2251,0.2214
Frontal_Sup_Orb_R,Pallidum_R,0.2251,0.2214
Frontal_Inf_Orb_L,Supp_Motor_Area_R,0.225,0.2213
Frontal_Mid_Orb_L,Temporal_Pole_Sup_L,0.225,0.2213
Frontal_Med_Orb_L,Calcarine_R,0.225,0.2212
Lingual_R,Parietal_Inf_R,0.225,0.2213
Cingulum_Post_R,Temporal_Mid_L,0.2248,0.2211
Calcarine_L,Cerebelum_3_L,0.2248,0.2211
Insula_R,ParaHippocampal_R,0.2248,0.2211
Postcentral_L,Cerebelum_4_5_R,0.2246,0.2209
Olfactory_R,Temporal_Pole_Sup_L,0.2246,0.2209
Frontal_Med_Orb_R,Calcarine_R,0.2246,0.2209
Frontal_Inf_Orb_R,Cuneus_L,0.2246,0.2209
Pallidum_R,Cerebelum_3_L,0.2246,0.2209
Frontal_Sup_Medial_R,Temporal_Mid_R,0.2246,0.2209
Rolandic_Oper_R,Olfactory_R,0.2245,0.2208
Supp_Motor_Area_L,Cerebelum_4_5_R,0.2243,0.2206
Occipital_Sup_L,Heschl_L,0.2243,0.2206
Olfactory_L,Heschl_R,0.2243,0.2206
Frontal_Inf_Tri_R,Occipital_Mid_L,0.2241,0.2204
ParaHippocampal_R,Pallidum_R,0.2241,0.2204
Frontal_Sup_Orb_L,Cingulum_Ant_R,0.224,0.2204
Cingulum_Ant_L,Heschl_R,0.2239,0.2202
Caudate_L,Temporal_Mid_R,0.2239,0.2202
Frontal_Inf_Oper_L,ParaHippocampal_L,0.2238,0.2201
Cingulum_Ant_R,Heschl_R,0.2237,0.22
Frontal_Med_Orb_R,Caudate_L,0.2236,0.22
Frontal_Inf_Orb_L,Postcentral_R,0.2236,0.22
Olfactory_R,Insula_L,0.2236,0.22
Occipital_Sup_L,Fusiform_L,0.2235,0.2198
SupraMarginal_R,Vermis_3,0.2234,0.2198
Paracentral_Lobule_L,Vermis_3,0.2234,0.2198
Supp_Motor_Area_R,Pallidum_L,0.2234,0.2198
ParaHippocampal_R,Putamen_R,0.2233,0.2196
Rolandic_Oper_R,Amygdala_R,0.2233,0.2197
Frontal_Inf_Tri_R,Vermis_4_5,0.2231,0.2194
Rolandic_Oper_R,ParaHippocampal_R,0.223,0.2193
Paracentral_Lobule_L,Pallidum_R,0.2229,0.2193
Frontal_Inf_Tri_L,Temporal_Mid_L,0.2229,0.2193
Frontal_Med_Orb_R,Temporal_Sup_R,0.2229,0.2193
Supp_Motor_Area_L,Temporal_Mid_L,0.2228,0.2192
ParaHippocampal_L,Paracentral_Lobule_L,0.2227,0.2191
Parietal_Sup_R,Vermis_4_5,0.2226,0.219
Temporal_Mid_L,Cerebelum_3_L,0.2226,0.219
Fusiform_L,Caudate_L,0.2223,0.2187
Temporal_Inf_L,Cerebelum_4_5_L,0.2223,0.2187
ParaHippocampal_L,Putamen_L,0.2222,0.2186
ParaHippocampal_R,Angular_L,0.2221,0.2185
Olfactory_L,Pallidum_L,0.222,0.2184
Frontal_Inf_Orb_L,Thalamus_R,0.222,0.2184
Frontal_Inf_Orb_L,Fusiform_R,0.222,0.2184
Olfactory_R,Frontal_Med_Orb_R,0.222,0.2185
Frontal_Inf_Orb_L,Cuneus_L,0.2219,0.2184
Frontal_Med_Orb_L,Pallidum_R,0.2216,0.2181
Frontal_Sup_L,ParaHippocampal_L,0.2214,0.2179
Frontal_Mid_Orb_R,Pallidum_L,0.2214,0.2178
Frontal_Sup_Orb_R,Cerebelum_4_5_R,0.221,0.2175
Cingulum_Post_R,Fusiform_L,0.2209,0.2174
Frontal_Sup_Orb_R,Amygdala_R,0.2208,0.2172
Frontal_Mid_L,Pallidum_L,0.2207,0.2172
Olfactory_L,Temporal_Sup_R,0.2206,0.217
Frontal_Med_Orb_R,Lingual_L,0.2205,0.217
ParaHippocampal_R,Paracentral_Lobule_R,0.2204,0.2169
Cerebelum_4_5_L,Vermis_6,0.2203,0.2168
Fusiform_R,Temporal_Inf_L,0.2202,0.2167
Paracentral_Lobule_L,Cerebelum_4_5_R,0.2202,0.2167
Cingulum_Post_L,Temporal_Mid_R,0.2201,0.2166
Frontal_Inf_Orb_L,Temporal_Mid_L,0.2201,0.2167
Cingulum_Ant_R,Vermis_3,0.2201,0.2166
Frontal_Inf_Orb_R,Cerebelum_4_5_L,0.2198,0.2164
Frontal_Inf_Tri_L,Occipital_Sup_R,0.2198,0.2164
Rolandic_Oper_R,Cerebelum_6_L,0.2195,0.216
Thalamus_R,Cerebelum_3_R,0.2195,0.216
Fusiform_R,Pallidum_R,0.2194,0.216
Temporal_Pole_Sup_R,Cerebelum_4_5_R,0.2194,0.2159
Rectus_R,Temporal_Sup_L,0.2194,0.2159
Rolandic_Oper_R,Rectus_L,0.2191,0.2157
ParaHippocampal_L,Angular_R,0.2186,0.2152
Calcarine_R,Temporal_Pole_Sup_R,0.2185,0.2151
Precuneus_R,Pallidum_L,0.2183,0.2149
SupraMarginal_R,Temporal_Mid_L,0.2183,0.2149
Olfactory_L,Amygdala_R,0.2182,0.2148
Precentral_R,Temporal_Mid_R,0.2182,0.2148
Precentral_R,Frontal_Inf_Orb_R,0.218,0.2146
Insula_R,Occipital_Mid_R,0.218,0.2146
Frontal_Mid_Orb_L,Olfactory_L,0.218,0.2146
Frontal_Sup_Orb_R,Olfactory_R,0.2179,0.2145
Frontal_Sup_R,Fusiform_L,0.2179,0.2146
Heschl_L,Temporal_Mid_R,0.2178,0.2144
ParaHippocampal_R,Caudate_R,0.2178,0.2144
Precuneus_L,Pallidum_R,0.2177,0.2144
ParaHippocampal_R,Postcentral_L,0.2176,0.2142
Frontal_Inf_Orb_R,Heschl_R,0.2173,0.2139
Paracentral_Lobule_R,Vermis_3,0.2173,0.214
Putamen_R,Cerebelum_3_L,0.2172,0.2138
Frontal_Inf_Orb_L,Cerebelum_4_5_L,0.2171,0.2137
ParaHippocampal_L,Heschl_R,0.2171,0.2138
Frontal_Inf_Orb_L,Cingulum_Post_R,0.217,0.2136
Pallidum_L,Heschl_R,0.217,0.2136
Heschl_R,Cerebelum_6_R,0.217,0.2136
Lingual_L,Cerebelum_3_R,0.217,0.2136
Frontal_Inf_Orb_L,Supp_Motor_Area_L,0.2168,0.2135
Fusiform_L,Angular_L,0.2168,0.2135
Frontal_Sup_L,Frontal_Med_Orb_R,0.2168,0.2135
Frontal_Inf_Orb_L,Olfactory_R,0.2167,0.2134
Frontal_Mid_Orb_L,Rolandic_Oper_L,0.2167,0.2134
Frontal_Mid_R,ParaHippocampal_L,0.2166,0.2133
Occipital_Mid_L,Thalamus_R,0.2165,0.2132
ParaHippocampal_L,Temporal_Mid_R,0.2165,0.2132
Occipital_Mid_R,Putamen_R,0.2164,0.2131
Frontal_Sup_L,Fusiform_R,0.2164,0.213
Frontal_Sup_L,Frontal_Sup_Orb_R,0.2163,0.213
Frontal_Inf_Orb_L,Cingulum_Mid_R,0.2161,0.2128
Frontal_Inf_Orb_R,Temporal_Mid_L,0.216,0.2127
Precentral_R,Frontal_Inf_Orb_L,0.216,0.2127
Occipital_Inf_L,Fusiform_L,0.2158,0.2126
ParaHippocampal_R,Parietal_Inf_L,0.2157,0.2124
SupraMarginal_R,Pallidum_R,0.2157,0.2124
Frontal_Inf_Tri_L,Pallidum_R,0.2153,0.2121
Calcarine_L,Heschl_L,0.2151,0.2118
ParaHippocampal_L,Paracentral_Lobule_R,0.215,0.2117
ParaHippocampal_L,Postcentral_R,0.2149,0.2116
Vermis_4_5,Vermis_6,0.2148,0.2115
Cingulum_Mid_L,Temporal_Mid_L,0.2148,0.2115
Supp_Motor_Area_L,Vermis_3,0.2148,0.2116
Cingulum_Mid_L,Vermis_3,0.2145,0.2113
Cerebelum_3_L,Cerebelum_6_L,0.2145,0.2113
Frontal_Inf_Orb_L,Cingulum_Post_L,0.2144,0.2111
Frontal_Inf_Orb_R,Vermis_3,0.2143,0.2111
Cingulum_Post_L,Cerebelum_4_5_R,0.2142,0.211
Frontal_Mid_R,Pallidum_R,0.2142,0.211
Precentral_R,ParaHippocampal_R,0.2139,0.2107
Frontal_Inf_Orb_L,Heschl_R,0.2138,0.2106
Frontal_Med_Orb_R,Fusiform_L,0.2138,0.2106
Rectus_R,Insula_R,0.2138,0.2106
Amygdala_R,Temporal_Sup_R,0.2137,0.2105
Frontal_Inf_Orb_L,Temporal_Mid_R,0.2137,0.2105
Frontal_Inf_Orb_R,Supp_Motor_Area_L,0.2136,0.2104
Hippocampus_R,Cerebelum_3_L,0.2136,0.2104
Paracentral_Lobule_R,Cerebelum_4_5_L,0.2134,0.2102
Occipital_Sup_L,Pallidum_R,0.2131,0.2099
Temporal_Mid_R,Cerebelum_6_L,0.213,0.2099
Precuneus_L,Cerebelum_4_5_R,0.2129,0.2097
Frontal_Sup_Orb_R,Temporal_Sup_R,0.2129,0.2097
ParaHippocampal_L,Cerebelum_3_R,0.2129,0.2098
Rectus_R,Insula_L,0.2128,0.2097
Fusiform_R,Caudate_R,0.2126,0.2095
Supp_Motor_Area_R,Cerebelum_4_5_R,0.2126,0.2095
Frontal_Inf_Orb_R,Cingulum_Mid_L,0.2125,0.2094
Frontal_Med_Orb_L,Rectus_R,0.2123,0.2092
Frontal_Sup_Medial_L,Vermis_3,0.2123,0.2092
Frontal_Sup_R,Temporal_Mid_L,0.2123,0.2091
Temporal_Sup_L,Cerebelum_3_L,0.2123,0.2092
Rectus_R,Putamen_L,0.2123,0.2092
Olfactory_R,Putamen_R,0.2122,0.2091
Precentral_R,Temporal_Mid_L,0.2121,0.209
Frontal_Sup_Orb_R,Fusiform_L,0.212,0.2089
Frontal_Mid_Orb_R,Rolandic_Oper_L,0.212,0.2089
Heschl_R,Cerebelum_6_L,0.212,0.2089
Cingulum_Post_R,Fusiform_R,0.2119,0.2088
Precentral_L,Temporal_Mid_L,0.2119,0.2088
Frontal_Sup_Orb_R,Frontal_Mid_R,0.2118,0.2087
Insula_L,Amygdala_R,0.2118,0.2087
Rolandic_Oper_L,Occipital_Mid_R,0.2117,0.2086
Frontal_Inf_Tri_R,Occipital_Sup_R,0.2116,0.2085
Frontal_Sup_Orb_R,Olfactory_L,0.2116,0.2085
Frontal_Inf_Orb_R,Cerebelum_4_5_R,0.2115,0.2084
Pallidum_L,Vermis_3,0.2112,0.2081
ParaHippocampal_R,SupraMarginal_R,0.2112,0.2082
Lingual_R,Vermis_6,0.2111,0.208
Occipital_Sup_L,Cerebelum_4_5_R,0.2108,0.2078
Cingulum_Mid_R,Temporal_Mid_R,0.2107,0.2076
Frontal_Mid_L,Cerebelum_4_5_L,0.2104,0.2074
Frontal_Mid_Orb_L,Temporal_Pole_Sup_R,0.2104,0.2074
Caudate_R,Temporal_Mid_R,0.2101,0.207
Frontal_Inf_Oper_R,Cerebelum_4_5_L,0.2099,0.2069
Precentral_L,Frontal_Inf_Orb_R,0.2099,0.2069
Cingulum_Ant_R,ParaHippocampal_L,0.2098,0.2068
Occipital_Sup_R,Thalamus_L,0.2097,0.2066
Frontal_Sup_L,Fusiform_L,0.2095,0.2065
Frontal_Inf_Tri_R,Pallidum_R,0.2095,0.2065
Fusiform_L,Postcentral_L,0.2095,0.2065
Precentral_L,ParaHippocampal_L,0.2095,0.2065
SupraMarginal_L,Cerebelum_4_5_R,0.2094,0.2064
Postcentral_R,Vermis_3,0.2093,0.2063
Frontal_Mid_Orb_L,Pallidum_L,0.2089,0.2059
Amygdala_L,Temporal_Mid_L,0.2089,0.2059
Frontal_Mid_Orb_R,Caudate_R,0.2088,0.2058
Occipital_Mid_L,Pallidum_R,0.2088,0.2059
ParaHippocampal_R,Occipital_Mid_L,0.2088,0.2059
Paracentral_Lobule_L,Temporal_Mid_L,0.2087,0.2058
Rolandic_Oper_L,Rectus_L,0.2087,0.2057
Frontal_Mid_L,Temporal_Mid_L,0.2087,0.2058
Frontal_Mid_Orb_L,Cingulum_Ant_L,0.2086,0.2056
ParaHippocampal_L,Parietal_Sup_R,0.2086,0.2056
Frontal_Sup_R,ParaHippocampal_R,0.2083,0.2053
Rectus_L,Insula_L,0.2082,0.2053
Occipital_Sup_R,Heschl_L,0.208,0.205
SupraMarginal_L,Vermis_3,0.2078,0.2049
ParaHippocampal_R,Occipital_Sup_R,0.2077,0.2047
Frontal_Inf_Orb_R,SupraMarginal_R,0.2076,0.2047
Cerebelum_4_5_L,Cerebelum_6_R,0.2076,0.2047
Precentral_L,Pallidum_L,0.2075,0.2046
Fusiform_R,Cerebelum_3_L,0.2075,0.2046
Frontal_Sup_Medial_R,Cerebelum_4_5_R,0.2072,0.2043
Frontal_Inf_Orb_L,Cerebelum_4_5_R,0.2071,0.2042
Frontal_Inf_Orb_L,SupraMarginal_R,0.207,0.2041
Frontal_Inf_Tri_R,Pallidum_L,0.2069,0.204
Frontal_Med_Orb_R,Calcarine_L,0.2069,0.204
Frontal_Sup_Orb_R,Supp_Motor_Area_R,0.2068,0.2039
Precentral_R,ParaHippocampal_L,0.2067,0.2038
Temporal_Pole_Sup_R,Vermis_4_5,0.2067,0.2038
ParaHippocampal_L,Parietal_Inf_R,0.2066,0.2037
Cingulum_Ant_R,Fusiform_R,0.2066,0.2037
Fusiform_L,Temporal_Mid_R,0.2065,0.2036
Rectus_L,Temporal_Pole_Sup_R,0.2062,0.2033
Frontal_Inf_Oper_L,Fusiform_L,0.2062,0.2033
Parietal_Sup_R,Heschl_L,0.2061,0.2032
Frontal_Mid_Orb_R,Cingulum_Ant_R,0.2061,0.2032
Calcarine_L,Temporal_Pole_Sup_L,0.2059,0.203
Occipital_Mid_R,Angular_L,0.2058,0.203
Lingual_L,Cerebelum_6_R,0.2058,0.2029
Supp_Motor_Area_R,Temporal_Mid_L,0.2057,0.2029
Calcarine_R,Cerebelum_3_R,0.2056,0.2027
Frontal_Sup_Orb_R,Lingual_L,0.2056,0.2027
Frontal_Inf_Orb_L,Occipital_Sup_L,0.2056,0.2027
Pallidum_R,Temporal_Pole_Sup_R,0.2056,0.2027
Occipital_Sup_R,Fusiform_R,0.2055,0.2027
Frontal_Inf_Tri_L,Temporal_Pole_Sup_L,0.2055,0.2027
Frontal_Med_Orb_R,Amygdala_L,0.2054,0.2025
Angular_R,Pallidum_R,0.2053,0.2024
SupraMarginal_L,Temporal_Pole_Sup_L,0.2052,0.2023
Rolandic_Oper_R,Amygdala_L,0.2052,0.2024
Parietal_Sup_L,Cerebelum_4_5_L,0.2051,0.2022
Occipital_Mid_R,Precuneus_L,0.2049,0.202
Fusiform_R,Pallidum_L,0.2049,0.2021
Frontal_Inf_Orb_L,Fusiform_L,0.2047,0.2019
Caudate_L,Vermis_3,0.2046,0.2018
Frontal_Inf_Oper_R,Temporal_Mid_R,0.2046,0.2018
Frontal_Med_Orb_L,Amygdala_R,0.2046,0.2018
Frontal_Sup_Orb_R,Frontal_Sup_Medial_R,0.2044,0.2016
Rectus_L,Insula_R,0.2044,0.2016
Fusiform_R,Putamen_L,0.2043,0.2015
Occipital_Mid_L,Temporal_Inf_L,0.2043,0.2015
Precuneus_L,Temporal_Mid_L,0.2042,0.2014
Postcentral_R,Cerebelum_4_5_R,0.2041,0.2013
Frontal_Med_Orb_R,Amygdala_R,0.2041,0.2013
Frontal_Mid_R,Temporal_Mid_R,0.2041,0.2013
Frontal_Inf_Oper_L,Occipital_Sup_R,0.204,0.2012
Occipital_Mid_R,Vermis_4_5,0.2037,0.2009
Temporal_Inf_L,Cerebelum_3_L,0.2037,0.2009
Occipital_Mid_R,Temporal_Sup_L,0.2036,0.2008
Olfactory_L,Frontal_Med_Orb_L,0.2036,0.2009
Amygdala_R,Fusiform_L,0.2036,0.2009
Precentral_R,Cerebelum_4_5_R,0.2035,0.2007
Cuneus_R,Vermis_3,0.2034,0.2007
ParaHippocampal_R,Postcentral_R,0.2034,0.2006
Pallidum_L,Temporal_Mid_R,0.2033,0.2006
Amygdala_R,Heschl_R,0.2032,0.2004
Cingulum_Post_R,Occipital_Mid_R,0.2031,0.2004
Frontal_Inf_Oper_R,Pallidum_R,0.2029,0.2001
Rectus_R,Putamen_R,0.2029,0.2002
Frontal_Mid_R,Temporal_Mid_L,0.2028,0.2001
Frontal_Med_Orb_L,Caudate_L,0.2028,0.2001
ParaHippocampal_R,Putamen_L,0.2027,0.1999
Caudate_L,Cerebelum_4_5_R,0.2026,0.1999
Cerebelum_6_R,Vermis_4_5,0.2026,0.1999
Heschl_R,Cerebelum_4_5_R,0.2026,0.1999
Frontal_Sup_Orb_R,Cuneus_L,0.2023,0.1995
Angular_R,Cerebelum_4_5_R,0.2019,0.1992
Cingulum_Ant_L,Fusiform_R,0.2019,0.1992
Frontal_Inf_Orb_R,Thalamus_L,0.2019,0.1992
Frontal_Med_Orb_L,Caudate_R,0.2017,0.199
Olfactory_R,Thalamus_L,0.2017,0.1991
Frontal_Inf_Oper_R,Heschl_L,0.2017,0.199
Cingulum_Post_L,Fusiform_L,0.2014,0.1987
Angular_L,Cerebelum_4_5_R,0.2013,0.1987
Paracentral_Lobule_R,Cerebelum_4_5_R,0.2012,0.1985
Amygdala_R,Pallidum_L,0.2011,0.1985
Rectus_L,Putamen_L,0.201,0.1983
Cuneus_L,Heschl_L,0.2009,0.1983
Frontal_Mid_R,Cerebelum_4_5_R,0.2008,0.1982
Rolandic_Oper_L,Olfactory_R,0.2007,0.198
Frontal_Med_Orb_R,Cerebelum_4_5_R,0.2006,0.198
Cingulum_Mid_R,Temporal_Mid_L,0.2005,0.1978
Frontal_Mid_Orb_R,Olfactory_R,0.2005,0.1979
Frontal_Med_Orb_R,Cuneus_L,0.2002,0.1976
Lingual_R,Temporal_Inf_L,0.2002,0.1976
Frontal_Mid_R,Pallidum_L,0.2001,0.1975
Rolandic_Oper_L,Olfactory_L,0.2,0.1974
Frontal_Inf_Orb_L,Cuneus_R,0.1999,0.1973
Frontal_Med_Orb_L,Lingual_L,0.1998,0.1972
Frontal_Sup_Medial_R,Frontal_Med_Orb_L,0.1997,0.197
Frontal_Sup_Medial_R,Vermis_3,0.1997,0.1971
Frontal_Sup_Medial_L,ParaHippocampal_R,0.1996,0.197
Postcentral_R,Pallidum_L,0.1995,0.1969
Frontal_Mid_Orb_L,Temporal_Sup_L,0.1995,0.1969
Frontal_Mid_Orb_L,Rectus_R,0.1995,0.1969
Frontal_Sup_Orb_L,Lingual_R,0.1994,0.1968
Frontal_Inf_Orb_R,Cingulum_Post_R,0.1994,0.1968
Frontal_Sup_Medial_L,Frontal_Med_Orb_L,0.1994,0.1968
Temporal_Sup_R,Temporal_Pole_Sup_L,0.199,0.1964
Rectus_R,Vermis_4_5,0.199,0.1964
Occipital_Sup_R,Thalamus_R,0.1988,0.1962
Fusiform_R,Precuneus_R,0.1988,0.1962
Supp_Motor_Area_R,Frontal_Med_Orb_R,0.1986,0.1961
Frontal_Inf_Orb_L,Rectus_R,0.1986,0.196
Postcentral_L,Vermis_3,0.1985,0.1959
ParaHippocampal_L,SupraMarginal_R,0.1983,0.1958
Occipital_Sup_R,Fusiform_L,0.1982,0.1957
Postcentral_R,Temporal_Mid_L,0.198,0.1954
Occipital_Sup_R,Cerebelum_4_5_R,0.198,0.1955
Fusiform_R,Precuneus_L,0.198,0.1954
Amygdala_L,Heschl_L,0.1979,0.1954
Fusiform_R,SupraMarginal_L,0.1979,0.1954
Olfactory_L,Fusiform_R,0.1979,0.1953
Frontal_Inf_Tri_L,Fusiform_L,0.1978,0.1952
Precentral_L,Cerebelum_4_5_R,0.1978,0.1953
Lingual_R,Occipital_Mid_R,0.1978,0.1952
Olfactory_R,Putamen_L,0.1978,0.1953
Frontal_Inf_Orb_R,Cingulum_Mid_R,0.1977,0.1952
Occipital_Mid_L,Temporal_Mid_R,0.1977,0.1951
Olfactory_R,Lingual_R,0.1975,0.195
Olfactory_L,Caudate_L,0.1973,0.1948
Heschl_R,Temporal_Pole_Sup_R,0.1973,0.1947
Thalamus_R,Cerebelum_3_L,0.1973,0.1948
Temporal_Mid_L,Cerebelum_6_L,0.1972,0.1947
Precentral_R,Vermis_3,0.197,0.1945
Parietal_Sup_R,Cerebelum_4_5_L,0.197,0.1945
Frontal_Mid_L,ParaHippocampal_R,0.1968,0.1943
Temporal_Sup_L,Temporal_Inf_L,0.1966,0.1941
Olfactory_L,Cerebelum_4_5_R,0.1962,0.1938
Fusiform_R,Parietal_Inf_L,0.1962,0.1937
Frontal_Sup_Orb_L,Heschl_L,0.1962,0.1938
ParaHippocampal_L,Cerebelum_6_R,0.1961,0.1936
SupraMarginal_L,Pallidum_R,0.196,0.1935
Amygdala_R,Vermis_4_5,0.196,0.1935
Postcentral_L,Temporal_Pole_Sup_L,0.1959,0.1934
Frontal_Med_Orb_L,Temporal_Sup_R,0.1959,0.1934
Precentral_R,Pallidum_L,0.1959,0.1934
Rectus_L,Temporal_Pole_Sup_L,0.1958,0.1933
Olfactory_L,Cingulum_Ant_L,0.1957,0.1932
Frontal_Sup_Orb_R,Frontal_Mid_L,0.1956,0.1931
Fusiform_R,Angular_R,0.1956,0.1931
Frontal_Sup_Orb_R,Calcarine_R,0.1955,0.193
Cingulum_Mid_R,Cerebelum_4_5_R,0.1954,0.1929
Amygdala_L,Temporal_Pole_Sup_L,0.1952,0.1928
Cingulum_Ant_L,Hippocampus_L,0.195,0.1926
Pallidum_R,Cerebelum_6_L,0.1949,0.1925
Temporal_Sup_L,Cerebelum_3_R,0.1949,0.1925
Parietal_Inf_L,Vermis_3,0.1947,0.1923
Cuneus_L,Temporal_Pole_Sup_L,0.1947,0.1922
Precentral_L,ParaHippocampal_R,0.1946,0.1922
Fusiform_L,Heschl_L,0.1944,0.1919
Olfactory_L,Calcarine_R,0.1943,0.1919
Cingulum_Ant_R,Temporal_Mid_L,0.1943,0.1919
Cingulum_Post_L,Fusiform_R,0.194,0.1916
Fusiform_L,Vermis_6,0.1939,0.1915
Frontal_Mid_Orb_L,Cingulum_Ant_R,0.1939,0.1915
Frontal_Inf_Orb_L,Precuneus_R,0.1938,0.1914
Frontal_Mid_Orb_L,Heschl_L,0.1936,0.1912
ParaHippocampal_R,Temporal_Inf_L,0.1936,0.1912
Occipital_Sup_R,Heschl_R,0.1935,0.1911
Frontal_Sup_L,Temporal_Pole_Sup_L,0.1935,0.1912
Rectus_R,Temporal_Pole_Sup_R,0.1935,0.1911
Insula_L,Amygdala_L,0.1934,0.191
Frontal_Sup_Orb_R,Caudate_L,0.1934,0.191
Frontal_Inf_Tri_L,Frontal_Med_Orb_R,0.1932,0.1908
Frontal_Mid_Orb_L,Temporal_Sup_R,0.1932,0.1908
Olfactory_L,Fusiform_L,0.193,0.1907
Cingulum_Mid_R,Fusiform_L,0.1927,0.1903
Frontal_Inf_Orb_R,Cingulum_Post_L,0.1927,0.1904
Insula_L,Cerebelum_3_L,0.1927,0.1904
Olfactory_R,Vermis_4_5,0.1925,0.1902
Occipital_Mid_R,Fusiform_R,0.1925,0.1901
Precentral_L,Temporal_Mid_R,0.1924,0.1901
Frontal_Inf_Oper_L,ParaHippocampal_R,0.1924,0.19
ParaHippocampal_R,Parietal_Inf_R,0.1922,0.1898
Frontal_Sup_Medial_L,Fusiform_R,0.1921,0.1898
Frontal_Mid_L,Pallidum_R,0.1921,0.1898
Temporal_Mid_R,Cerebelum_6_R,0.192,0.1897
ParaHippocampal_R,Heschl_R,0.192,0.1897
Precentral_L,Pallidum_R,0.192,0.1897
Frontal_Mid_Orb_R,Temporal_Pole_Sup_L,0.1918,0.1895
Frontal_Sup_Orb_R,Frontal_Inf_Tri_L,0.1918,0.1894
Frontal_Mid_L,ParaHippocampal_L,0.1916,0.1893
Cingulum_Ant_R,Occipital_Mid_R,0.1915,0.1892
Frontal_Mid_Orb_R,Rectus_R,0.1915,0.1892
Caudate_R,Temporal_Pole_Sup_R,0.1911,0.1888
Cuneus_L,Vermis_3,0.1911,0.1888
Thalamus_L,Temporal_Pole_Sup_L,0.1911,0.1888
Frontal_Sup_L,Frontal_Med_Orb_L,0.1911,0.1888
Cuneus_R,Temporal_Pole_Sup_L,0.1911,0.1888
Frontal_Inf_Orb_R,Olfactory_R,0.1909,0.1886
Supp_Motor_Area_L,Fusiform_L,0.1909,0.1886
Fusiform_L,Precuneus_R,0.1908,0.1885
Olfactory_R,Temporal_Pole_Sup_R,0.1908,0.1885
Frontal_Sup_Orb_R,Heschl_L,0.1901,0.1878
Frontal_Inf_Orb_R,Hippocampus_L,0.1901,0.1878
Cuneus_R,Heschl_L,0.1901,0.1878
Occipital_Mid_R,Pallidum_R,0.19,0.1878
Insula_R,Amygdala_L,0.1898,0.1875
Lingual_R,Parietal_Sup_R,0.1896,0.1873
Temporal_Mid_L,Vermis_3,0.1895,0.1873
Olfactory_L,Amygdala_L,0.1895,0.1872
Frontal_Sup_Orb_R,Cerebelum_4_5_L,0.1895,0.1873
Frontal_Mid_Orb_R,Heschl_L,0.1894,0.1872
Occipital_Mid_R,Parietal_Inf_R,0.1893,0.187
Paracentral_Lobule_R,Pallidum_R,0.189,0.1868
Frontal_Inf_Oper_R,ParaHippocampal_R,0.189,0.1868
Cingulum_Mid_L,Temporal_Mid_R,0.189,0.1868
Occipital_Sup_L,Pallidum_L,0.1889,0.1867
Hippocampus_L,Temporal_Pole_Sup_L,0.1889,0.1866
Caudate_L,Temporal_Mid_L,0.1887,0.1865
Frontal_Sup_Orb_R,Temporal_Pole_Mid_R,0.1887,0.1865
Frontal_Mid_L,Fusiform_L,0.1885,0.1863
Insula_R,Cerebelum_6_R,0.1885,0.1863
Frontal_Inf_Orb_R,Thalamus_R,0.1884,0.1862
Occipital_Mid_R,Putamen_L,0.1884,0.1862
Insula_R,Temporal_Inf_L,0.1884,0.1862
Frontal_Sup_Medial_R,Fusiform_L,0.1881,0.1859
Temporal_Inf_L,Vermis_4_5,0.1879,0.1858
Frontal_Inf_Oper_R,ParaHippocampal_L,0.1878,0.1857
Frontal_Inf_Orb_R,Olfactory_L,0.1877,0.1855
Frontal_Med_Orb_L,Cuneus_L,0.1877,0.1855
Frontal_Sup_Orb_R,Cerebelum_6_L,0.1877,0.1855
Frontal_Mid_Orb_L,Rectus_L,0.1875,0.1853
Amygdala_R,Lingual_R,0.1874,0.1852
Insula_L,Occipital_Mid_R,0.1873,0.1851
Rectus_L,Putamen_R,0.1872,0.185
Frontal_Mid_R,ParaHippocampal_R,0.1872,0.185
Frontal_Inf_Orb_L,Amygdala_R,0.187,0.1849
Frontal_Sup_Orb_L,Calcarine_R,0.1868,0.1847
Fusiform_R,Postcentral_L,0.1865,0.1844
Frontal_Sup_Medial_L,Frontal_Med_Orb_R,0.1862,0.1841
Frontal_Sup_Medial_L,Temporal_Pole_Sup_L,0.1862,0.1841
Cingulum_Ant_L,Cerebelum_6_L,0.1861,0.184
Frontal_Mid_Orb_R,Frontal_Inf_Tri_L,0.186,0.1839
Rolandic_Oper_L,Rectus_R,0.1859,0.1838
Frontal_Inf_Orb_L,Precuneus_L,0.1858,0.1837
Frontal_Mid_Orb_L,Lingual_R,0.1858,0.1837
Temporal_Sup_R,Cerebelum_3_R,0.1857,0.1836
Frontal_Mid_Orb_R,Temporal_Pole_Sup_R,0.1856,0.1835
Rolandic_Oper_L,Cerebelum_3_L,0.1853,0.1832
Frontal_Mid_R,Frontal_Med_Orb_R,0.1852,0.1831
Frontal_Inf_Oper_L,Temporal_Mid_R,0.1852,0.1831
Hippocampus_L,Cerebelum_3_R,0.1852,0.1831
Pallidum_L,Temporal_Mid_L,0.1851,0.183
Frontal_Sup_Orb_R,Frontal_Sup_Medial_L,0.1851,0.183
Fusiform_R,SupraMarginal_R,0.185,0.1829
Frontal_Inf_Tri_L,Fusiform_R,0.1848,0.1827
Parietal_Inf_L,Pallidum_L,0.1848,0.1827
Frontal_Mid_R,Fusiform_L,0.1847,0.1826
Cuneus_R,Cerebelum_6_L,0.1846,0.1826
Frontal_Med_Orb_R,Cerebelum_6_L,0.1846,0.1826
Cingulum_Mid_L,Fusiform_L,0.1846,0.1826
Fusiform_L,Parietal_Inf_L,0.1845,0.1825
Angular_L,Temporal_Mid_R,0.1844,0.1823
Fusiform_R,Temporal_Pole_Sup_L,0.1844,0.1823
Frontal_Sup_Medial_R,Temporal_Pole_Sup_L,0.1841,0.1821
Parietal_Inf_L,Cerebelum_4_5_R,0.184,0.182
Frontal_Inf_Orb_L,Paracentral_Lobule_L,0.1838,0.1818
Olfactory_L,Temporal_Mid_R,0.1835,0.1815
Frontal_Sup_Orb_R,Postcentral_R,0.1834,0.1813
Amygdala_L,Pallidum_R,0.1834,0.1814
Frontal_Sup_Medial_R,Temporal_Pole_Sup_R,0.1834,0.1813
Frontal_Med_Orb_R,Occipital_Sup_L,0.1833,0.1812
Heschl_R,Vermis_3,0.1833,0.1813
Frontal_Inf_Orb_L,Hippocampus_R,0.1833,0.1812
Frontal_Sup_Medial_L,Fusiform_L,0.1832,0.1811
Amygdala_L,Cerebelum_6_L,0.1832,0.1812
Insula_L,Cerebelum_6_L,0.1831,0.1811
Olfactory_R,Heschl_L,0.1831,0.181
Angular_L,Pallidum_R,0.1831,0.1811
Frontal_Sup_Orb_L,Amygdala_R,0.1831,0.1811
Amygdala_R,Putamen_L,0.1829,0.1808
Temporal_Inf_L,Cerebelum_4_5_R,0.1829,0.1809
Angular_R,Heschl_L,0.1829,0.1809
Frontal_Sup_Medial_L,ParaHippocampal_L,0.1825,0.1805
Frontal_Sup_Orb_L,Olfactory_R,0.1824,0.1804
Frontal_Inf_Orb_L,ParaHippocampal_L,0.1823,0.1803
Temporal_Sup_L,Cerebelum_6_R,0.1823,0.1803
Frontal_Inf_Tri_R,Cerebelum_4_5_L,0.182,0.1801
Amygdala_L,Pallidum_L,0.182,0.18
Occipital_Sup_R,Cerebelum_6_L,0.1819,0.1799
Frontal_Sup_Orb_R,Frontal_Inf_Oper_L,0.1818,0.1798
Heschl_R,Temporal_Pole_Sup_L,0.1817,0.1797
SupraMarginal_R,Cerebelum_4_5_R,0.1815,0.1796
Frontal_Med_Orb_L,Cerebelum_4_5_R,0.1813,0.1793
Fusiform_L,Precuneus_L,0.1813,0.1793
Frontal_Sup_Orb_L,Vermis_4_5,0.1809,0.1789
Olfactory_L,Cerebelum_4_5_L,0.1809,0.179
Frontal_Inf_Tri_L,Temporal_Mid_R,0.1808,0.1788
Amygdala_L,Lingual_R,0.1808,0.1789
Cerebelum_4_5_R,Vermis_6,0.1807,0.1788
Temporal_Sup_R,Cerebelum_3_L,0.1807,0.1787
Frontal_Inf_Tri_L,Cerebelum_4_5_R,0.1807,0.1788
Frontal_Mid_Orb_L,Frontal_Inf_Tri_L,0.1806,0.1786
ParaHippocampal_L,Pallidum_L,0.1804,0.1785
Lingual_L,Temporal_Inf_L,0.1803,0.1783
Frontal_Med_Orb_R,Cuneus_R,0.1803,0.1783
Putamen_R,Cerebelum_6_L,0.1803,0.1784
Occipital_Sup_R,Caudate_R,0.1802,0.1783
Olfactory_R,Temporal_Mid_L,0.1801,0.1782
SupraMarginal_L,Cerebelum_3_L,0.18,0.1781
Temporal_Pole_Sup_L,Cerebelum_3_L,0.18,0.1781
Temporal_Pole_Sup_L,Temporal_Mid_R,0.1799,0.178
Rolandic_Oper_R,Cerebelum_6_R,0.1797,0.1778
Frontal_Inf_Orb_L,Amygdala_L,0.1796,0.1777
Calcarine_L,Temporal_Pole_Sup_R,0.1795,0.1776
Pallidum_L,Cerebelum_3_L,0.1794,0.1775
Frontal_Inf_Tri_L,ParaHippocampal_L,0.1793,0.1774
Frontal_Sup_Orb_L,Temporal_Sup_R,0.179,0.1771
Parietal_Sup_R,Temporal_Sup_L,0.179,0.1771
Frontal_Sup_Orb_R,Supp_Motor_Area_L,0.1789,0.1771
Olfactory_R,Temporal_Sup_R,0.1789,0.177
Cingulum_Mid_R,Fusiform_R,0.1787,0.1768
Olfactory_R,Rectus_L,0.1787,0.1769
Frontal_Sup_R,Temporal_Pole_Sup_R,0.1786,0.1767
Rectus_R,Pallidum_L,0.1786,0.1768
Rectus_R,Amygdala_R,0.1786,0.1767
Amygdala_L,Temporal_Sup_R,0.1786,0.1767
Fusiform_L,Paracentral_Lobule_L,0.1785,0.1766
Amygdala_L,Cerebelum_3_L,0.1785,0.1766
Olfactory_L,Heschl_L,0.178,0.1761
Frontal_Mid_Orb_R,Olfactory_L,0.178,0.1761
Cerebelum_6_L,Vermis_3,0.178,0.1761
Frontal_Med_Orb_L,Amygdala_L,0.1777,0.1759
Fusiform_L,Postcentral_R,0.1777,0.1758
Paracentral_Lobule_R,Temporal_Mid_L,0.1776,0.1758
Rolandic_Oper_R,Rectus_R,0.1775,0.1756
Frontal_Inf_Tri_R,Cerebelum_4_5_R,0.1775,0.1756
Frontal_Inf_Orb_L,Angular_L,0.1775,0.1757
Parietal_Sup_R,Temporal_Mid_R,0.1775,0.1757
Frontal_Mid_Orb_L,Olfactory_R,0.1774,0.1756
Frontal_Mid_Orb_R,Calcarine_R,0.1773,0.1755
Rectus_L,Temporal_Sup_L,0.1772,0.1753
Hippocampus_R,Pallidum_L,0.1772,0.1754
Temporal_Mid_R,Cerebelum_3_R,0.1771,0.1752
Frontal_Inf_Tri_L,ParaHippocampal_R,0.1771,0.1753
Frontal_Inf_Orb_L,Occipital_Sup_R,0.177,0.1752
Frontal_Mid_L,Cerebelum_4_5_R,0.177,0.1752
Frontal_Sup_Medial_R,Temporal_Mid_L,0.1767,0.1749
Hippocampus_R,Cerebelum_6_R,0.1767,0.1749
Supp_Motor_Area_R,Fusiform_L,0.1766,0.1748
Temporal_Pole_Sup_L,Vermis_3,0.1766,0.1748
Putamen_L,Cerebelum_6_L,0.1765,0.1747
ParaHippocampal_R,Pallidum_L,0.1764,0.1745
Frontal_Inf_Oper_R,Cerebelum_4_5_R,0.1764,0.1746
Cerebelum_4_5_L,Vermis_1_2,0.1764,0.1746
Cingulum_Mid_L,Cerebelum_4_5_R,0.1763,0.1745
Frontal_Mid_Orb_R,Frontal_Inf_Tri_R,0.1762,0.1744
Lingual_R,Vermis_1_2,0.1762,0.1744
Rectus_L,Pallidum_L,0.176,0.1742
Frontal_Sup_R,Fusiform_R,0.1759,0.1741
Olfactory_R,Temporal_Inf_L,0.1758,0.174
Frontal_Mid_Orb_R,Temporal_Sup_R,0.1758,0.174
Calcarine_L,Cerebelum_3_R,0.1757,0.174
Heschl_R,Vermis_6,0.1757,0.174
Frontal_Inf_Orb_R,Parietal_Inf_L,0.1755,0.1737
Frontal_Mid_Orb_R,Vermis_4_5,0.1755,0.1737
Occipital_Sup_R,Pallidum_R,0.1755,0.1737
Supp_Motor_Area_L,Fusiform_R,0.1754,0.1737
Amygdala_R,Cerebelum_4_5_L,0.1753,0.1735
Precuneus_L,Pallidum_L,0.1753,0.1735
Heschl_R,Cerebelum_3_L,0.1751,0.1734
Cingulum_Ant_L,ParaHippocampal_L,0.175,0.1732
Frontal_Sup_Orb_R,Frontal_Inf_Tri_R,0.1749,0.1732
Cingulum_Ant_R,Cerebelum_6_L,0.1748,0.1731
Frontal_Med_Orb_L,Temporal_Mid_R,0.1747,0.173
Frontal_Sup_Orb_L,Cerebelum_4_5_R,0.1746,0.1728
Temporal_Sup_R,Vermis_6,0.1746,0.1728
Frontal_Inf_Orb_R,Paracentral_Lobule_R,0.1744,0.1726
Amygdala_L,Temporal_Mid_R,0.1744,0.1727
Supp_Motor_Area_L,Frontal_Med_Orb_R,0.1743,0.1726
Frontal_Sup_Orb_L,Caudate_R,0.1742,0.1724
Thalamus_L,Cerebelum_3_R,0.1742,0.1724
Occipital_Mid_L,Cerebelum_6_L,0.1741,0.1724
Hippocampus_R,Cerebelum_6_L,0.1738,0.1721
Frontal_Sup_Orb_R,Postcentral_L,0.1738,0.1721
Olfactory_R,Frontal_Med_Orb_L,0.1736,0.1719
Frontal_Mid_L,Fusiform_R,0.1735,0.1718
Frontal_Sup_R,Frontal_Med_Orb_L,0.1733,0.1716
Caudate_L,Temporal_Pole_Sup_R,0.1733,0.1716
Cingulum_Ant_L,Occipital_Mid_R,0.1732,0.1715
ParaHippocampal_R,Parietal_Sup_L,0.1732,0.1715
Frontal_Inf_Tri_R,ParaHippocampal_L,0.1732,0.1715
Precentral_L,Frontal_Sup_Orb_R,0.1732,0.1714
Frontal_Sup_Orb_R,Rectus_L,0.1731,0.1714
Hippocampus_L,Amygdala_L,0.173,0.1713
Frontal_Sup_Orb_R,Heschl_R,0.173,0.1713
Occipital_Mid_R,Cerebelum_4_5_L,0.1729,0.1712
Frontal_Med_Orb_L,Calcarine_L,0.1729,0.1712
Rectus_L,Vermis_4_5,0.1727,0.171
SupraMarginal_R,Pallidum_L,0.1726,0.1709
Frontal_Inf_Oper_L,Cerebelum_4_5_R,0.1725,0.1708
Precuneus_R,Cerebelum_3_L,0.1725,0.1708
Temporal_Pole_Sup_R,Vermis_3,0.1724,0.1707
Frontal_Med_Orb_R,Thalamus_L,0.1724,0.1707
Lingual_L,Occipital_Mid_R,0.1718,0.1701
Frontal_Sup_Orb_R,Amygdala_L,0.1716,0.1699
Precuneus_L,Cerebelum_3_L,0.1716,0.1699
Fusiform_R,Vermis_6,0.1714,0.1698
Frontal_Sup_Medial_L,Temporal_Mid_L,0.1713,0.1697
Parietal_Inf_R,Pallidum_R,0.1711,0.1695
Fusiform_R,Paracentral_Lobule_L,0.1711,0.1694
Parietal_Sup_L,Vermis_3,0.1711,0.1695
Occipital_Mid_R,Heschl_R,0.171,0.1694
Olfactory_R,Pallidum_L,0.1709,0.1692
Olfactory_L,Temporal_Mid_L,0.1709,0.1692
Fusiform_R,Angular_L,0.1708,0.1692
Temporal_Mid_L,Cerebelum_3_R,0.1708,0.1692
Temporal_Pole_Sup_R,Cerebelum_6_L,0.1707,0.1691
Frontal_Inf_Orb_R,Paracentral_Lobule_L,0.1706,0.169
Amygdala_L,Fusiform_L,0.1705,0.1689
Amygdala_R,Cerebelum_6_L,0.1704,0.1688
Temporal_Inf_L,Cerebelum_6_L,0.1703,0.1687
Olfactory_R,Thalamus_R,0.1702,0.1685
Olfactory_L,Cuneus_L,0.1701,0.1685
Temporal_Mid_R,Vermis_3,0.1701,0.1684
Fusiform_L,SupraMarginal_R,0.17,0.1684
Frontal_Sup_Orb_R,Calcarine_L,0.17,0.1684
Frontal_Inf_Orb_R,Fusiform_R,0.1698,0.1682
Parietal_Inf_R,Pallidum_L,0.1698,0.1682
Amygdala_L,Fusiform_R,0.1697,0.1681
Frontal_Inf_Tri_L,Frontal_Med_Orb_L,0.1696,0.168
Fusiform_L,Cerebelum_3_R,0.1695,0.1679
Occipital_Mid_L,Occipital_Inf_L,0.1694,0.1678
Parietal_Inf_L,Pallidum_R,0.1693,0.1677
Heschl_L,Cerebelum_6_L,0.1693,0.1677
Angular_L,Vermis_3,0.1692,0.1676
Lingual_L,Vermis_1_2,0.1691,0.1675
Frontal_Med_Orb_R,Cerebelum_4_5_L,0.1691,0.1675
Precentral_R,Frontal_Sup_Orb_R,0.169,0.1674
Cerebelum_Crus1_L,Cerebelum_6_L,0.1689,0.1673
Cingulum_Ant_R,ParaHippocampal_R,0.1688,0.1672
Occipital_Mid_R,Paracentral_Lobule_L,0.1688,0.1672
Olfactory_R,Cerebelum_4_5_R,0.1688,0.1672
Frontal_Mid_Orb_L,Amygdala_R,0.1687,0.1671
Frontal_Sup_Orb_R,Cingulum_Post_R,0.1685,0.1669
Frontal_Mid_L,Temporal_Pole_Sup_L,0.1685,0.1669
Frontal_Inf_Orb_R,Precuneus_R,0.1684,0.1668
Frontal_Inf_Tri_R,ParaHippocampal_R,0.1684,0.1669
Occipital_Mid_L,Pallidum_L,0.1682,0.1666
Pallidum_R,Cerebelum_6_R,0.168,0.1665
Cingulum_Post_R,Temporal_Pole_Sup_L,0.1679,0.1663
Occipital_Mid_L,Temporal_Pole_Sup_L,0.1679,0.1663
Occipital_Mid_R,Cerebelum_4_5_R,0.1677,0.1661
Frontal_Sup_Orb_R,Cingulum_Post_L,0.1676,0.1661
Occipital_Mid_R,Pallidum_L,0.1676,0.1661
Cingulum_Mid_L,Fusiform_R,0.1675,0.166
Pallidum_L,Temporal_Inf_L,0.1675,0.1659
Frontal_Sup_Orb_R,Cerebelum_3_L,0.1674,0.1658
Frontal_Med_Orb_R,Postcentral_R,0.1674,0.1659
Frontal_Mid_Orb_R,Lingual_R,0.1673,0.1657
Olfactory_L,Thalamus_L,0.1673,0.1658
Cingulum_Post_L,Cerebelum_3_L,0.1672,0.1656
Frontal_Inf_Orb_L,Rectus_L,0.1671,0.1655
Frontal_Sup_Orb_R,Vermis_3,0.1671,0.1656
Frontal_Inf_Oper_L,Frontal_Med_Orb_R,0.167,0.1654
Frontal_Mid_Orb_L,Vermis_4_5,0.167,0.1655
Hippocampus_R,Temporal_Inf_L,0.1669,0.1654
Cuneus_L,Cerebelum_6_L,0.1667,0.1652
Occipital_Sup_R,Temporal_Mid_L,0.1663,0.1647
Frontal_Sup_Orb_L,Cuneus_L,0.1663,0.1648
Frontal_Sup_Orb_L,Caudate_L,0.1662,0.1647
Frontal_Mid_Orb_R,Frontal_Inf_Oper_L,0.1661,0.1646
Frontal_Med_Orb_R,Postcentral_L,0.166,0.1645
Frontal_Sup_Medial_R,ParaHippocampal_L,0.166,0.1645
Amygdala_L,Temporal_Pole_Mid_R,0.1659,0.1644
Fusiform_R,Caudate_L,0.1659,0.1644
Frontal_Sup_R,Temporal_Pole_Sup_L,0.1658,0.1643
Cingulum_Post_L,Occipital_Mid_R,0.1657,0.1642
Frontal_Sup_Orb_R,Cingulum_Mid_L,0.1657,0.1642
Frontal_Med_Orb_L,Cerebelum_6_L,0.1654,0.1639
Occipital_Mid_R,Heschl_L,0.1654,0.1639
Paracentral_Lobule_L,Pallidum_L,0.1651,0.1636
Olfactory_R,Fusiform_R,0.1648,0.1634
Frontal_Mid_L,Frontal_Med_Orb_R,0.1647,0.1632
ParaHippocampal_L,Temporal_Pole_Sup_L,0.1647,0.1633
Occipital_Mid_L,Vermis_3,0.1646,0.1632
Occipital_Inf_L,Temporal_Inf_L,0.1645,0.1631
Olfactory_L,Lingual_L,0.1645,0.163
Frontal_Inf_Oper_R,Vermis_3,0.1644,0.1629
Frontal_Inf_Tri_R,Fusiform_L,0.1643,0.1628
Frontal_Inf_Orb_L,Paracentral_Lobule_R,0.1642,0.1627
Cingulum_Ant_R,Cerebelum_3_L,0.164,0.1626
Frontal_Sup_Orb_R,Precuneus_L,0.164,0.1625
Caudate_R,Cerebelum_3_L,0.1639,0.1625
Putamen_L,Cerebelum_3_L,0.1636,0.1622
Frontal_Med_Orb_L,Cerebelum_4_5_L,0.1636,0.1621
SupraMarginal_R,Cerebelum_3_L,0.1636,0.1621
Frontal_Inf_Tri_R,Temporal_Pole_Sup_R,0.1636,0.1622
Frontal_Inf_Orb_L,Angular_R,0.1635,0.1621
Calcarine_R,Cerebelum_6_L,0.1634,0.1619
Olfactory_L,Occipital_Mid_L,0.1633,0.1619
Parietal_Inf_R,Vermis_3,0.1633,0.1619
Calcarine_L,Temporal_Inf_L,0.1633,0.1619
Rectus_R,Fusiform_L,0.1632,0.1618
Amygdala_L,Cerebelum_4_5_L,0.1631,0.1617
Heschl_L,Temporal_Pole_Sup_R,0.1629,0.1615
Temporal_Pole_Sup_L,Cerebelum_6_L,0.1629,0.1615
Temporal_Pole_Sup_L,Temporal_Inf_L,0.1629,0.1615
Frontal_Sup_Orb_R,Temporal_Mid_R,0.1629,0.1614
ParaHippocampal_R,Parietal_Sup_R,0.1628,0.1614
ParaHippocampal_R,Cerebelum_6_L,0.1628,0.1614
Lingual_L,Temporal_Pole_Sup_R,0.1628,0.1614
Rolandic_Oper_L,Amygdala_R,0.1627,0.1613
Heschl_L,Cerebelum_4_5_R,0.1626,0.1611
Cingulum_Ant_L,Cerebelum_3_L,0.1626,0.1612
Frontal_Sup_Orb_L,Pallidum_R,0.1624,0.161
Amygdala_R,Caudate_R,0.1624,0.161
Frontal_Sup_Orb_R,Precuneus_R,0.1624,0.161
Temporal_Sup_L,Vermis_6,0.1623,0.1609
Caudate_R,Cerebelum_6_L,0.1623,0.1609
Olfactory_L,Cingulum_Ant_R,0.1623,0.1609
Hippocampus_L,Cerebelum_6_L,0.1622,0.1608
Pallidum_L,Cerebelum_6_L,0.1622,0.1608
Fusiform_R,Postcentral_R,0.1621,0.1607
Frontal_Sup_Medial_R,Fusiform_R,0.1617,0.1603
Frontal_Mid_R,Fusiform_R,0.1617,0.1603
Frontal_Med_Orb_R,Angular_L,0.1616,0.1602
Olfactory_L,Temporal_Pole_Mid_R,0.1616,0.1602
Occipital_Mid_R,Caudate_R,0.1615,0.1601
Frontal_Mid_Orb_L,Heschl_R,0.1613,0.1599
Frontal_Inf_Oper_R,Fusiform_L,0.1612,0.1598
Frontal_Mid_Orb_L,Fusiform_R,0.1612,0.1598
Frontal_Inf_Orb_R,Precuneus_L,0.161,0.1596
Angular_L,Cerebelum_3_L,0.161,0.1596
Fusiform_R,Paracentral_Lobule_R,0.161,0.1596
Precentral_L,Vermis_3,0.161,0.1596
Cingulum_Ant_L,Amygdala_R,0.1609,0.1595
ParaHippocampal_R,Heschl_L,0.1608,0.1595
Parietal_Sup_L,Temporal_Mid_R,0.1608,0.1594
Frontal_Mid_R,Frontal_Mid_Orb_R,0.1607,0.1594
Lingual_L,Occipital_Inf_L,0.1607,0.1594
Frontal_Inf_Oper_R,Temporal_Pole_Sup_L,0.1603,0.1589
Cingulum_Ant_L,Temporal_Mid_L,0.1601,0.1587
Frontal_Med_Orb_R,Cingulum_Mid_L,0.1601,0.1587
Frontal_Med_Orb_R,Heschl_R,0.1601,0.1587
Angular_R,Pallidum_L,0.1598,0.1585
Frontal_Med_Orb_L,Heschl_L,0.1597,0.1584
Amygdala_L,Vermis_4_5,0.1596,0.1583
Frontal_Med_Orb_R,Temporal_Mid_R,0.1595,0.1581
Frontal_Mid_Orb_L,Cerebelum_4_5_R,0.1594,0.1581
Olfactory_R,Calcarine_R,0.1594,0.158
Frontal_Mid_Orb_R,Thalamus_L,0.1594,0.1581
Frontal_Med_Orb_R,Vermis_3,0.1592,0.1579
Olfactory_R,Fusiform_L,0.1588,0.1575
Olfactory_R,Hippocampus_L,0.1588,0.1575
Frontal_Inf_Orb_R,Cerebelum_6_L,0.1586,0.1573
Frontal_Inf_Oper_R,Temporal_Pole_Sup_R,0.1586,0.1573
Frontal_Med_Orb_R,Cingulum_Post_R,0.1585,0.1572
Frontal_Mid_Orb_L,Frontal_Inf_Oper_L,0.1585,0.1572
Amygdala_R,Temporal_Mid_L,0.1584,0.157
Rolandic_Oper_R,Temporal_Inf_L,0.1583,0.157
Rectus_L,Calcarine_R,0.1582,0.1568
Occipital_Mid_R,Thalamus_L,0.158,0.1567
Occipital_Mid_L,Cerebelum_3_L,0.1576,0.1563
Rolandic_Oper_L,Cerebelum_6_L,0.1575,0.1562
Amygdala_R,Heschl_L,0.1575,0.1562
Frontal_Inf_Oper_L,Fusiform_R,0.1571,0.1558
Occipital_Sup_R,Temporal_Pole_Sup_L,0.157,0.1557
Frontal_Sup_Orb_R,Cingulum_Mid_R,0.1569,0.1556
Amygdala_L,Heschl_R,0.1569,0.1557
Amygdala_L,Calcarine_R,0.1568,0.1555
Rectus_R,Pallidum_R,0.1566,0.1553
Frontal_Mid_R,Vermis_3,0.1565,0.1552
Frontal_Mid_Orb_L,Temporal_Mid_R,0.1564,0.1551
Occipital_Sup_R,Pallidum_L,0.1564,0.1551
Amygdala_L,Putamen_R,0.156,0.1547
Frontal_Inf_Orb_R,Cuneus_R,0.1559,0.1547
Frontal_Sup_Orb_L,Postcentral_L,0.1559,0.1546
Amygdala_R,Thalamus_L,0.1558,0.1546
Frontal_Sup_Orb_R,Temporal_Mid_L,0.1557,0.1544
Paracentral_Lobule_R,Pallidum_L,0.1557,0.1545
Frontal_Inf_Orb_R,Hippocampus_R,0.1556,0.1544
Frontal_Inf_Orb_L,Occipital_Mid_L,0.1554,0.1542
Olfactory_L,ParaHippocampal_R,0.1553,0.154
Occipital_Mid_R,Parietal_Inf_L,0.1552,0.154
Insula_R,Vermis_6,0.1551,0.1539
Olfactory_R,Amygdala_L,0.1551,0.1539
Temporal_Pole_Sup_R,Temporal_Mid_L,0.1551,0.1539
Parietal_Inf_L,Cerebelum_3_L,0.1551,0.1539
Frontal_Med_Orb_R,Precuneus_L,0.155,0.1538
Angular_L,Pallidum_L,0.155,0.1538
Frontal_Sup_R,Occipital_Mid_R,0.1549,0.1537
Supp_Motor_Area_L,Frontal_Med_Orb_L,0.1548,0.1536
Occipital_Sup_L,Temporal_Pole_Sup_L,0.1547,0.1535
Amygdala_R,Temporal_Mid_R,0.1547,0.1535
Supp_Motor_Area_R,Fusiform_R,0.1547,0.1534
Cingulum_Post_R,Cerebelum_3_L,0.1546,0.1534
Frontal_Mid_Orb_R,Cingulum_Ant_L,0.1545,0.1533
Frontal_Sup_Orb_L,Amygdala_L,0.1543,0.1531
Frontal_Sup_L,Frontal_Sup_Orb_L,0.1543,0.1531
Amygdala_L,Putamen_L,0.1543,0.1531
Frontal_Sup_L,Occipital_Mid_R,0.1542,0.1529
Frontal_Inf_Orb_R,Amygdala_L,0.1541,0.1529
Frontal_Inf_Orb_R,Rectus_L,0.154,0.1528
Frontal_Inf_Orb_L,Parietal_Inf_R,0.1539,0.1527
Rectus_R,Cerebelum_4_5_R,0.1539,0.1527
Olfactory_L,Cerebelum_6_L,0.1539,0.1527
Cerebelum_4_5_R,Vermis_1_2,0.1538,0.1526
Supp_Motor_Area_L,Temporal_Pole_Sup_L,0.1533,0.1521
Frontal_Med_Orb_R,Cingulum_Mid_R,0.1531,0.152
Temporal_Sup_R,Temporal_Inf_L,0.1531,0.1519
Olfactory_L,Cuneus_R,0.153,0.1518
Occipital_Mid_R,Paracentral_Lobule_R,0.1529,0.1517
Frontal_Med_Orb_R,Occipital_Mid_L,0.1529,0.1517
Parietal_Inf_R,Cerebelum_4_5_R,0.1527,0.1515
Frontal_Med_Orb_R,Cingulum_Post_L,0.1526,0.1514
Thalamus_L,Cerebelum_6_L,0.1526,0.1515
Cingulum_Ant_L,ParaHippocampal_R,0.1525,0.1513
Frontal_Inf_Orb_R,Cerebelum_3_L,0.1525,0.1513
Thalamus_L,Temporal_Inf_L,0.1524,0.1512
Frontal_Sup_Orb_R,Frontal_Inf_Oper_R,0.1524,0.1512
Temporal_Pole_Sup_R,Cerebelum_3_L,0.1523,0.1512
Parietal_Sup_L,Temporal_Mid_L,0.1521,0.151
Supp_Motor_Area_R,Frontal_Med_Orb_L,0.1521,0.1509
Frontal_Inf_Oper_L,Frontal_Med_Orb_L,0.152,0.1508
Precentral_L,Temporal_Pole_Sup_L,0.152,0.1509
Cuneus_L,Temporal_Inf_L,0.1518,0.1507
Frontal_Mid_R,Occipital_Mid_R,0.1518,0.1506
Cuneus_R,Cerebelum_3_L,0.1516,0.1505
Frontal_Mid_Orb_R,Amygdala_R,0.1513,0.1502
Frontal_Mid_L,Vermis_3,0.1511,0.1499
Olfactory_R,Cingulum_Ant_R,0.1511,0.15
Frontal_Inf_Orb_L,ParaHippocampal_R,0.151,0.1499
Insula_L,Temporal_Inf_L,0.151,0.1499
Frontal_Sup_Orb_L,Frontal_Sup_Medial_R,0.1509,0.1497
ParaHippocampal_L,Vermis_6,0.1508,0.1496
Rectus_L,Cuneus_L,0.1508,0.1497
Frontal_Mid_Orb_L,Calcarine_R,0.1505,0.1494
Insula_L,Cerebelum_3_R,0.1505,0.1494
Frontal_Mid_Orb_R,Amygdala_L,0.1504,0.1493
Amygdala_R,Fusiform_R,0.1503,0.1492
Temporal_Pole_Sup_R,Cerebelum_3_R,0.1502,0.1491
Frontal_Med_Orb_R,Cerebelum_3_L,0.1502,0.1491
Frontal_Inf_Orb_R,Rectus_R,0.1502,0.1491
Olfactory_R,Cerebelum_6_L,0.1502,0.149
Frontal_Sup_R,Cerebelum_6_L,0.1501,0.149
Frontal_Mid_Orb_R,Rectus_L,0.15,0.1489
Frontal_Med_Orb_R,Occipital_Sup_R,0.15,0.1489
Frontal_Sup_R,Frontal_Mid_Orb_L,0.1498,0.1487
Frontal_Mid_Orb_R,Temporal_Mid_L,0.1497,0.1486
Olfactory_R,Cerebelum_6_R,0.1497,0.1485
Frontal_Sup_Orb_R,Angular_L,0.1496,0.1485
Temporal_Mid_L,Cerebelum_6_R,0.1495,0.1484
Olfactory_L,Calcarine_L,0.1495,0.1484
Frontal_Sup_R,Frontal_Sup_Orb_L,0.1495,0.1484
Frontal_Med_Orb_R,SupraMarginal_L,0.1494,0.1483
Frontal_Med_Orb_R,Occipital_Mid_R,0.1494,0.1483
Olfactory_R,Lingual_L,0.1494,0.1483
Occipital_Mid_R,SupraMarginal_R,0.1492,0.1481
Frontal_Sup_L,Temporal_Pole_Sup_R,0.1492,0.1481
ParaHippocampal_R,Temporal_Pole_Sup_L,0.1491,0.148
ParaHippocampal_R,Cerebelum_6_R,0.1491,0.148
Frontal_Med_Orb_R,Precuneus_R,0.149,0.1479
Frontal_Inf_Tri_L,Vermis_3,0.149,0.1479
Precentral_L,Fusiform_L,0.149,0.1479
Cingulum_Ant_R,Amygdala_R,0.1489,0.1478
Temporal_Mid_R,Vermis_6,0.1488,0.1477
Frontal_Mid_Orb_L,Pallidum_R,0.1487,0.1476
Cerebelum_6_R,Vermis_3,0.1487,0.1477
Frontal_Inf_Orb_R,Parietal_Inf_R,0.1486,0.1476
Cingulum_Mid_L,Temporal_Pole_Sup_L,0.1483,0.1473
Temporal_Mid_R,Cerebelum_3_L,0.1482,0.1472
Rectus_R,Lingual_R,0.1482,0.1471
Frontal_Inf_Orb_L,Vermis_3,0.148,0.1469
Frontal_Med_Orb_L,Cerebelum_3_L,0.1479,0.1469
Amygdala_R,Cerebelum_4_5_R,0.1478,0.1467
Vermis_1_2,Vermis_4_5,0.1478,0.1468
Precentral_R,Fusiform_R,0.1478,0.1467
Frontal_Sup_Orb_R,Cerebelum_6_R,0.1477,0.1466
Frontal_Sup_Medial_R,ParaHippocampal_R,0.1475,0.1464
Frontal_Sup_Orb_R,Vermis_6,0.1474,0.1464
Amygdala_R,Lingual_L,0.1474,0.1463
Putamen_L,Temporal_Inf_L,0.1472,0.1462
Olfactory_L,Caudate_R,0.1472,0.1462
Frontal_Inf_Orb_R,Angular_L,0.1471,0.1461
Frontal_Inf_Tri_L,Cerebelum_6_L,0.1471,0.1461
Lingual_R,Temporal_Inf_R,0.1469,0.1458
Frontal_Mid_L,Frontal_Mid_Orb_L,0.1467,0.1456
Frontal_Sup_Orb_R,Thalamus_L,0.1467,0.1456
Frontal_Inf_Oper_R,Fusiform_R,0.1466,0.1455
Frontal_Mid_Orb_R,Temporal_Mid_R,0.1466,0.1456
Parietal_Inf_L,Temporal_Pole_Sup_L,0.1465,0.1455
Hippocampus_R,Occipital_Mid_R,0.1465,0.1455
Rolandic_Oper_R,Cerebelum_3_R,0.1463,0.1453
Frontal_Inf_Oper_R,Temporal_Mid_L,0.146,0.1449
Supp_Motor_Area_R,Temporal_Pole_Sup_L,0.1459,0.1449
Angular_L,Temporal_Pole_Sup_L,0.1459,0.1449
Frontal_Sup_Orb_L,Fusiform_R,0.1459,0.1449
Frontal_Inf_Orb_L,Cerebelum_6_L,0.1457,0.1446
Rectus_R,Cerebelum_4_5_L,0.1456,0.1446
Parietal_Inf_R,Cerebelum_3_L,0.1453,0.1443
Olfactory_L,Occipital_Mid_R,0.1452,0.1442
Frontal_Mid_Orb_R,Pallidum_R,0.145,0.144
Fusiform_L,Temporal_Pole_Sup_R,0.145,0.144
Temporal_Mid_R,Temporal_Pole_Mid_R,0.145,0.144
Frontal_Mid_Orb_R,Hippocampus_L,0.1448,0.1438
Frontal_Sup_Orb_R,Cuneus_R,0.1448,0.1438
Temporal_Pole_Sup_R,Vermis_1_2,0.1448,0.1438
Precentral_L,Frontal_Med_Orb_R,0.1446,0.1436
Frontal_Mid_Orb_R,Cerebelum_4_5_R,0.1445,0.1435
Frontal_Mid_Orb_L,Caudate_R,0.1445,0.1435
Occipital_Mid_R,Parietal_Sup_L,0.1445,0.1435
Parietal_Sup_L,Cerebelum_4_5_R,0.1444,0.1434
Frontal_Inf_Tri_R,Frontal_Med_Orb_L,0.1443,0.1433
Putamen_R,Temporal_Inf_L,0.1443,0.1433
Occipital_Mid_R,Fusiform_L,0.1441,0.1432
Calcarine_R,Temporal_Inf_L,0.144,0.143
Frontal_Sup_R,Frontal_Mid_Orb_R,0.1437,0.1427
Amygdala_L,Temporal_Inf_L,0.1432,0.1422
Temporal_Sup_R,Temporal_Pole_Mid_R,0.1432,0.1422
Rolandic_Oper_L,Amygdala_L,0.1432,0.1422
Amygdala_R,Cerebelum_6_R,0.1432,0.1423
Frontal_Med_Orb_L,Fusiform_L,0.1432,0.1423
Temporal_Inf_L,Vermis_3,0.1432,0.1423
Fusiform_L,Vermis_1_2,0.1431,0.1421
Frontal_Inf_Orb_R,ParaHippocampal_L,0.143,0.1421
Frontal_Sup_Orb_R,SupraMarginal_L,0.143,0.1421
Cuneus_L,Temporal_Pole_Sup_R,0.143,0.1421
Frontal_Mid_Orb_R,Caudate_L,0.1429,0.1419
Amygdala_R,Caudate_L,0.1428,0.1419
Precentral_L,Frontal_Mid_Orb_L,0.1428,0.1418
Fusiform_L,Paracentral_Lobule_R,0.1427,0.1418
Angular_L,Temporal_Inf_L,0.1425,0.1415
ParaHippocampal_R,Occipital_Mid_R,0.1425,0.1415
Olfactory_L,Cerebelum_6_R,0.1424,0.1415
Rolandic_Oper_L,Cerebelum_3_R,0.1423,0.1414
Frontal_Inf_Orb_R,Occipital_Sup_L,0.1422,0.1412
Occipital_Mid_R,Parietal_Sup_R,0.1422,0.1413
Fusiform_R,Temporal_Pole_Sup_R,0.1422,0.1412
Frontal_Mid_L,Occipital_Mid_R,0.1421,0.1412
Amygdala_L,Cerebelum_4_5_R,0.1419,0.1409
Frontal_Mid_Orb_R,Lingual_L,0.1417,0.1407
Frontal_Med_Orb_R,Angular_R,0.1417,0.1407
Parietal_Sup_R,Vermis_3,0.1416,0.1407
Frontal_Med_Orb_L,Postcentral_L,0.1416,0.1406
Angular_R,Temporal_Mid_L,0.1414,0.1404
Frontal_Inf_Oper_L,Cerebelum_3_L,0.1414,0.1405
Frontal_Inf_Tri_R,Vermis_3,0.1414,0.1404
Frontal_Mid_Orb_R,Supp_Motor_Area_R,0.1414,0.1404
Putamen_R,Cerebelum_3_R,0.1413,0.1403
Frontal_Med_Orb_R,Temporal_Pole_Mid_R,0.1412,0.1403
Angular_R,Vermis_3,0.1412,0.1402
Pallidum_R,Temporal_Inf_L,0.1412,0.1402
Frontal_Inf_Orb_R,Occipital_Mid_L,0.1412,0.1403
Frontal_Sup_R,Cerebelum_3_L,0.1412,0.1403
Precentral_R,Frontal_Med_Orb_R,0.1411,0.1402
Frontal_Mid_Orb_R,Postcentral_R,0.141,0.1401
Cingulum_Post_L,Temporal_Pole_Sup_L,0.141,0.14
Thalamus_R,Temporal_Inf_L,0.1409,0.14
Olfactory_L,ParaHippocampal_L,0.1409,0.1399
Cuneus_L,Cerebelum_3_L,0.1408,0.1398
Frontal_Mid_R,Temporal_Pole_Sup_L,0.1408,0.1399
Frontal_Sup_L,Frontal_Mid_Orb_R,0.1408,0.1399
Amygdala_L,Cerebelum_6_R,0.1407,0.1398
Frontal_Med_Orb_L,Temporal_Pole_Mid_R,0.1407,0.1398
Frontal_Sup_Medial_L,Temporal_Pole_Sup_R,0.1407,0.1398
Occipital_Mid_R,Temporal_Pole_Sup_L,0.1406,0.1397
Rolandic_Oper_R,Vermis_6,0.1403,0.1394
Frontal_Sup_L,Frontal_Mid_Orb_L,0.1402,0.1393
Frontal_Med_Orb_R,Temporal_Mid_L,0.1401,0.1392
Thalamus_R,Temporal_Pole_Sup_L,0.1401,0.1392
Frontal_Sup_Orb_L,Calcarine_L,0.1401,0.1392
Cingulum_Mid_L,Cerebelum_3_L,0.14,0.1391
Occipital_Mid_R,Temporal_Inf_R,0.14,0.1391
Parietal_Sup_R,Cerebelum_4_5_R,0.1399,0.139
Frontal_Inf_Orb_L,Temporal_Pole_Mid_R,0.1399,0.139
Frontal_Sup_L,Cerebelum_3_L,0.1399,0.139
Frontal_Mid_Orb_L,Caudate_L,0.1399,0.139
Frontal_Sup_L,Cerebelum_6_L,0.1399,0.139
Frontal_Sup_Orb_R,Paracentral_Lobule_R,0.1398,0.1389
Insula_L,Cerebelum_6_R,0.1397,0.1388
Cingulum_Mid_R,Cerebelum_3_L,0.1396,0.1387
Supp_Motor_Area_L,Cerebelum_6_L,0.1395,0.1386
Caudate_L,Cerebelum_3_L,0.1394,0.1385
Rolandic_Oper_R,Temporal_Pole_Mid_R,0.1393,0.1384
Fusiform_R,Parietal_Inf_R,0.1392,0.1383
Temporal_Pole_Sup_L,Vermis_6,0.139,0.1381
Frontal_Med_Orb_L,Vermis_3,0.139,0.1381
Hippocampus_L,Cerebelum_6_R,0.1389,0.1381
Temporal_Pole_Sup_L,Cerebelum_6_R,0.1388,0.1379
Frontal_Mid_Orb_L,Frontal_Inf_Tri_R,0.1388,0.1379
Frontal_Med_Orb_L,Vermis_6,0.1387,0.1378
Precentral_R,Fusiform_L,0.1387,0.1378
SupraMarginal_L,Cerebelum_6_L,0.1386,0.1377
Heschl_R,Temporal_Inf_L,0.1386,0.1377
Fusiform_L,Parietal_Sup_L,0.1385,0.1376
Olfactory_R,Cingulum_Ant_L,0.1385,0.1377
Amygdala_R,Cerebelum_3_L,0.1383,0.1374
Rectus_L,Calcarine_L,0.1382,0.1373
Paracentral_Lobule_R,Cerebelum_3_L,0.1382,0.1373
Rectus_R,Cuneus_L,0.1382,0.1374
Rectus_R,Fusiform_R,0.1381,0.1373
Frontal_Sup_Orb_L,Temporal_Mid_R,0.138,0.1372
Precentral_R,Occipital_Mid_R,0.1379,0.137
Occipital_Mid_R,Thalamus_R,0.1378,0.1369
Frontal_Mid_Orb_L,Frontal_Sup_Medial_L,0.1378,0.137
Paracentral_Lobule_L,Cerebelum_3_L,0.1378,0.1369
Paracentral_Lobule_R,Cerebelum_3_R,0.1377,0.1369
Insula_L,Vermis_6,0.1376,0.1368
Vermis_3,Vermis_6,0.1375,0.1366
Rectus_R,Occipital_Mid_L,0.1373,0.1364
Olfactory_L,Temporal_Inf_L,0.1371,0.1363
Occipital_Inf_R,Fusiform_R,0.1371,0.1363
Frontal_Mid_Orb_L,Postcentral_L,0.137,0.1361
Frontal_Inf_Oper_L,Vermis_3,0.137,0.1362
Occipital_Mid_R,Postcentral_R,0.1366,0.1357
Olfactory_R,Cuneus_R,0.1365,0.1356
Frontal_Sup_Orb_L,Frontal_Sup_Medial_L,0.1364,0.1356
Frontal_Mid_Orb_L,Fusiform_L,0.1364,0.1356
Frontal_Med_Orb_L,Cuneus_R,0.1364,0.1355
Caudate_L,Temporal_Inf_L,0.1363,0.1355
Precentral_L,Fusiform_R,0.1362,0.1354
Rectus_R,Temporal_Mid_L,0.1362,0.1354
Temporal_Sup_R,Temporal_Inf_R,0.1362,0.1354
Frontal_Inf_Tri_R,Temporal_Mid_L,0.1361,0.1353
Frontal_Sup_L,Cerebelum_3_R,0.1361,0.1353
Rectus_R,Cerebelum_6_L,0.1361,0.1353
Frontal_Sup_Orb_L,Frontal_Inf_Tri_L,0.136,0.1352
Amygdala_L,Vermis_6,0.136,0.1352
Occipital_Sup_L,Cerebelum_6_L,0.1359,0.1351
Cuneus_R,Vermis_6,0.1359,0.1351
Parietal_Sup_L,Pallidum_R,0.1358,0.135
Frontal_Med_Orb_R,SupraMarginal_R,0.1358,0.135
Temporal_Inf_L,Cerebelum_6_R,0.1356,0.1348
Cingulum_Post_R,Cerebelum_3_R,0.1355,0.1347
Amygdala_L,Calcarine_L,0.1354,0.1346
Supp_Motor_Area_R,Occipital_Mid_R,0.1354,0.1346
Occipital_Mid_L,Vermis_6,0.1353,0.1344
Calcarine_L,Cerebelum_6_L,0.1352,0.1344
Precentral_R,Frontal_Mid_Orb_R,0.135,0.1342
Postcentral_R,Cerebelum_3_L,0.1349,0.1341
Temporal_Pole_Sup_R,Cerebelum_4_5_L,0.1349,0.1341
Frontal_Inf_Tri_R,Frontal_Med_Orb_R,0.1348,0.134
Frontal_Sup_Orb_L,Supp_Motor_Area_R,0.1347,0.1338
Frontal_Sup_Orb_L,Cingulum_Post_R,0.1347,0.1339
Heschl_L,Cerebelum_6_R,0.1347,0.1339
Frontal_Sup_Medial_L,Occipital_Mid_R,0.1347,0.1338
Rectus_L,Cuneus_R,0.1346,0.1338
Frontal_Sup_Orb_R,Fusiform_R,0.1346,0.1338
Frontal_Mid_Orb_R,SupraMarginal_L,0.1346,0.1338
Precentral_L,Frontal_Mid_Orb_R,0.1344,0.1336
Parietal_Sup_L,Cerebelum_3_L,0.1344,0.1336
Supp_Motor_Area_L,Occipital_Mid_R,0.1344,0.1336
Frontal_Mid_Orb_R,Cuneus_L,0.1343,0.1335
Frontal_Sup_Orb_R,Parietal_Inf_L,0.1343,0.1335
Temporal_Mid_L,Vermis_1_2,0.1342,0.1334
SupraMarginal_R,Cerebelum_6_L,0.1338,0.1331
Frontal_Inf_Tri_R,Fusiform_R,0.1338,0.133
Cerebelum_3_R,Cerebelum_6_L,0.1338,0.133
Precentral_L,Frontal_Sup_Orb_L,0.1337,0.1329
Frontal_Mid_Orb_L,Calcarine_L,0.1335,0.1327
Occipital_Sup_L,Vermis_3,0.1334,0.1326
Frontal_Mid_Orb_L,Frontal_Sup_Medial_R,0.133,0.1322
Frontal_Mid_Orb_L,Amygdala_L,0.133,0.1322
Fusiform_L,Parietal_Inf_R,0.1329,0.1321
Frontal_Mid_Orb_L,Lingual_L,0.1328,0.132
Caudate_L,Cerebelum_6_L,0.1327,0.1319
Frontal_Med_Orb_L,Cingulum_Mid_L,0.1327,0.132
Frontal_Mid_R,Cerebelum_6_L,0.1326,0.1318
Frontal_Mid_R,Frontal_Med_Orb_L,0.1326,0.1318
Frontal_Sup_Orb_R,Paracentral_Lobule_L,0.1324,0.1316
Rectus_R,Lingual_L,0.1324,0.1316
Frontal_Med_Orb_L,SupraMarginal_L,0.1321,0.1314
Amygdala_L,Vermis_1_2,0.1319,0.1311
Parietal_Sup_R,Temporal_Mid_L,0.1318,0.1311
Frontal_Sup_Medial_L,Cerebelum_3_L,0.1318,0.131
Rectus_R,ParaHippocampal_R,0.1318,0.131
Olfactory_R,Caudate_L,0.1318,0.1311
Frontal_Inf_Orb_R,ParaHippocampal_R,0.1317,0.131
Olfactory_R,Occipital_Mid_L,0.1316,0.1309
Cerebelum_3_R,Cerebelum_6_R,0.1315,0.1307
Cingulum_Post_R,Cerebelum_6_L,0.1313,0.1306
Cingulum_Mid_R,Cerebelum_3_R,0.1312,0.1305
Pallidum_L,Vermis_6,0.1312,0.1304
Supp_Motor_Area_R,Cerebelum_3_L,0.1311,0.1304
Amygdala_L,Thalamus_L,0.131,0.1303
Insula_R,Cerebelum_3_R,0.131,0.1303
Frontal_Sup_Orb_R,Occipital_Sup_L,0.1309,0.1302
Rolandic_Oper_L,Vermis_6,0.1308,0.1301
Frontal_Mid_Orb_R,Postcentral_L,0.1308,0.1301
Frontal_Sup_Orb_L,Temporal_Pole_Mid_R,0.1307,0.13
Frontal_Inf_Tri_R,Temporal_Pole_Sup_L,0.1306,0.1299
Temporal_Inf_R,Cerebelum_4_5_R,0.1306,0.1299
Frontal_Sup_Orb_L,Cingulum_Post_L,0.1304,0.1297
Frontal_Mid_L,Cerebelum_6_L,0.1303,0.1295
Frontal_Mid_Orb_R,Frontal_Inf_Oper_R,0.1303,0.1295
Heschl_L,Vermis_6,0.1302,0.1295
Olfactory_R,ParaHippocampal_R,0.1301,0.1294
Frontal_Mid_L,Frontal_Mid_Orb_R,0.1296,0.1289
Rectus_R,Heschl_L,0.1296,0.1289
Rectus_R,Temporal_Sup_R,0.1295,0.1288
Putamen_L,Cerebelum_3_R,0.1294,0.1287
Frontal_Mid_Orb_R,Fusiform_L,0.1293,0.1286
Cuneus_R,Cerebelum_6_R,0.1293,0.1286
ParaHippocampal_L,Occipital_Mid_R,0.1292,0.1285
Paracentral_Lobule_L,Cerebelum_3_R,0.1291,0.1284
Frontal_Med_Orb_L,Occipital_Sup_L,0.1291,0.1284
Olfactory_L,Hippocampus_L,0.1291,0.1284
Olfactory_R,ParaHippocampal_L,0.1291,0.1284
Heschl_R,Vermis_1_2,0.129,0.1282
Heschl_L,Vermis_3,0.1289,0.1282
Angular_L,Cerebelum_6_L,0.1288,0.1281
Frontal_Mid_Orb_R,Frontal_Sup_Medial_R,0.1288,0.1281
Frontal_Sup_Orb_L,Frontal_Inf_Oper_L,0.1287,0.128
Frontal_Mid_Orb_R,Heschl_R,0.1285,0.1278
Frontal_Inf_Oper_L,Temporal_Pole_Sup_R,0.1285,0.1278
Frontal_Mid_Orb_R,Frontal_Sup_Medial_L,0.1284,0.1277
Fusiform_L,Angular_R,0.1284,0.1277
Frontal_Med_Orb_L,Postcentral_R,0.1283,0.1276
Cingulum_Ant_R,Temporal_Inf_L,0.1283,0.1276
Temporal_Pole_Sup_R,Cerebelum_6_R,0.1282,0.1275
Frontal_Sup_Orb_L,Cingulum_Mid_L,0.1281,0.1274
Frontal_Mid_Orb_R,Cerebelum_4_5_L,0.1281,0.1274
Amygdala_R,Thalamus_R,0.1279,0.1272
Rolandic_Oper_L,Cerebelum_6_R,0.1279,0.1272
Amygdala_R,Calcarine_R,0.1279,0.1272
Angular_R,Cerebelum_6_R,0.1277,0.127
SupraMarginal_L,Cerebelum_3_R,0.1277,0.127
Occipital_Mid_R,Postcentral_L,0.1276,0.1269
Rectus_R,Calcarine_L,0.1276,0.1269
Temporal_Pole_Mid_R,Cerebelum_6_L,0.1275,0.1269
Fusiform_R,Vermis_1_2,0.1274,0.1267
Frontal_Med_Orb_L,Occipital_Mid_R,0.1273,0.1266
Olfactory_R,Cerebelum_4_5_L,0.1273,0.1266
Amygdala_R,Temporal_Pole_Mid_R,0.1273,0.1267
Rectus_R,Heschl_R,0.1272,0.1266
Frontal_Sup_Orb_R,SupraMarginal_R,0.1271,0.1264
Frontal_Inf_Oper_R,Frontal_Med_Orb_L,0.1271,0.1264
Occipital_Sup_R,Vermis_3,0.1271,0.1264
Frontal_Mid_Orb_R,Cingulum_Post_L,0.127,0.1263
Rectus_R,Cuneus_R,0.127,0.1263
Frontal_Sup_Orb_R,Occipital_Mid_L,0.1268,0.1261
Frontal_Mid_Orb_R,Cingulum_Post_R,0.1267,0.126
Pallidum_R,Vermis_1_2,0.1266,0.1259
Supp_Motor_Area_L,Amygdala_R,0.1265,0.1258
Rectus_L,Lingual_R,0.1265,0.1258
Olfactory_L,Vermis_1_2,0.1263,0.1256
Occipital_Mid_R,Cerebelum_6_L,0.1262,0.1255
Cingulum_Ant_R,Cerebelum_3_R,0.1262,0.1256
Cingulum_Ant_L,Cerebelum_3_R,0.1262,0.1255
Lingual_R,Occipital_Inf_L,0.1261,0.1254
Frontal_Inf_Orb_R,Angular_R,0.1261,0.1254
Frontal_Med_Orb_R,Paracentral_Lobule_R,0.126,0.1254
Frontal_Mid_Orb_L,Supp_Motor_Area_R,0.126,0.1253
Parietal_Inf_L,Cerebelum_3_R,0.1259,0.1252
Frontal_Med_Orb_L,Cingulum_Post_R,0.1259,0.1253
Insula_R,Temporal_Pole_Mid_R,0.1259,0.1253
Rectus_R,Temporal_Mid_R,0.1259,0.1252
Frontal_Med_Orb_L,Thalamus_L,0.1259,0.1252
Frontal_Sup_Orb_L,Frontal_Inf_Tri_R,0.1257,0.125
Rectus_R,Calcarine_R,0.1257,0.1251
Frontal_Med_Orb_R,Paracentral_Lobule_L,0.1257,0.1251
Occipital_Sup_R,Cerebelum_6_R,0.1256,0.1249
Precentral_R,Frontal_Med_Orb_L,0.1256,0.1249
Putamen_R,Cerebelum_6_R,0.1255,0.1248
Temporal_Pole_Sup_R,Vermis_6,0.1254,0.1248
Frontal_Sup_Orb_L,Heschl_R,0.1253,0.1246
Olfactory_L,Thalamus_R,0.1251,0.1244
Rectus_R,Cingulum_Ant_L,0.1251,0.1245
Parietal_Inf_R,Temporal_Mid_L,0.1251,0.1245
SupraMarginal_L,Temporal_Inf_L,0.125,0.1243
Frontal_Sup_Orb_L,Supp_Motor_Area_L,0.125,0.1243
Cerebelum_6_L,Vermis_1_2,0.1249,0.1243
Cerebelum_3_L,Cerebelum_6_R,0.1249,0.1242
Frontal_Inf_Tri_L,Cerebelum_3_L,0.1249,0.1242
Frontal_Mid_Orb_L,Occipital_Mid_L,0.1249,0.1243
Occipital_Mid_R,Caudate_L,0.1249,0.1242
Frontal_Mid_Orb_L,Temporal_Mid_L,0.1247,0.124
Rectus_R,Cerebelum_3_L,0.1247,0.124
Caudate_R,Temporal_Inf_L,0.1246,0.1239
Temporal_Inf_R,Cerebelum_6_L,0.1245,0.1239
Temporal_Pole_Sup_L,Temporal_Pole_Mid_R,0.1244,0.1238
Temporal_Sup_R,Vermis_1_2,0.1241,0.1235
Olfactory_L,Occipital_Sup_L,0.124,0.1234
Calcarine_L,Vermis_1_2,0.1239,0.1233
Rectus_L,Occipital_Mid_R,0.1239,0.1233
Cingulum_Mid_R,Occipital_Mid_R,0.1238,0.1231
Precentral_L,Frontal_Med_Orb_L,0.1238,0.1232
Thalamus_R,Cerebelum_6_L,0.1237,0.1231
Fusiform_R,Parietal_Sup_L,0.1237,0.1231
Frontal_Mid_R,Frontal_Mid_Orb_L,0.1236,0.123
Rectus_L,Cingulum_Ant_L,0.1236,0.123
Frontal_Sup_Medial_R,Cerebelum_3_L,0.1236,0.123
Frontal_Med_Orb_L,Occipital_Mid_L,0.1235,0.1229
Frontal_Sup_Medial_L,Cerebelum_3_R,0.1235,0.1229
Occipital_Mid_R,Occipital_Inf_R,0.1235,0.1228
Putamen_L,Vermis_6,0.1233,0.1227
SupraMarginal_R,Temporal_Pole_Sup_R,0.1231,0.1224
Amygdala_R,Cuneus_L,0.1231,0.1224
Rolandic_Oper_R,Vermis_1_2,0.123,0.1224
Supp_Motor_Area_R,Amygdala_R,0.1228,0.1222
Precentral_L,Occipital_Mid_R,0.1227,0.1221
Olfactory_L,Vermis_6,0.1224,0.1218
Calcarine_R,Vermis_6,0.1223,0.1217
Occipital_Inf_L,Vermis_4_5,0.1223,0.1217
Pallidum_L,Cerebelum_3_R,0.1221,0.1215
Frontal_Mid_Orb_R,Paracentral_Lobule_R,0.1221,0.1215
Amygdala_L,Vermis_3,0.122,0.1214
Olfactory_R,Calcarine_L,0.1219,0.1213
Cuneus_L,Cerebelum_3_R,0.1217,0.1211
Frontal_Mid_Orb_R,Calcarine_L,0.1217,0.1211
Rectus_R,Cerebelum_6_R,0.1216,0.121
Frontal_Inf_Orb_R,Temporal_Pole_Mid_R,0.1216,0.121
Frontal_Mid_Orb_L,Thalamus_L,0.1215,0.1209
Supp_Motor_Area_R,Temporal_Pole_Sup_R,0.1214,0.1208
Paracentral_Lobule_L,Temporal_Pole_Sup_L,0.1214,0.1209
Pallidum_L,Cerebelum_6_R,0.1213,0.1207
Temporal_Sup_L,Vermis_1_2,0.1212,0.1206
Frontal_Sup_Orb_L,Postcentral_R,0.1211,0.1205
Frontal_Inf_Oper_R,Frontal_Med_Orb_R,0.121,0.1204
Cuneus_R,Temporal_Inf_L,0.121,0.1204
Frontal_Sup_L,Amygdala_R,0.1209,0.1203
Frontal_Sup_Orb_L,Thalamus_L,0.1208,0.1202
Hippocampus_R,Vermis_6,0.1208,0.1203
Frontal_Mid_Orb_L,Cuneus_L,0.1205,0.1199
ParaHippocampal_R,Vermis_1_2,0.1203,0.1198
Frontal_Inf_Orb_L,Cerebelum_6_R,0.1202,0.1196
Frontal_Sup_Orb_L,Cerebelum_6_L,0.1202,0.1197
Frontal_Sup_Orb_R,Thalamus_R,0.12,0.1194
Frontal_Mid_R,Temporal_Pole_Sup_R,0.12,0.1194
Frontal_Inf_Orb_L,Cerebelum_3_L,0.12,0.1194
Frontal_Med_Orb_R,Parietal_Inf_R,0.1199,0.1194
Parietal_Sup_R,Pallidum_R,0.1198,0.1193
Rolandic_Oper_L,Temporal_Inf_L,0.1198,0.1192
Insula_L,Temporal_Pole_Mid_R,0.1197,0.1192
Frontal_Mid_Orb_R,Cerebelum_3_L,0.1196,0.119
Frontal_Sup_Orb_L,Frontal_Mid_L,0.1195,0.1189
Precuneus_R,Cerebelum_6_L,0.1194,0.1188
Angular_L,Cerebelum_3_R,0.1192,0.1187
Supp_Motor_Area_L,Cerebelum_3_L,0.1192,0.1186
Pallidum_R,Cerebelum_3_R,0.1191,0.1186
Rectus_L,Temporal_Mid_R,0.1191,0.1185
Occipital_Mid_R,Vermis_6,0.1191,0.1186
Frontal_Sup_Medial_R,Cerebelum_6_L,0.1188,0.1182
Frontal_Sup_Medial_L,Cerebelum_6_L,0.1186,0.1181
Occipital_Inf_L,Cerebelum_6_L,0.1186,0.118
Frontal_Inf_Oper_L,Cerebelum_6_L,0.1186,0.1181
Frontal_Sup_Orb_R,Parietal_Inf_R,0.1185,0.118
Heschl_L,Cerebelum_3_L,0.1184,0.1179
Parietal_Sup_R,Cerebelum_3_L,0.1184,0.1178
Olfactory_L,Vermis_3,0.1184,0.1178
Supp_Motor_Area_L,Cerebelum_3_R,0.1183,0.1178
Amygdala_L,Lingual_L,0.1183,0.1177
SupraMarginal_R,Cerebelum_3_R,0.1182,0.1176
Temporal_Pole_Sup_R,Temporal_Inf_R,0.1182,0.1176
Cingulum_Ant_L,Temporal_Inf_L,0.1182,0.1176
Olfactory_L,Temporal_Inf_R,0.1181,0.1175
Frontal_Mid_Orb_R,Vermis_3,0.1181,0.1176
Frontal_Mid_Orb_L,Supp_Motor_Area_L,0.118,0.1174
Amygdala_R,Calcarine_L,0.1179,0.1174
Amygdala_L,Occipital_Mid_L,0.1177,0.1171
Occipital_Sup_R,Vermis_6,0.1177,0.1171
Hippocampus_R,Temporal_Pole_Sup_L,0.1177,0.1172
Paracentral_Lobule_L,Cerebelum_6_R,0.1176,0.1171
Frontal_Sup_R,Cerebelum_3_R,0.1176,0.1171
Putamen_L,Cerebelum_6_R,0.1176,0.117
Frontal_Mid_Orb_R,Temporal_Pole_Mid_R,0.1176,0.1171
Frontal_Mid_Orb_R,Precuneus_L,0.1176,0.117
Cerebelum_Crus1_L,Cerebelum_6_R,0.1176,0.1171
Supp_Motor_Area_R,Cerebelum_3_R,0.1176,0.1171
Frontal_Med_Orb_L,Cingulum_Post_L,0.1175,0.117
Parietal_Inf_L,Cerebelum_6_L,0.1175,0.117
Frontal_Med_Orb_L,Angular_L,0.1175,0.117
Hippocampus_L,Amygdala_R,0.1174,0.1169
Temporal_Pole_Mid_R,Vermis_4_5,0.1174,0.1169
Rectus_L,Cerebelum_4_5_R,0.1174,0.1169
Postcentral_R,Temporal_Pole_Sup_L,0.1173,0.1168
ParaHippocampal_L,Amygdala_R,0.1173,0.1168
Frontal_Sup_Orb_L,Frontal_Mid_R,0.1173,0.1168
Amygdala_R,Occipital_Mid_L,0.1171,0.1166
Olfactory_R,Cerebelum_3_L,0.117,0.1164
Frontal_Mid_Orb_R,Precuneus_R,0.117,0.1165
Rectus_L,Heschl_R,0.117,0.1165
Cerebelum_3_L,Vermis_6,0.1169,0.1164
Olfactory_L,Hippocampus_R,0.1168,0.1163
Frontal_Mid_Orb_L,Cerebelum_4_5_L,0.1167,0.1162
Frontal_Mid_Orb_R,Occipital_Sup_L,0.1167,0.1161
Calcarine_R,Vermis_1_2,0.1166,0.116
Frontal_Inf_Orb_R,Occipital_Sup_R,0.1165,0.1159
Occipital_Inf_L,Temporal_Sup_L,0.1165,0.116
Frontal_Med_Orb_R,Thalamus_R,0.1164,0.1159
Supp_Motor_Area_L,Temporal_Pole_Sup_R,0.1163,0.1157
Frontal_Med_Orb_L,Paracentral_Lobule_L,0.1162,0.1157
Olfactory_R,Temporal_Pole_Mid_R,0.1161,0.1155
Frontal_Sup_Orb_L,Fusiform_L,0.1161,0.1156
Frontal_Mid_L,Frontal_Med_Orb_L,0.116,0.1155
Olfactory_R,Cuneus_L,0.1159,0.1154
Frontal_Med_Orb_L,Cingulum_Mid_R,0.1159,0.1154
Frontal_Inf_Orb_L,Parietal_Sup_L,0.1159,0.1154
Cingulum_Mid_L,Occipital_Mid_R,0.1159,0.1154
Parietal_Inf_L,Vermis_6,0.1158,0.1153
ParaHippocampal_L,Vermis_1_2,0.1158,0.1153
Precuneus_R,Cerebelum_3_R,0.1156,0.1151
Paracentral_Lobule_L,Cerebelum_6_L,0.1155,0.115
Rectus_R,Temporal_Pole_Mid_R,0.1153,0.1148
Frontal_Med_Orb_R,Vermis_6,0.1152,0.1147
Frontal_Inf_Orb_R,Cerebelum_3_R,0.1152,0.1147
Precentral_R,Temporal_Pole_Sup_L,0.1151,0.1146
Frontal_Inf_Orb_R,Cerebelum_6_R,0.1151,0.1146
Postcentral_R,Cerebelum_6_L,0.1149,0.1144
Rectus_L,Occipital_Sup_R,0.1149,0.1144
Frontal_Mid_Orb_R,Parietal_Inf_L,0.1148,0.1143
Frontal_Med_Orb_L,Angular_R,0.1148,0.1143
Temporal_Mid_L,Temporal_Pole_Mid_R,0.1148,0.1143
Temporal_Inf_R,Vermis_4_5,0.1148,0.1143
ParaHippocampal_L,Amygdala_L,0.1147,0.1142
Parietal_Inf_R,Cerebelum_6_L,0.1145,0.114
Parietal_Inf_L,Cerebelum_6_R,0.1145,0.114
Frontal_Sup_Orb_L,Cerebelum_4_5_L,0.1144,0.1139
Frontal_Mid_Orb_L,Cingulum_Post_R,0.1143,0.1138
Frontal_Med_Orb_R,Parietal_Inf_L,0.1142,0.1137
Rectus_L,Fusiform_R,0.1141,0.1136
Frontal_Mid_Orb_L,Cerebelum_6_L,0.114,0.1135
Cingulum_Post_L,Cerebelum_3_R,0.114,0.1135
Rectus_R,Occipital_Sup_L,0.114,0.1135
Occipital_Mid_L,Cerebelum_6_R,0.1139,0.1134
Occipital_Mid_R,Temporal_Pole_Sup_R,0.1138,0.1133
Postcentral_R,Temporal_Pole_Sup_R,0.1137,0.1133
Frontal_Inf_Orb_L,Occipital_Mid_R,0.1137,0.1132
Cingulum_Ant_L,Cerebelum_6_R,0.1137,0.1132
Precuneus_L,Temporal_Pole_Sup_L,0.1135,0.113
Occipital_Inf_R,Temporal_Inf_R,0.1135,0.113
Frontal_Sup_Orb_R,Occipital_Sup_R,0.1133,0.1128
Amygdala_R,Temporal_Inf_L,0.1133,0.1128
Frontal_Mid_Orb_R,Thalamus_R,0.1132,0.1127
Frontal_Mid_Orb_L,Vermis_3,0.1131,0.1126
Rectus_R,Thalamus_L,0.113,0.1125
Frontal_Sup_Medial_R,Amygdala_R,0.1129,0.1124
Cingulum_Ant_L,Vermis_1_2,0.1128,0.1123
Frontal_Mid_Orb_R,Fusiform_R,0.1128,0.1123
Frontal_Sup_Orb_L,Lingual_L,0.1127,0.1122
Olfactory_L,Paracentral_Lobule_L,0.1127,0.1122
Angular_R,Vermis_6,0.1126,0.1121
Supp_Motor_Area_R,Cerebelum_6_L,0.1124,0.1119
Frontal_Sup_Orb_L,Occipital_Sup_L,0.1123,0.1118
Occipital_Inf_L,Cerebelum_4_5_L,0.1123,0.1118
Cingulum_Ant_L,Amygdala_L,0.1122,0.1117
Precentral_R,Temporal_Pole_Sup_R,0.1122,0.1118
Cingulum_Post_L,Cerebelum_6_L,0.1122,0.1118
Frontal_Sup_Orb_R,Angular_R,0.1122,0.1117
Frontal_Med_Orb_L,Occipital_Sup_R,0.1121,0.1117
Insula_R,Vermis_1_2,0.1121,0.1117
Precentral_L,Temporal_Pole_Sup_R,0.1121,0.1116
Frontal_Inf_Tri_L,Temporal_Pole_Sup_R,0.112,0.1115
Amygdala_R,Occipital_Inf_L,0.112,0.1115
Rectus_L,Cerebelum_4_5_L,0.1119,0.1114
Fusiform_L,Cerebelum_Crus1_L,0.1119,0.1114
Rectus_L,ParaHippocampal_R,0.1119,0.1114
Rectus_L,Pallidum_R,0.1118,0.1113
Temporal_Inf_R,Cerebelum_3_R,0.1118,0.1113
Frontal_Inf_Orb_R,Temporal_Inf_L,0.1118,0.1113
Precentral_R,Frontal_Mid_Orb_L,0.1116,0.1111
Frontal_Mid_Orb_L,Hippocampus_L,0.1116,0.1111
Frontal_Sup_L,Olfactory_L,0.1116,0.1112
Frontal_Mid_Orb_L,Occipital_Sup_L,0.1115,0.1111
Parietal_Inf_R,Cerebelum_6_R,0.1115,0.111
Frontal_Med_Orb_L,Heschl_R,0.1115,0.111
Frontal_Mid_Orb_R,Cingulum_Mid_R,0.1113,0.1108
Frontal_Med_Orb_R,Fusiform_R,0.1112,0.1108
Frontal_Mid_Orb_R,Cingulum_Mid_L,0.1112,0.1108
SupraMarginal_R,Cerebelum_6_R,0.1112,0.1107
Postcentral_L,Cerebelum_6_L,0.1112,0.1107
Frontal_Med_Orb_L,Temporal_Mid_L,0.1112,0.1107
Occipital_Inf_L,Pallidum_R,0.1111,0.1106
Frontal_Med_Orb_R,Cerebelum_6_R,0.1107,0.1102
Lingual_L,Temporal_Inf_R,0.1106,0.1102
Precuneus_L,Cerebelum_3_R,0.1106,0.1102
Frontal_Mid_Orb_R,ParaHippocampal_L,0.1103,0.1098
Frontal_Mid_Orb_R,Cerebelum_6_L,0.1102,0.1098
Frontal_Sup_Orb_L,Paracentral_Lobule_L,0.11,0.1096
Temporal_Pole_Mid_R,Vermis_3,0.11,0.1095
Occipital_Sup_R,Cerebelum_3_L,0.11,0.1095
Olfactory_L,Cerebelum_3_L,0.1099,0.1094
Frontal_Med_Orb_L,Paracentral_Lobule_R,0.1098,0.1094
Putamen_R,Vermis_6,0.1097,0.1093
Frontal_Sup_Medial_R,Occipital_Mid_R,0.1096,0.1092
Hippocampus_L,Vermis_1_2,0.1095,0.109
Cingulum_Mid_L,Amygdala_R,0.1094,0.109
Thalamus_L,Vermis_1_2,0.1093,0.1088
Frontal_Mid_Orb_R,ParaHippocampal_R,0.1092,0.1087
Olfactory_L,Occipital_Sup_R,0.1092,0.1088
Calcarine_R,Cerebelum_6_R,0.1091,0.1086
Angular_R,Cerebelum_6_L,0.1091,0.1086
Frontal_Inf_Orb_L,Temporal_Inf_L,0.109,0.1086
Frontal_Inf_Orb_R,Vermis_6,0.1089,0.1085
Cingulum_Post_L,Amygdala_R,0.1089,0.1085
Postcentral_L,Cerebelum_6_R,0.1089,0.1085
Olfactory_R,Paracentral_Lobule_L,0.1088,0.1084
Rectus_R,Temporal_Inf_L,0.1088,0.1084
Frontal_Sup_Orb_R,ParaHippocampal_R,0.1087,0.1083
Occipital_Inf_L,Temporal_Mid_L,0.1086,0.1082
Frontal_Mid_Orb_R,Cerebelum_6_R,0.1086,0.1082
Frontal_Sup_R,Amygdala_R,0.1086,0.1082
Temporal_Sup_L,Temporal_Pole_Mid_R,0.1086,0.1082
Cerebelum_3_R,Vermis_6,0.1084,0.108
Frontal_Mid_Orb_R,Parietal_Inf_R,0.1083,0.1078
Cingulum_Mid_L,Cerebelum_3_R,0.1081,0.1077
Frontal_Med_Orb_R,Occipital_Inf_L,0.108,0.1076
Temporal_Pole_Sup_L,Temporal_Pole_Mid_L,0.1079,0.1075
Postcentral_L,Cerebelum_3_L,0.1079,0.1075
Frontal_Sup_Medial_L,Amygdala_R,0.1078,0.1073
Caudate_R,Cerebelum_3_R,0.1078,0.1074
Rectus_R,ParaHippocampal_L,0.1078,0.1073
Hippocampus_R,Temporal_Inf_R,0.1077,0.1073
Temporal_Mid_L,Vermis_6,0.1077,0.1073
Occipital_Inf_L,Putamen_R,0.1076,0.1072
SupraMarginal_R,Temporal_Pole_Sup_L,0.1075,0.1071
Rectus_L,Lingual_L,0.1074,0.107
Rectus_R,Amygdala_L,0.1073,0.1069
Frontal_Sup_Orb_L,Paracentral_Lobule_R,0.1073,0.1069
Olfactory_R,Vermis_3,0.1072,0.1068
Cuneus_R,Temporal_Pole_Sup_R,0.1072,0.1068
Heschl_R,Cerebelum_3_R,0.1072,0.1068
Frontal_Inf_Tri_L,Temporal_Inf_L,0.1072,0.1068
Rectus_R,Caudate_R,0.107,0.1066
Cuneus_R,Cerebelum_3_R,0.1066,0.1062
Temporal_Pole_Mid_R,Cerebelum_4_5_R,0.1064,0.106
Cingulum_Mid_R,Cerebelum_6_L,0.1062,0.1058
Cingulum_Ant_R,Cerebelum_6_R,0.1062,0.1058
Cingulum_Post_R,Amygdala_R,0.1061,0.1057
Amygdala_R,Occipital_Sup_L,0.106,0.1056
Cingulum_Mid_R,Temporal_Pole_Sup_L,0.106,0.1056
Parietal_Sup_R,Pallidum_L,0.1059,0.1055
Cingulum_Ant_R,Vermis_6,0.1059,0.1056
Heschl_L,Temporal_Inf_L,0.1058,0.1054
Precuneus_R,Temporal_Pole_Sup_L,0.1057,0.1053
Supp_Motor_Area_L,Olfactory_L,0.1055,0.1051
Rectus_L,Caudate_L,0.1054,0.105
Rectus_L,Temporal_Sup_R,0.1052,0.1049
Frontal_Sup_L,Cerebelum_6_R,0.1051,0.1047
Pallidum_R,Vermis_6,0.105,0.1046
Frontal_Sup_Orb_L,Cuneus_R,0.105,0.1046
Frontal_Mid_L,Temporal_Pole_Sup_R,0.105,0.1046
Olfactory_L,Cingulum_Post_R,0.1046,0.1042
Olfactory_L,Cingulum_Post_L,0.1045,0.1041
Frontal_Med_Orb_L,Precuneus_R,0.1045,0.1041
Rectus_L,Thalamus_L,0.1043,0.104
Rectus_R,Cingulum_Ant_R,0.1043,0.1039
Temporal_Pole_Mid_R,Cerebelum_4_5_L,0.1042,0.1039
Precuneus_L,Cerebelum_6_L,0.1042,0.1038
Occipital_Inf_L,Heschl_R,0.1041,0.1037
Occipital_Sup_L,Temporal_Inf_L,0.104,0.1036
Thalamus_L,Cerebelum_6_R,0.104,0.1037
Rectus_R,Vermis_3,0.1039,0.1035
Temporal_Pole_Mid_R,Cerebelum_6_R,0.1038,0.1034
Amygdala_R,Postcentral_L,0.1037,0.1033
Postcentral_L,Cerebelum_3_R,0.1037,0.1033
Insula_R,Occipital_Inf_L,0.1036,0.1032
Supp_Motor_Area_R,Olfactory_L,0.1034,0.1031
Fusiform_L,Temporal_Pole_Mid_R,0.1034,0.103
Frontal_Mid_Orb_R,Supp_Motor_Area_L,0.1034,0.1031
Occipital_Sup_L,Cerebelum_3_L,0.1033,0.1029
Temporal_Inf_R,Vermis_6,0.1033,0.1029
Cingulum_Mid_L,Temporal_Inf_L,0.1032,0.1028
Rectus_R,Caudate_L,0.1032,0.1029
Hippocampus_R,Amygdala_R,0.1032,0.1028
Vermis_1_2,Vermis_6,0.1031,0.1028
Hippocampus_L,Occipital_Mid_R,0.1031,0.1027
Precentral_L,Cerebelum_6_L,0.103,0.1026
Lingual_R,Temporal_Pole_Mid_R,0.103,0.1026
Frontal_Sup_R,Olfactory_L,0.103,0.1027
Amygdala_R,Vermis_3,0.1029,0.1025
Angular_R,Cerebelum_3_R,0.1029,0.1025
Frontal_Med_Orb_R,Hippocampus_L,0.1026,0.1023
Cingulum_Mid_R,Amygdala_R,0.1026,0.1022
Heschl_R,Temporal_Inf_R,0.1026,0.1023
Occipital_Inf_L,Angular_L,0.1025,0.1022
Supp_Motor_Area_L,Olfactory_R,0.1025,0.1021
Frontal_Med_Orb_L,Cerebelum_6_R,0.1024,0.1021
Frontal_Sup_Orb_L,Cingulum_Mid_R,0.1024,0.102
Fusiform_L,Parietal_Sup_R,0.1023,0.1019
Frontal_Med_Orb_R,Vermis_1_2,0.1022,0.1018
Temporal_Inf_L,Cerebelum_3_R,0.1021,0.1018
Parietal_Sup_L,Cerebelum_3_R,0.102,0.1016
Rectus_R,Occipital_Mid_R,0.102,0.1016
Frontal_Mid_Orb_R,Hippocampus_R,0.1019,0.1016
Hippocampus_R,Vermis_1_2,0.1018,0.1015
Temporal_Inf_L,Vermis_6,0.1017,0.1014
Amygdala_L,SupraMarginal_L,0.1015,0.1011
Frontal_Mid_Orb_L,Temporal_Pole_Mid_R,0.1015,0.1012
Frontal_Mid_Orb_R,Paracentral_Lobule_L,0.1014,0.1011
Cingulum_Mid_L,Cerebelum_6_L,0.1013,0.101
Frontal_Mid_Orb_L,Cingulum_Post_L,0.1012,0.1008
Frontal_Inf_Tri_R,Cerebelum_6_L,0.1012,0.1008
Putamen_R,Vermis_1_2,0.101,0.1007
Temporal_Pole_Mid_R,Cerebelum_3_L,0.1007,0.1004
Olfactory_R,SupraMarginal_L,0.1007,0.1004
Rectus_L,Caudate_R,0.1007,0.1003
Cingulum_Ant_R,Amygdala_L,0.1007,0.1003
Cingulum_Mid_R,Temporal_Inf_L,0.1006,0.1002
SupraMarginal_L,Cerebelum_6_R,0.1006,0.1002
Frontal_Sup_Orb_L,Precuneus_L,0.1005,0.1001
Occipital_Inf_L,Vermis_6,0.1005,0.1002
Putamen_L,Temporal_Pole_Mid_R,0.1004,0.1
Frontal_Inf_Tri_R,Amygdala_R,0.1004,0.1001
Frontal_Mid_Orb_L,Cerebelum_6_R,0.1004,0.1
Hippocampus_L,Vermis_6,0.1003,0.0999
Frontal_Mid_Orb_R,Cuneus_R,0.1002,0.0999
Frontal_Sup_Orb_L,Vermis_1_2,0.1001,0.0998
Frontal_Inf_Oper_L,Amygdala_R,0.1001,0.0997
Paracentral_Lobule_R,Temporal_Pole_Sup_L,0.1001,0.0998
Frontal_Sup_Orb_L,Precuneus_R,0.1,0.0997
Frontal_Inf_Orb_L,Cerebelum_3_R,0.1,0.0996
Occipital_Inf_R,Temporal_Mid_R,0.1,0.0997
Precentral_R,Frontal_Sup_Orb_L,0.1,0.0997
Thalamus_R,Cerebelum_6_R,0.0999,0.0996
Olfactory_L,Angular_R,0.0999,0.0996
Temporal_Pole_Mid_R,Vermis_1_2,0.0999,0.0996
Supp_Motor_Area_R,Olfactory_R,0.0999,0.0996
Olfactory_L,Cingulum_Mid_R,0.0999,0.0996
Frontal_Sup_Orb_L,Vermis_3,0.0998,0.0995
Frontal_Mid_Orb_L,Cerebelum_3_R,0.0998,0.0995
Frontal_Sup_Orb_L,Frontal_Inf_Oper_R,0.0998,0.0994
Cerebelum_6_R,Vermis_1_2,0.0998,0.0995
Frontal_Sup_Orb_R,Hippocampus_L,0.0997,0.0994
ParaHippocampal_R,Amygdala_R,0.0995,0.0992
Amygdala_R,Vermis_1_2,0.0994,0.0991
Rectus_L,Fusiform_L,0.0993,0.099
Cingulum_Post_L,Temporal_Inf_L,0.0992,0.0988
Frontal_Med_Orb_L,SupraMarginal_R,0.0992,0.0988
Rectus_L,Cingulum_Ant_R,0.0991,0.0987
Rolandic_Oper_L,Temporal_Inf_R,0.099,0.0986
Frontal_Sup_Orb_R,Occipital_Mid_R,0.0985,0.0982
Precentral_R,Cerebelum_6_L,0.0985,0.0982
Frontal_Sup_Orb_L,Cerebelum_6_R,0.0984,0.0981
Lingual_R,Occipital_Inf_R,0.0984,0.0981
Cingulum_Post_R,Temporal_Inf_L,0.0982,0.0979
Amygdala_R,SupraMarginal_R,0.0982,0.0979
Cingulum_Ant_L,Vermis_6,0.0981,0.0978
Angular_R,Cerebelum_3_L,0.098,0.0977
Occipital_Sup_L,Cerebelum_6_R,0.0979,0.0976
Frontal_Inf_Tri_L,Olfactory_R,0.0979,0.0976
Fusiform_R,Parietal_Sup_R,0.0977,0.0974
Rolandic_Oper_R,Occipital_Inf_L,0.0977,0.0974
Olfactory_R,Cingulum_Mid_R,0.0976,0.0973
Olfactory_R,Postcentral_L,0.0976,0.0973
Frontal_Mid_Orb_R,Angular_L,0.0976,0.0973
Frontal_Sup_Medial_R,Cerebelum_3_R,0.0975,0.0972
Frontal_Inf_Tri_L,Amygdala_R,0.0975,0.0972
Amygdala_R,Paracentral_Lobule_L,0.0975,0.0972
Temporal_Mid_R,Temporal_Inf_L,0.0975,0.0972
ParaHippocampal_R,Temporal_Pole_Sup_R,0.0973,0.097
Occipital_Mid_R,SupraMarginal_L,0.0973,0.097
Postcentral_R,Cerebelum_6_R,0.0973,0.097
Occipital_Mid_R,Temporal_Mid_L,0.0971,0.0967
Frontal_Inf_Oper_L,Temporal_Inf_L,0.097,0.0967
Cingulum_Ant_R,Vermis_1_2,0.0969,0.0966
Cingulum_Post_R,Temporal_Pole_Sup_R,0.0968,0.0965
Temporal_Pole_Mid_L,Temporal_Pole_Mid_R,0.0967,0.0964
Frontal_Mid_Orb_L,Frontal_Inf_Oper_R,0.0967,0.0964
Supp_Motor_Area_R,Cerebelum_6_R,0.0966,0.0963
Postcentral_L,Temporal_Inf_L,0.0965,0.0962
Frontal_Sup_Orb_L,Angular_R,0.0965,0.0962
Angular_L,Vermis_6,0.0964,0.0961
Olfactory_L,Postcentral_L,0.0963,0.096
Frontal_Sup_Orb_R,Vermis_1_2,0.0963,0.096
Occipital_Mid_R,Cerebelum_3_L,0.0963,0.096
Occipital_Mid_L,Cerebelum_3_R,0.0962,0.0959
Frontal_Sup_R,Olfactory_R,0.0961,0.0958
Amygdala_L,Caudate_R,0.096,0.0957
Paracentral_Lobule_R,Cerebelum_6_L,0.0959,0.0956
Vermis_6,Vermis_7,0.0958,0.0955
Parietal_Sup_R,Cerebelum_3_R,0.0957,0.0954
Olfactory_L,Paracentral_Lobule_R,0.0957,0.0955
Postcentral_L,Temporal_Pole_Sup_R,0.0953,0.095
Angular_R,Temporal_Pole_Sup_L,0.0952,0.095
Temporal_Inf_L,Vermis_1_2,0.0951,0.0948
Frontal_Sup_Orb_L,Occipital_Mid_L,0.0949,0.0947
Cuneus_L,Vermis_6,0.0949,0.0946
Frontal_Sup_Orb_L,Cerebelum_3_L,0.0949,0.0946
Frontal_Sup_L,Olfactory_R,0.0948,0.0945
Olfactory_R,Temporal_Mid_R,0.0944,0.0942
Frontal_Mid_R,Temporal_Inf_L,0.0943,0.094
Cerebelum_Crus1_L,Cerebelum_Crus2_L,0.0943,0.094
Occipital_Inf_R,Cerebelum_6_R,0.0942,0.0939
Cingulum_Ant_L,Temporal_Inf_R,0.0942,0.0939
Cingulum_Mid_L,Temporal_Pole_Sup_R,0.094,0.0937
Calcarine_L,Temporal_Inf_R,0.0939,0.0936
Frontal_Med_Orb_L,Fusiform_R,0.0938,0.0935
Thalamus_L,Temporal_Pole_Sup_R,0.0937,0.0934
Olfactory_R,Occipital_Sup_L,0.0937,0.0934
Frontal_Inf_Oper_R,Occipital_Mid_R,0.0936,0.0933
Parietal_Sup_L,Pallidum_L,0.0934,0.0932
Thalamus_R,Vermis_1_2,0.0934,0.0931
Parietal_Inf_R,Cerebelum_3_R,0.0934,0.0932
Rectus_L,Occipital_Sup_L,0.0934,0.0931
Amygdala_R,SupraMarginal_L,0.0933,0.093
Olfactory_R,Vermis_6,0.0932,0.0929
Frontal_Sup_Orb_L,Temporal_Inf_L,0.093,0.0927
ParaHippocampal_R,Temporal_Inf_R,0.093,0.0927
Rolandic_Oper_R,Temporal_Inf_R,0.0927,0.0924
Frontal_Mid_Orb_L,Postcentral_R,0.0927,0.0924
Frontal_Sup_Orb_L,Hippocampus_L,0.0927,0.0924
Olfactory_R,Occipital_Inf_L,0.0926,0.0923
Rectus_L,Occipital_Mid_L,0.0925,0.0922
Supp_Motor_Area_L,Cerebelum_6_R,0.0924,0.0922
Frontal_Inf_Tri_L,Occipital_Mid_R,0.0923,0.092
Frontal_Inf_Oper_L,Olfactory_R,0.0923,0.092
Olfactory_R,Cingulum_Mid_L,0.0922,0.092
Calcarine_R,Occipital_Inf_L,0.0919,0.0917
Frontal_Sup_R,Temporal_Inf_L,0.0918,0.0915
Occipital_Mid_R,Vermis_3,0.0917,0.0914
Frontal_Sup_R,Cerebelum_6_R,0.0916,0.0913
Frontal_Sup_Orb_L,Temporal_Mid_L,0.0913,0.0911
Olfactory_R,Vermis_1_2,0.0913,0.0911
Frontal_Med_Orb_R,Temporal_Inf_L,0.0912,0.0909
Occipital_Sup_R,Temporal_Inf_R,0.0911,0.0909
Amygdala_R,Vermis_6,0.0911,0.0908
Frontal_Mid_L,Temporal_Inf_L,0.091,0.0908
Precuneus_R,Temporal_Inf_L,0.091,0.0908
Frontal_Inf_Tri_L,Cerebelum_6_R,0.0909,0.0906
Frontal_Mid_Orb_L,Temporal_Inf_R,0.0909,0.0907
Frontal_Inf_Oper_L,Occipital_Mid_R,0.0909,0.0907
Frontal_Mid_L,Rectus_R,0.0906,0.0904
Olfactory_L,Occipital_Inf_L,0.0904,0.0901
Frontal_Mid_Orb_L,Thalamus_R,0.0904,0.0902
Olfactory_L,SupraMarginal_R,0.0903,0.0901
Frontal_Med_Orb_L,Precuneus_L,0.0902,0.09
Amygdala_R,Occipital_Mid_R,0.0901,0.0899
Temporal_Pole_Mid_R,Vermis_6,0.09,0.0897
Occipital_Inf_L,Temporal_Sup_R,0.0898,0.0896
Amygdala_L,Cerebelum_3_R,0.0896,0.0893
Rectus_R,Vermis_1_2,0.0895,0.0892
Amygdala_L,Caudate_L,0.0894,0.0891
Frontal_Inf_Orb_R,Parietal_Sup_L,0.0892,0.089
Rectus_R,Occipital_Sup_R,0.0891,0.0888
Insula_L,Occipital_Inf_L,0.0891,0.0889
Rectus_R,Thalamus_R,0.0891,0.0888
Caudate_L,Cerebelum_3_R,0.089,0.0888
Frontal_Inf_Orb_L,Vermis_6,0.089,0.0888
Postcentral_L,Vermis_6,0.0889,0.0887
Olfactory_L,Frontal_Sup_Medial_R,0.0885,0.0883
Olfactory_R,Hippocampus_R,0.0884,0.0881
Cuneus_L,Cerebelum_6_R,0.0883,0.088
Precentral_L,Amygdala_R,0.0883,0.0881
Heschl_R,Temporal_Pole_Mid_R,0.0881,0.0879
Frontal_Inf_Oper_L,Rectus_R,0.0881,0.0878
Frontal_Mid_Orb_L,Vermis_1_2,0.0881,0.0879
Temporal_Pole_Sup_L,Cerebelum_3_R,0.088,0.0877
Hippocampus_R,Amygdala_L,0.0879,0.0877
Paracentral_Lobule_R,Cerebelum_6_R,0.0879,0.0877
Olfactory_L,Temporal_Pole_Mid_L,0.0879,0.0877
Frontal_Mid_Orb_L,Cerebelum_3_L,0.0879,0.0877
Temporal_Inf_R,Cerebelum_4_5_L,0.0879,0.0876
Rectus_L,Temporal_Mid_L,0.0878,0.0876
Frontal_Med_Orb_L,Thalamus_R,0.0876,0.0874
Frontal_Sup_Orb_L,Occipital_Mid_R,0.0875,0.0873
Cuneus_R,Temporal_Inf_R,0.0874,0.0872
Olfactory_L,Postcentral_R,0.0874,0.0872
Thalamus_L,Vermis_6,0.0874,0.0872
Cingulum_Mid_R,Temporal_Pole_Sup_R,0.0874,0.0872
Frontal_Sup_Orb_L,SupraMarginal_L,0.0874,0.0872
Lingual_L,Temporal_Pole_Mid_R,0.0873,0.087
Rectus_L,Amygdala_R,0.0872,0.087
Frontal_Mid_R,Cerebelum_3_L,0.0872,0.0869
Cingulum_Ant_R,Temporal_Inf_R,0.0872,0.087
Rectus_L,Heschl_L,0.0872,0.087
Frontal_Sup_Orb_R,Temporal_Inf_L,0.087,0.0868
Supp_Motor_Area_L,Temporal_Inf_L,0.0869,0.0866
Olfactory_R,Cingulum_Post_L,0.0868,0.0866
Frontal_Mid_L,Amygdala_R,0.0868,0.0866
Calcarine_L,Occipital_Inf_L,0.0868,0.0866
Frontal_Sup_L,Temporal_Inf_L,0.0868,0.0866
Frontal_Inf_Tri_L,Rectus_R,0.0868,0.0866
Temporal_Pole_Mid_R,Cerebelum_3_R,0.0867,0.0865
Temporal_Sup_L,Cerebelum_Crus1_L,0.0867,0.0865
Frontal_Mid_Orb_L,Hippocampus_R,0.0866,0.0864
Amygdala_R,Cuneus_R,0.0866,0.0864
Occipital_Sup_L,Cerebelum_3_R,0.0865,0.0863
Temporal_Pole_Sup_L,Vermis_1_2,0.0865,0.0863
Heschl_R,Cerebelum_Crus1_L,0.0863,0.086
Postcentral_R,Cerebelum_3_R,0.0862,0.086
Amygdala_L,Cuneus_L,0.0862,0.086
Precuneus_L,Temporal_Inf_L,0.0862,0.086
Fusiform_R,Temporal_Pole_Mid_R,0.0861,0.0859
Precentral_L,Cerebelum_6_R,0.086,0.0858
Rectus_L,Postcentral_L,0.0859,0.0856
Occipital_Inf_L,Putamen_L,0.0859,0.0857
Frontal_Sup_Medial_L,Cerebelum_6_R,0.0859,0.0857
Temporal_Mid_R,Vermis_1_2,0.0858,0.0856
Cingulum_Mid_R,Cerebelum_6_R,0.0857,0.0854
Precuneus_R,Cerebelum_6_R,0.0855,0.0853
Heschl_L,Temporal_Inf_R,0.0854,0.0851
Precentral_L,Temporal_Inf_L,0.0854,0.0852
Cerebelum_Crus1_L,Cerebelum_4_5_L,0.0853,0.0851
Frontal_Inf_Orb_R,Temporal_Inf_R,0.0853,0.085
Pallidum_L,Temporal_Pole_Mid_R,0.085,0.0848
Frontal_Sup_Medial_L,Temporal_Inf_L,0.085,0.0848
Rectus_L,Angular_R,0.0849,0.0847
Frontal_Med_Orb_R,Parietal_Sup_L,0.0849,0.0847
Frontal_Mid_Orb_L,Cingulum_Mid_L,0.0848,0.0846
Cingulum_Mid_L,Vermis_1_2,0.0847,0.0845
Insula_R,Cerebelum_Crus1_L,0.0847,0.0845
Cerebelum_Crus1_R,Cerebelum_6_R,0.0846,0.0844
Frontal_Mid_R,Amygdala_R,0.0846,0.0844
Putamen_R,Temporal_Pole_Mid_R,0.0845,0.0843
Thalamus_R,Vermis_6,0.0845,0.0843
Frontal_Sup_Orb_L,ParaHippocampal_R,0.0845,0.0843
Frontal_Sup_Medial_R,Temporal_Inf_L,0.0844,0.0842
Frontal_Mid_Orb_L,Angular_L,0.0844,0.0842
Olfactory_L,Precuneus_R,0.0843,0.0841
Frontal_Sup_Orb_L,Thalamus_R,0.0841,0.0839
Rectus_R,SupraMarginal_L,0.0841,0.0839
Frontal_Inf_Orb_R,Occipital_Mid_R,0.084,0.0838
Frontal_Mid_R,Olfactory_R,0.084,0.0838
Olfactory_R,Cingulum_Post_R,0.084,0.0838
Frontal_Mid_Orb_R,Occipital_Mid_L,0.0838,0.0836
Frontal_Mid_Orb_L,Parietal_Inf_L,0.0838,0.0836
Occipital_Sup_L,Vermis_6,0.0837,0.0835
Cerebelum_Crus1_L,Vermis_7,0.0836,0.0834
Olfactory_L,Angular_L,0.0836,0.0834
Occipital_Inf_L,Caudate_L,0.0835,0.0833
Frontal_Med_Orb_L,Vermis_1_2,0.0835,0.0833
Occipital_Inf_L,Temporal_Pole_Sup_L,0.0834,0.0832
Temporal_Pole_Sup_R,Temporal_Pole_Mid_L,0.0834,0.0832
Lingual_L,Cerebelum_Crus1_L,0.0834,0.0832
Frontal_Sup_Orb_L,Occipital_Sup_R,0.0833,0.0831
Precentral_L,Cerebelum_3_L,0.0832,0.083
Fusiform_L,Temporal_Inf_R,0.0832,0.083
Frontal_Sup_L,Rectus_R,0.0832,0.083
Frontal_Sup_Orb_R,Cerebelum_3_R,0.0831,0.0829
Frontal_Sup_Orb_R,Hippocampus_R,0.0831,0.0829
Parietal_Inf_L,Temporal_Inf_L,0.0831,0.0829
Heschl_L,Cerebelum_Crus1_L,0.0831,0.0829
SupraMarginal_L,Vermis_6,0.083,0.0828
Olfactory_L,Frontal_Sup_Medial_L,0.0829,0.0827
Cingulum_Ant_R,Temporal_Pole_Mid_R,0.0828,0.0826
Frontal_Sup_Orb_L,Vermis_6,0.0828,0.0826
Frontal_Sup_Orb_L,Angular_L,0.0828,0.0826
Precentral_R,Cerebelum_3_L,0.0827,0.0825
Olfactory_R,Cerebelum_3_R,0.0827,0.0825
Paracentral_Lobule_L,Temporal_Inf_L,0.0827,0.0825
Cuneus_L,Temporal_Inf_R,0.0826,0.0824
Frontal_Mid_Orb_L,Cingulum_Mid_R,0.0826,0.0824
Frontal_Mid_Orb_R,SupraMarginal_R,0.0826,0.0824
Frontal_Inf_Orb_R,Occipital_Inf_L,0.0825,0.0823
Supp_Motor_Area_L,Rectus_R,0.0825,0.0823
Rectus_R,Angular_L,0.0824,0.0822
Frontal_Mid_Orb_L,SupraMarginal_L,0.0822,0.082
Occipital_Mid_L,Temporal_Inf_R,0.0822,0.082
Temporal_Pole_Sup_L,Temporal_Inf_R,0.0817,0.0815
SupraMarginal_L,Temporal_Pole_Sup_R,0.0817,0.0815
Frontal_Mid_Orb_R,Cerebelum_3_R,0.0816,0.0814
Cingulum_Post_L,Temporal_Pole_Sup_R,0.0816,0.0814
Precentral_R,Cerebelum_3_R,0.0815,0.0814
Frontal_Mid_L,Cerebelum_6_R,0.0814,0.0813
Frontal_Sup_Orb_R,Parietal_Sup_L,0.0811,0.0809
Precuneus_R,Vermis_6,0.081,0.0808
Frontal_Mid_R,Cerebelum_6_R,0.081,0.0808
Frontal_Med_Orb_L,Parietal_Inf_R,0.0808,0.0807
Temporal_Pole_Mid_L,Cerebelum_3_L,0.0808,0.0806
Frontal_Sup_L,Amygdala_L,0.0807,0.0805
Frontal_Inf_Oper_L,Cerebelum_6_R,0.0807,0.0805
Olfactory_R,Frontal_Sup_Medial_L,0.0805,0.0803
Rectus_L,Vermis_3,0.0805,0.0803
Calcarine_L,Vermis_6,0.0804,0.0802
Frontal_Mid_R,Cerebelum_3_R,0.0803,0.0801
Caudate_R,Cerebelum_6_R,0.0803,0.0802
Insula_L,Vermis_1_2,0.0802,0.08
Occipital_Mid_R,Cerebelum_6_R,0.0802,0.08
Frontal_Sup_Medial_R,Cerebelum_6_R,0.0801,0.08
Frontal_Inf_Tri_R,Temporal_Pole_Mid_R,0.08,0.0799
Frontal_Mid_Orb_R,Vermis_1_2,0.0799,0.0798
Olfactory_L,Cerebelum_3_R,0.0797,0.0795
Caudate_L,Cerebelum_6_R,0.0796,0.0794
Frontal_Sup_Orb_L,SupraMarginal_R,0.0795,0.0793
Frontal_Sup_Orb_R,Cerebelum_Crus1_L,0.0794,0.0793
Temporal_Pole_Sup_L,Cerebelum_Crus1_L,0.0794,0.0792
Rectus_L,Temporal_Pole_Mid_R,0.0794,0.0793
Olfactory_L,Cingulum_Mid_L,0.0793,0.0791
Paracentral_Lobule_R,Temporal_Inf_L,0.0793,0.0792
Rectus_L,Cerebelum_3_L,0.0792,0.079
Supp_Motor_Area_R,Temporal_Inf_L,0.0792,0.079
Occipital_Inf_L,Cerebelum_3_L,0.0792,0.0791
Frontal_Sup_Orb_R,ParaHippocampal_L,0.0792,0.079
Frontal_Sup_L,Vermis_6,0.0791,0.079
Amygdala_L,Occipital_Mid_R,0.0788,0.0786
Angular_R,Temporal_Pole_Sup_R,0.0787,0.0785
Frontal_Mid_L,Cerebelum_3_L,0.0787,0.0785
Cerebelum_Crus1_L,Vermis_6,0.0787,0.0785
Frontal_Sup_Orb_L,Parietal_Inf_L,0.0787,0.0785
Pallidum_L,Vermis_1_2,0.0787,0.0786
Rectus_L,ParaHippocampal_L,0.0786,0.0784
Amygdala_R,Cerebelum_Crus1_L,0.0785,0.0783
Frontal_Med_Orb_L,Occipital_Inf_L,0.0781,0.0779
Frontal_Med_Orb_R,ParaHippocampal_L,0.0779,0.0778
Rolandic_Oper_L,Vermis_1_2,0.0778,0.0776
Occipital_Inf_L,Thalamus_R,0.0777,0.0775
ParaHippocampal_R,Temporal_Pole_Mid_L,0.0776,0.0775
Rectus_R,Hippocampus_L,0.0776,0.0775
Olfactory_R,Paracentral_Lobule_R,0.0775,0.0773
Temporal_Sup_L,Temporal_Inf_R,0.0774,0.0772
Cingulum_Ant_L,Temporal_Pole_Mid_R,0.0774,0.0772
Paracentral_Lobule_L,Temporal_Pole_Sup_R,0.0772,0.077
Frontal_Sup_Orb_L,Temporal_Inf_R,0.0771,0.077
Frontal_Mid_Orb_L,Cuneus_R,0.0771,0.077
Occipital_Inf_L,Temporal_Mid_R,0.0771,0.0769
Precuneus_L,Cerebelum_6_R,0.0769,0.0768
Frontal_Sup_L,Temporal_Inf_R,0.0768,0.0767
Rectus_L,Hippocampus_L,0.0767,0.0766
Putamen_L,Vermis_1_2,0.0766,0.0765
Amygdala_L,Angular_L,0.0766,0.0764
Rectus_L,Cingulum_Post_R,0.0766,0.0765
Rectus_R,Temporal_Pole_Mid_L,0.0765,0.0763
Paracentral_Lobule_L,Vermis_6,0.0765,0.0763
ParaHippocampal_R,Amygdala_L,0.0765,0.0763
Frontal_Mid_Orb_L,ParaHippocampal_R,0.0765,0.0764
Frontal_Inf_Tri_L,Vermis_6,0.0764,0.0762
Occipital_Inf_L,Fusiform_R,0.0764,0.0762
Insula_L,Temporal_Inf_R,0.0762,0.0761
Amygdala_R,Angular_L,0.0761,0.0759
Amygdala_R,Temporal_Inf_R,0.076,0.0759
Rectus_R,Vermis_6,0.0759,0.0758
Frontal_Med_Orb_R,Temporal_Inf_R,0.0759,0.0758
Frontal_Mid_Orb_R,Angular_R,0.0759,0.0757
Temporal_Inf_L,Temporal_Inf_R,0.0758,0.0756
Fusiform_R,Cerebelum_Crus1_L,0.0758,0.0756
Parietal_Sup_R,Cerebelum_6_R,0.0756,0.0754
Insula_L,Occipital_Inf_R,0.0754,0.0752
Frontal_Med_Orb_L,Parietal_Inf_L,0.0754,0.0752
Rectus_R,Postcentral_L,0.0754,0.0753
Paracentral_Lobule_L,Temporal_Inf_R,0.0753,0.0752
Rectus_L,Temporal_Pole_Mid_L,0.0753,0.0751
Parietal_Inf_R,Temporal_Pole_Sup_L,0.0752,0.0751
Paracentral_Lobule_L,Vermis_1_2,0.0752,0.0751
Frontal_Med_Orb_R,Cerebelum_3_R,0.0752,0.075
Parietal_Inf_R,Vermis_6,0.0752,0.075
Temporal_Pole_Sup_R,Temporal_Inf_L,0.075,0.0749
Rectus_L,Thalamus_R,0.075,0.0748
Occipital_Inf_L,Cerebelum_4_5_R,0.075,0.0748
Precentral_L,Olfactory_R,0.0749,0.0747
Frontal_Mid_Orb_L,Precuneus_L,0.0748,0.0746
Olfactory_R,Occipital_Mid_R,0.0747,0.0745
Occipital_Inf_R,Temporal_Sup_R,0.0746,0.0745
Parietal_Sup_L,Cerebelum_6_L,0.0746,0.0744
Frontal_Inf_Tri_L,Amygdala_L,0.0746,0.0745
Frontal_Inf_Tri_R,Cerebelum_6_R,0.0745,0.0744
Frontal_Inf_Oper_R,Rectus_L,0.0743,0.0742
Supp_Motor_Area_L,Rectus_L,0.0742,0.074
Cerebelum_Crus1_L,Vermis_4_5,0.0741,0.074
Cingulum_Mid_R,Vermis_1_2,0.074,0.0739
Hippocampus_L,Temporal_Pole_Sup_R,0.0737,0.0736
Cingulum_Mid_L,Cerebelum_6_R,0.0737,0.0736
ParaHippocampal_R,Vermis_6,0.0737,0.0735
Angular_L,Cerebelum_6_R,0.0735,0.0734
Frontal_Inf_Orb_R,Cerebelum_Crus1_R,0.0735,0.0734
Vermis_9,Vermis_10,0.0734,0.0733
Occipital_Sup_L,Temporal_Inf_R,0.0733,0.0732
Precuneus_L,Vermis_6,0.0733,0.0732
Frontal_Mid_Orb_R,Occipital_Sup_R,0.0732,0.0731
SupraMarginal_R,Vermis_1_2,0.0732,0.0731
Occipital_Inf_L,Heschl_L,0.073,0.0728
Lingual_R,Cerebelum_Crus1_L,0.073,0.0729
Amygdala_L,SupraMarginal_R,0.0727,0.0726
Occipital_Inf_L,Vermis_3,0.0727,0.0726
Frontal_Inf_Tri_R,Occipital_Mid_R,0.0724,0.0723
Frontal_Inf_Tri_R,Temporal_Inf_L,0.0724,0.0723
Frontal_Mid_Orb_L,Paracentral_Lobule_L,0.0724,0.0722
Frontal_Sup_Orb_L,Cerebelum_3_R,0.0724,0.0723
Frontal_Med_Orb_R,Hippocampus_R,0.0724,0.0723
Amygdala_R,Postcentral_R,0.0723,0.0721
Frontal_Mid_L,Olfactory_R,0.0723,0.0722
Frontal_Mid_Orb_L,Angular_R,0.0721,0.0719
Frontal_Inf_Orb_L,Vermis_1_2,0.072,0.0719
Frontal_Inf_Oper_R,Cerebelum_3_L,0.072,0.0719
Caudate_L,Vermis_1_2,0.072,0.0719
Frontal_Inf_Oper_R,Cerebelum_6_L,0.0719,0.0718
Occipital_Sup_L,Occipital_Inf_R,0.0718,0.0717
Frontal_Sup_Orb_R,Cerebelum_Crus1_R,0.0718,0.0717
Precentral_L,Vermis_6,0.0718,0.0717
Caudate_L,Vermis_6,0.0717,0.0716
Frontal_Sup_R,Vermis_6,0.0717,0.0716
Heschl_L,Cerebelum_3_R,0.0716,0.0714
Frontal_Mid_Orb_L,Precuneus_R,0.0716,0.0715
Cerebelum_Crus1_L,Cerebelum_4_5_R,0.0716,0.0715
Rolandic_Oper_L,Occipital_Inf_L,0.0715,0.0713
Olfactory_L,Precuneus_L,0.0715,0.0714
Precentral_R,Olfactory_L,0.0715,0.0713
Paracentral_Lobule_R,Temporal_Pole_Sup_R,0.0713,0.0712
Amygdala_L,Temporal_Inf_R,0.0712,0.0711
Olfactory_L,SupraMarginal_L,0.0712,0.0711
Paracentral_Lobule_R,Temporal_Inf_R,0.0711,0.071
Amygdala_R,Precuneus_R,0.071,0.0709
Occipital_Inf_L,Pallidum_L,0.071,0.0709
Hippocampus_R,Temporal_Pole_Sup_R,0.0709,0.0708
Thalamus_R,Temporal_Pole_Sup_R,0.0709,0.0707
Frontal_Mid_Orb_L,Paracentral_Lobule_R,0.0709,0.0707
Frontal_Inf_Oper_R,Cerebelum_3_R,0.0709,0.0708
Frontal_Inf_Orb_L,Temporal_Inf_R,0.0707,0.0706
Cingulum_Post_R,Cerebelum_6_R,0.0706,0.0705
Caudate_R,Vermis_6,0.0706,0.0705
Olfactory_R,Parietal_Inf_L,0.0705,0.0704
Cuneus_L,Occipital_Inf_R,0.0704,0.0703
Frontal_Inf_Oper_R,Olfactory_L,0.0703,0.0702
Olfactory_R,Occipital_Inf_R,0.0703,0.0701
Amygdala_R,Paracentral_Lobule_R,0.0703,0.0702
Caudate_R,Vermis_1_2,0.0703,0.0702
Calcarine_R,Temporal_Pole_Mid_R,0.0702,0.0701
Precentral_L,Cerebelum_3_R,0.0701,0.07
Frontal_Mid_L,Cerebelum_3_R,0.0701,0.07
SupraMarginal_L,Vermis_1_2,0.07,0.0699
Frontal_Inf_Tri_R,Rectus_R,0.0699,0.0698
Occipital_Sup_L,Occipital_Inf_L,0.0699,0.0698
ParaHippocampal_R,Temporal_Pole_Mid_R,0.0699,0.0697
ParaHippocampal_L,Cerebelum_Crus1_L,0.0697,0.0696
Frontal_Inf_Tri_R,Vermis_6,0.0697,0.0696
Occipital_Sup_R,Temporal_Pole_Sup_R,0.0694,0.0693
Frontal_Sup_Medial_L,Vermis_1_2,0.0694,0.0693
Frontal_Mid_Orb_L,Temporal_Inf_L,0.0693,0.0692
Frontal_Inf_Oper_L,Rectus_L,0.0692,0.0691
Cingulum_Ant_R,Occipital_Inf_L,0.0691,0.069
Frontal_Mid_Orb_L,Occipital_Mid_R,0.0691,0.069
Frontal_Inf_Tri_L,Rectus_L,0.069,0.0689
Olfactory_R,Angular_L,0.0689,0.0688
Amygdala_L,Occipital_Inf_L,0.0687,0.0685
Occipital_Inf_L,Thalamus_L,0.0686,0.0685
Rectus_L,Temporal_Inf_R,0.0686,0.0685
Occipital_Inf_R,Vermis_4_5,0.0686,0.0685
Frontal_Inf_Tri_R,Olfactory_L,0.0685,0.0684
Occipital_Mid_L,Temporal_Pole_Sup_R,0.0685,0.0684
Rectus_L,Vermis_1_2,0.0683,0.0682
Insula_R,Temporal_Inf_R,0.068,0.0679
Occipital_Inf_R,Heschl_L,0.068,0.0679
Temporal_Pole_Mid_L,Cerebelum_4_5_L,0.0679,0.0678
Calcarine_L,Cerebelum_6_R,0.0678,0.0677
SupraMarginal_R,Temporal_Pole_Mid_R,0.0676,0.0674
Rolandic_Oper_L,Cerebelum_Crus1_L,0.0676,0.0675
Frontal_Sup_L,Vermis_1_2,0.0675,0.0674
Frontal_Inf_Orb_L,Occipital_Inf_R,0.0674,0.0673
Angular_R,Temporal_Inf_R,0.0673,0.0672
Cingulum_Ant_L,Occipital_Inf_L,0.0673,0.0672
Amygdala_R,Occipital_Sup_R,0.0673,0.0672
Frontal_Inf_Orb_L,Parietal_Sup_R,0.0672,0.0671
SupraMarginal_R,Vermis_6,0.0672,0.0671
Rectus_L,Cingulum_Post_L,0.0671,0.067
Frontal_Inf_Oper_L,Vermis_6,0.0671,0.067
Frontal_Inf_Orb_R,Vermis_1_2,0.0671,0.067
Frontal_Mid_Orb_R,Occipital_Mid_R,0.0671,0.067
Olfactory_R,Frontal_Sup_Medial_R,0.0667,0.0666
Occipital_Mid_L,Vermis_1_2,0.0667,0.0666
Amygdala_R,Temporal_Pole_Mid_L,0.0666,0.0665
Pallidum_R,Cerebelum_Crus1_L,0.0666,0.0665
Cingulum_Post_R,Vermis_1_2,0.0666,0.0665
Olfactory_R,Precuneus_R,0.0666,0.0665
Temporal_Inf_R,Cerebelum_6_R,0.0666,0.0665
Frontal_Sup_Orb_L,Parietal_Inf_R,0.0665,0.0664
Precentral_R,Amygdala_R,0.0665,0.0665
Frontal_Inf_Tri_R,Olfactory_R,0.0664,0.0663
Fusiform_L,Temporal_Pole_Mid_L,0.0663,0.0662
Rectus_L,Precuneus_R,0.0663,0.0662
Caudate_R,Temporal_Pole_Mid_R,0.0661,0.066
Rectus_L,Cingulum_Mid_L,0.066,0.0659
Cingulum_Post_L,Cerebelum_6_R,0.0659,0.0658
Occipital_Sup_R,Occipital_Inf_R,0.0658,0.0657
Frontal_Sup_Medial_R,Occipital_Inf_L,0.0658,0.0657
Amygdala_L,Occipital_Sup_L,0.0658,0.0657
Occipital_Inf_R,Cerebelum_4_5_R,0.0656,0.0655
Insula_L,Cerebelum_Crus1_L,0.0655,0.0654
Frontal_Inf_Tri_L,Olfactory_L,0.0655,0.0654
Frontal_Mid_Orb_R,Parietal_Sup_L,0.0654,0.0653
Precentral_R,Cerebelum_6_R,0.0654,0.0653
Rectus_L,SupraMarginal_L,0.0653,0.0652
Occipital_Inf_R,Angular_R,0.0652,0.0651
Frontal_Sup_Orb_R,Occipital_Inf_L,0.065,0.0649
Rectus_R,Occipital_Inf_L,0.065,0.0649
Frontal_Mid_R,Olfactory_L,0.065,0.0649
Putamen_L,Cerebelum_Crus1_L,0.0649,0.0648
Cerebelum_Crus2_L,Vermis_7,0.0649,0.0649
Occipital_Mid_R,Temporal_Inf_L,0.0649,0.0648
Frontal_Mid_R,Amygdala_L,0.0648,0.0647
Hippocampus_L,Occipital_Inf_L,0.0648,0.0647
Frontal_Sup_R,Occipital_Inf_L,0.0647,0.0646
Calcarine_R,Temporal_Inf_R,0.0647,0.0646
Postcentral_R,Vermis_6,0.0647,0.0646
Cingulum_Post_R,Occipital_Inf_L,0.0647,0.0646
Supp_Motor_Area_R,Rectus_R,0.0647,0.0647
Occipital_Inf_R,Cerebelum_4_5_L,0.0647,0.0646
Temporal_Pole_Sup_R,Cerebelum_Crus1_L,0.0647,0.0646
Rectus_L,Paracentral_Lobule_L,0.0646,0.0645
Frontal_Mid_Orb_L,Vermis_6,0.0645,0.0644
Cingulum_Post_R,Vermis_6,0.0643,0.0642
Rectus_L,Temporal_Inf_L,0.0642,0.0641
Putamen_R,Temporal_Inf_R,0.0642,0.0641
Rectus_R,Cingulum_Mid_L,0.0642,0.0641
Rectus_L,Precuneus_L,0.0641,0.064
Insula_R,Temporal_Pole_Mid_L,0.064,0.0639
Olfactory_R,Temporal_Pole_Mid_L,0.0639,0.0638
Frontal_Mid_R,Rectus_R,0.0638,0.0637
Calcarine_L,Temporal_Pole_Mid_R,0.0638,0.0637
Occipital_Inf_L,Cerebelum_6_R,0.0638,0.0637
Frontal_Med_Orb_L,Temporal_Inf_R,0.0638,0.0637
Frontal_Inf_Oper_R,Cerebelum_6_R,0.0637,0.0636
Frontal_Inf_Oper_R,Temporal_Inf_L,0.0637,0.0636
Temporal_Sup_R,Cerebelum_Crus1_L,0.0637,0.0636
Rolandic_Oper_R,Cerebelum_Crus1_L,0.0635,0.0634
Olfactory_L,Cerebelum_Crus1_L,0.0634,0.0633
Amygdala_R,Precuneus_L,0.0632,0.0631
Frontal_Inf_Orb_L,Cerebelum_Crus1_L,0.0632,0.0631
Amygdala_R,Cerebelum_Crus1_R,0.0632,0.0632
Cuneus_R,Occipital_Inf_L,0.063,0.0629
Frontal_Inf_Tri_L,Temporal_Pole_Mid_R,0.063,0.0629
Frontal_Mid_Orb_L,Cerebelum_Crus1_R,0.063,0.0629
Frontal_Sup_L,Rectus_L,0.0629,0.0628
Temporal_Mid_L,Temporal_Pole_Mid_L,0.0628,0.0627
Paracentral_Lobule_R,Vermis_6,0.0628,0.0627
Frontal_Mid_Orb_R,Vermis_6,0.0626,0.0625
Rectus_R,Cerebelum_Crus1_L,0.0626,0.0625
Occipital_Inf_R,Putamen_R,0.0626,0.0625
Olfactory_L,Occipital_Inf_R,0.0626,0.0625
Cerebelum_3_L,Vermis_7,0.0625,0.0624
Temporal_Pole_Mid_L,Vermis_4_5,0.0625,0.0624
Olfactory_R,Precuneus_L,0.0624,0.0623
Frontal_Mid_R,Temporal_Pole_Mid_R,0.0621,0.062
Precuneus_R,Temporal_Pole_Sup_R,0.0621,0.062
Olfactory_L,Parietal_Inf_L,0.062,0.0619
Frontal_Inf_Orb_L,Occipital_Inf_L,0.062,0.0619
Occipital_Inf_R,Cerebelum_Crus1_L,0.0619,0.0618
Putamen_R,Cerebelum_Crus1_L,0.0618,0.0618
Amygdala_L,Cuneus_R,0.0618,0.0617
Frontal_Sup_Medial_L,Temporal_Inf_R,0.0617,0.0616
Temporal_Pole_Sup_R,Vermis_7,0.0617,0.0617
Parietal_Sup_R,Cerebelum_6_L,0.0617,0.0616
Frontal_Mid_R,Vermis_6,0.0615,0.0614
Amygdala_L,Cerebelum_Crus1_L,0.0615,0.0614
Supp_Motor_Area_R,Rectus_L,0.0614,0.0614
Frontal_Inf_Orb_L,Cerebelum_Crus1_R,0.0614,0.0613
Frontal_Sup_Medial_R,Temporal_Inf_R,0.0614,0.0614
SupraMarginal_R,Temporal_Inf_L,0.0613,0.0613
Caudate_L,Temporal_Pole_Mid_R,0.0612,0.0611
Olfactory_R,SupraMarginal_R,0.0611,0.061
Cingulum_Post_L,Vermis_6,0.061,0.0609
Rectus_L,Postcentral_R,0.0609,0.0609
Precentral_R,Rectus_L,0.0607,0.0606
Temporal_Pole_Mid_L,Temporal_Inf_L,0.0606,0.0605
Occipital_Sup_R,Cerebelum_3_R,0.0606,0.0605
Parietal_Inf_L,Vermis_1_2,0.0605,0.0604
Frontal_Mid_L,Amygdala_L,0.0604,0.0603
Insula_R,Cerebelum_Crus1_R,0.0604,0.0603
Paracentral_Lobule_R,Vermis_1_2,0.0603,0.0602
Frontal_Inf_Tri_R,Cerebelum_3_R,0.0601,0.06
Occipital_Inf_L,Caudate_R,0.0601,0.0601
Frontal_Sup_Medial_L,Vermis_6,0.06,0.0599
Frontal_Inf_Orb_L,Temporal_Pole_Mid_L,0.0599,0.0598
Amygdala_L,Postcentral_L,0.0599,0.0599
Occipital_Mid_R,Occipital_Inf_L,0.0598,0.0597
Temporal_Pole_Mid_L,Cerebelum_4_5_R,0.0597,0.0596
Rectus_R,Angular_R,0.0597,0.0596
Angular_L,Vermis_1_2,0.0597,0.0596
Frontal_Mid_L,Vermis_6,0.0596,0.0595
Parietal_Sup_L,Vermis_6,0.0596,0.0595
Postcentral_R,Temporal_Inf_L,0.0596,0.0595
Cingulum_Mid_R,Vermis_6,0.0595,0.0594
Frontal_Inf_Orb_R,Cerebelum_Crus1_L,0.0594,0.0593
Frontal_Inf_Oper_R,Amygdala_R,0.0594,0.0593
ParaHippocampal_L,Temporal_Pole_Mid_L,0.0594,0.0593
Cingulum_Post_L,Vermis_1_2,0.0592,0.0591
Amygdala_R,Parietal_Inf_R,0.0591,0.0591
Rectus_R,Cingulum_Post_R,0.0591,0.059
Olfactory_R,Postcentral_R,0.059,0.059
Frontal_Inf_Tri_R,Cerebelum_3_L,0.0589,0.0588
Temporal_Pole_Mid_R,Temporal_Inf_R,0.0589,0.0589
Rectus_R,Cingulum_Post_L,0.0588,0.0587
Precentral_L,Olfactory_L,0.0587,0.0587
Amygdala_R,Occipital_Inf_R,0.0586,0.0585
Rectus_L,Cerebelum_6_L,0.0586,0.0586
Rectus_L,Cerebelum_3_R,0.0585,0.0585
Frontal_Mid_Orb_L,Occipital_Sup_R,0.0584,0.0584
Frontal_Sup_Medial_L,Amygdala_L,0.0583,0.0582
Frontal_Sup_Orb_L,Temporal_Pole_Mid_L,0.0583,0.0582
Cingulum_Mid_L,Vermis_6,0.0583,0.0582
Occipital_Sup_R,Temporal_Inf_L,0.0583,0.0582
Temporal_Pole_Mid_L,Vermis_3,0.0583,0.0582
Frontal_Med_Orb_R,Parietal_Sup_R,0.0582,0.0581
Frontal_Mid_Orb_R,Temporal_Inf_L,0.0581,0.058
Pallidum_L,Temporal_Inf_R,0.058,0.0579
Frontal_Inf_Tri_R,Rectus_L,0.0579,0.0579
Cerebelum_6_R,Vermis_7,0.0578,0.0577
Frontal_Mid_Orb_L,Temporal_Pole_Mid_L,0.0575,0.0575
Frontal_Mid_L,Olfactory_L,0.0574,0.0574
Frontal_Sup_Orb_L,Cerebelum_Crus1_L,0.0574,0.0574
Temporal_Pole_Mid_L,Cerebelum_6_L,0.0574,0.0573
Frontal_Sup_Orb_R,Parietal_Sup_R,0.0573,0.0572
Pallidum_R,Temporal_Pole_Mid_R,0.0573,0.0572
Pallidum_L,Cerebelum_Crus1_L,0.0573,0.0573
Rectus_L,Hippocampus_R,0.0573,0.0572
Frontal_Mid_L,Rectus_L,0.0573,0.0572
Olfactory_L,Parietal_Inf_R,0.0572,0.0571
Cingulum_Ant_L,Cerebelum_Crus1_L,0.057,0.057
Frontal_Sup_L,Cerebelum_Crus1_L,0.057,0.0569
Frontal_Med_Orb_L,Hippocampus_L,0.057,0.0569
Frontal_Sup_Orb_R,Temporal_Pole_Mid_L,0.0569,0.0569
Frontal_Sup_R,Amygdala_L,0.0567,0.0567
Occipital_Sup_R,Occipital_Inf_L,0.0567,0.0566
Occipital_Inf_R,Heschl_R,0.0566,0.0566
Frontal_Sup_R,Vermis_1_2,0.0566,0.0565
Frontal_Inf_Tri_R,Amygdala_L,0.0565,0.0564
Frontal_Sup_R,Rectus_R,0.0565,0.0564
Frontal_Inf_Oper_L,Cerebelum_Crus1_L,0.0563,0.0563
Precuneus_L,Vermis_1_2,0.056,0.0559
Cuneus_L,Temporal_Pole_Mid_R,0.0558,0.0557
Amygdala_R,Parietal_Inf_L,0.0557,0.0556
Heschl_L,Temporal_Pole_Mid_R,0.0556,0.0556
Frontal_Med_Orb_R,Cerebelum_Crus1_R,0.0555,0.0555
Supp_Motor_Area_R,Temporal_Inf_R,0.0554,0.0554
Frontal_Mid_Orb_L,Cerebelum_Crus1_L,0.0553,0.0552
Rectus_R,Paracentral_Lobule_L,0.0553,0.0553
Rolandic_Oper_L,Temporal_Pole_Mid_R,0.0549,0.0548
Heschl_R,Temporal_Pole_Mid_L,0.0548,0.0547
Temporal_Inf_R,Vermis_1_2,0.0547,0.0547
Frontal_Mid_Orb_L,ParaHippocampal_L,0.0547,0.0547
Temporal_Pole_Mid_L,Vermis_1_2,0.0544,0.0544
Frontal_Med_Orb_R,ParaHippocampal_R,0.0543,0.0543
Precentral_L,Rectus_R,0.0543,0.0543
Frontal_Inf_Tri_L,Cerebelum_Crus1_L,0.0543,0.0543
Cingulum_Post_R,Temporal_Inf_R,0.0543,0.0542
Occipital_Inf_R,Cerebelum_6_L,0.0542,0.0541
Supp_Motor_Area_L,Vermis_6,0.0541,0.0541
Frontal_Sup_R,Rectus_L,0.0541,0.054
Frontal_Sup_Medial_L,Rectus_R,0.0541,0.0541
Precentral_R,Temporal_Inf_L,0.054,0.054
Cerebelum_4_5_R,Vermis_10,0.0538,0.0537
Frontal_Sup_R,Temporal_Pole_Mid_R,0.0538,0.0537
Frontal_Sup_Medial_R,Vermis_6,0.0537,0.0536
Occipital_Mid_R,Cerebelum_3_R,0.0536,0.0535
Cuneus_R,Occipital_Inf_R,0.0535,0.0535
Temporal_Sup_L,Temporal_Pole_Mid_L,0.0532,0.0531
Frontal_Sup_Medial_R,Temporal_Pole_Mid_R,0.053,0.0529
Lingual_L,Temporal_Pole_Mid_L,0.053,0.0529
Hippocampus_R,Temporal_Pole_Mid_R,0.0529,0.0528
Frontal_Inf_Oper_R,Temporal_Pole_Mid_R,0.0529,0.0529
Frontal_Med_Orb_R,Occipital_Inf_R,0.0528,0.0527
Frontal_Med_Orb_R,Cerebelum_Crus1_L,0.0527,0.0526
Rectus_R,Occipital_Inf_R,0.0526,0.0525
Rectus_L,Parietal_Inf_L,0.0525,0.0524
Frontal_Med_Orb_L,Cerebelum_Crus1_L,0.0525,0.0524
Insula_L,Temporal_Pole_Mid_L,0.0524,0.0523
ParaHippocampal_L,Temporal_Pole_Sup_R,0.0524,0.0523
Olfactory_R,Occipital_Sup_R,0.0523,0.0522
Frontal_Mid_R,Rectus_L,0.0522,0.0521
Rectus_L,Paracentral_Lobule_R,0.052,0.052
Hippocampus_L,Temporal_Pole_Mid_R,0.052,0.0519
Occipital_Inf_R,Temporal_Sup_L,0.052,0.052
Supp_Motor_Area_R,Vermis_6,0.052,0.0519
Rectus_R,Cerebelum_3_R,0.0518,0.0518
Parietal_Sup_R,Vermis_6,0.0516,0.0515
Cerebelum_4_5_L,Vermis_10,0.0515,0.0514
Occipital_Inf_R,Temporal_Pole_Sup_L,0.0515,0.0515
Precuneus_R,Vermis_1_2,0.0515,0.0515
Frontal_Med_Orb_L,ParaHippocampal_L,0.0513,0.0512
Frontal_Inf_Oper_L,Occipital_Inf_L,0.0513,0.0513
Supp_Motor_Area_L,Vermis_1_2,0.0512,0.0512
Angular_R,Vermis_7,-0.051,-0.0509
Occipital_Mid_L,Cerebelum_Crus1_L,0.051,0.051
Pallidum_R,Cerebelum_Crus1_R,0.051,0.0509
Frontal_Inf_Orb_R,Parietal_Sup_R,0.051,0.0509
Parietal_Sup_L,Temporal_Inf_L,0.0509,0.0509
Olfactory_R,Cerebelum_Crus1_R,0.0508,0.0507
Frontal_Inf_Oper_R,Rectus_R,0.0508,0.0508
ParaHippocampal_L,Temporal_Pole_Mid_R,0.0506,0.0506
Frontal_Sup_R,Temporal_Inf_R,0.0505,0.0504
Frontal_Inf_Oper_L,Amygdala_L,0.0505,0.0505
Cerebelum_Crus1_L,Vermis_3,0.0505,0.0504
Precentral_L,Amygdala_L,0.0504,0.0504
Supp_Motor_Area_R,Amygdala_L,0.0503,0.0502
Frontal_Med_Orb_L,Temporal_Inf_L,0.0501,0.0501
Putamen_R,Cerebelum_Crus1_R,0.0497,0.0496
Vermis_4_5,Vermis_10,0.0496,0.0495
Frontal_Sup_Orb_R,Temporal_Inf_R,0.0496,0.0495
Frontal_Sup_Medial_R,Vermis_1_2,0.0496,0.0496
Cuneus_R,Cerebelum_Crus1_L,0.0495,0.0495
Heschl_L,Vermis_1_2,0.0494,0.0493
Frontal_Sup_Medial_R,Amygdala_L,0.0493,0.0492
Cerebelum_Crus1_L,Cerebelum_3_L,0.0493,0.0492
Temporal_Pole_Mid_R,Temporal_Inf_L,0.0492,0.0491
Postcentral_L,Vermis_1_2,0.0492,0.0492
Fusiform_R,Temporal_Pole_Mid_L,0.0491,0.0491
Frontal_Sup_Orb_L,Parietal_Sup_R,0.0491,0.049
Temporal_Pole_Sup_L,Cerebelum_Crus1_R,0.0491,0.049
ParaHippocampal_L,Vermis_10,0.049,0.049
Frontal_Mid_Orb_R,Cerebelum_Crus1_R,0.049,0.0489
Vermis_3,Vermis_10,0.0489,0.0488
Lingual_R,Vermis_10,0.0488,0.0488
Occipital_Inf_L,SupraMarginal_L,0.0486,0.0485
Rectus_R,Cingulum_Mid_R,0.0485,0.0485
Thalamus_R,Temporal_Inf_R,0.0484,0.0484
Rectus_L,Cingulum_Mid_R,0.0482,0.0482
Rectus_L,SupraMarginal_R,0.0482,0.0481
Olfactory_L,Cerebelum_Crus1_R,0.0481,0.048
Rolandic_Oper_L,Occipital_Inf_R,0.0481,0.0481
Thalamus_L,Temporal_Pole_Mid_R,0.048,0.048
Frontal_Sup_Orb_L,Hippocampus_R,0.0479,0.0479
Cerebelum_Crus1_L,Vermis_1_2,0.0479,0.0478
ParaHippocampal_L,Occipital_Inf_L,0.0479,0.0478
Occipital_Inf_R,Pallidum_R,0.0479,0.0478
Vermis_8,Vermis_9,0.0478,0.0478
Angular_L,Vermis_7,-0.0478,-0.0478
Occipital_Mid_L,Temporal_Pole_Mid_R,0.0477,0.0476
Frontal_Inf_Tri_L,Vermis_1_2,0.0477,0.0477
Rolandic_Oper_R,Temporal_Pole_Mid_L,0.0475,0.0474
Hippocampus_R,Occipital_Inf_L,0.0473,0.0473
Frontal_Sup_R,Cerebelum_Crus1_L,0.0472,0.0471
Occipital_Sup_L,Temporal_Pole_Sup_R,0.0471,0.0471
Parietal_Inf_R,Temporal_Pole_Sup_R,0.0471,0.0471
Occipital_Inf_R,Pallidum_L,0.0471,0.0471
Frontal_Mid_Orb_L,SupraMarginal_R,0.0471,0.0471
Occipital_Mid_R,Cerebelum_Crus1_L,0.047,0.0469
Rectus_R,Cerebelum_Crus1_R,0.047,0.047
Cerebelum_4_5_L,Vermis_7,0.047,0.047
Precentral_R,Vermis_6,0.047,0.047
Vermis_7,Vermis_8,0.0469,0.0469
Frontal_Med_Orb_L,Cerebelum_3_R,0.0468,0.0467
Occipital_Inf_R,Temporal_Inf_L,0.0468,0.0468
Rectus_R,Hippocampus_R,0.0468,0.0468
Occipital_Inf_L,Angular_R,0.0467,0.0466
Frontal_Mid_L,Temporal_Pole_Mid_R,0.0467,0.0467
Cuneus_R,Vermis_1_2,0.0466,0.0465
Thalamus_L,Cerebelum_Crus1_L,0.0466,0.0466
Precentral_R,Olfactory_R,0.0466,0.0466
Cingulum_Ant_R,Cerebelum_Crus1_L,0.0466,0.0466
Supp_Motor_Area_R,Temporal_Pole_Mid_R,0.0465,0.0465
Frontal_Sup_L,Temporal_Pole_Mid_R,0.0465,0.0465
Cingulum_Ant_L,Cerebelum_Crus1_R,0.0465,0.0465
Insula_L,Cerebelum_Crus1_R,0.0464,0.0464
Occipital_Inf_R,Putamen_L,0.0463,0.0463
Rectus_L,Cerebelum_Crus1_L,0.0462,0.0461
Olfactory_R,Cerebelum_Crus1_L,0.0461,0.046
Occipital_Inf_L,Parietal_Inf_L,0.046,0.046
Parietal_Inf_L,Temporal_Inf_R,0.046,0.046
Caudate_L,Cerebelum_Crus1_L,0.046,0.0459
Frontal_Mid_Orb_L,Parietal_Inf_R,0.046,0.046
Precuneus_L,Temporal_Pole_Sup_R,0.0457,0.0457
Cingulum_Mid_R,Amygdala_L,0.0457,0.0457
Temporal_Pole_Mid_L,Cerebelum_6_R,0.0456,0.0455
Cerebelum_6_L,Vermis_7,0.0456,0.0456
Temporal_Pole_Mid_L,Cerebelum_3_R,0.0455,0.0454
Amygdala_R,Cerebelum_3_R,0.0453,0.0452
Amygdala_L,Occipital_Sup_R,0.0452,0.0452
Amygdala_L,Temporal_Pole_Mid_L,0.0451,0.0451
Frontal_Sup_Orb_L,Occipital_Inf_R,0.0449,0.0448
Cuneus_L,Cerebelum_Crus1_L,0.0448,0.0447
Frontal_Inf_Tri_L,Occipital_Inf_L,0.0445,0.0445
Frontal_Inf_Oper_L,Olfactory_L,0.0445,0.0444
Parietal_Sup_L,Cerebelum_6_R,0.0445,0.0445
Heschl_R,Cerebelum_Crus1_R,0.0445,0.0445
Parietal_Inf_L,Temporal_Pole_Sup_R,0.0444,0.0443
Occipital_Inf_L,Paracentral_Lobule_L,0.0443,0.0442
Occipital_Inf_L,Vermis_1_2,0.0443,0.0442
Vermis_6,Vermis_10,0.0442,0.0441
Occipital_Inf_L,Parietal_Sup_L,0.0442,0.0442
Olfactory_R,Angular_R,0.0442,0.0441
Insula_R,Occipital_Inf_R,0.0441,0.044
Precuneus_L,Temporal_Inf_R,0.0441,0.0441
Fusiform_R,Vermis_10,0.0441,0.0441
Occipital_Inf_R,Fusiform_L,0.044,0.0439
Parietal_Inf_R,Vermis_1_2,0.044,0.0439
Rolandic_Oper_R,Occipital_Inf_R,0.0439,0.0439
Rectus_L,Occipital_Inf_R,0.0438,0.0438
Supp_Motor_Area_R,Vermis_1_2,0.0435,0.0435
Frontal_Mid_Orb_R,Parietal_Sup_R,0.0433,0.0433
Cerebelum_3_L,Vermis_10,0.0432,0.0432
Pallidum_L,Cerebelum_Crus1_R,0.0431,0.0431
Supp_Motor_Area_L,Amygdala_L,0.043,0.043
Cerebelum_Crus1_R,Cerebelum_Crus2_R,0.043,0.043
Parietal_Sup_L,Temporal_Pole_Sup_L,0.043,0.043
Temporal_Sup_R,Cerebelum_Crus1_R,0.043,0.043
Supp_Motor_Area_L,Cerebelum_Crus1_L,0.0429,0.0429
Frontal_Inf_Oper_R,Vermis_6,0.0429,0.0429
Temporal_Mid_L,Temporal_Inf_R,0.0427,0.0426
Hippocampus_L,Cerebelum_Crus1_L,0.0426,0.0425
Cuneus_R,Temporal_Pole_Mid_R,0.0425,0.0424
Temporal_Sup_R,Temporal_Pole_Mid_L,0.0425,0.0424
Temporal_Pole_Sup_L,Vermis_7,0.0425,0.0425
Cerebelum_Crus1_L,Vermis_8,0.0424,0.0424
Amygdala_R,Angular_R,0.0422,0.0422
Pallidum_R,Temporal_Inf_R,0.0422,0.0422
Fusiform_L,Vermis_10,0.0422,0.0422
Lingual_L,Occipital_Inf_R,0.0422,0.0422
Vermis_6,Vermis_8,0.042,0.042
Amygdala_L,Vermis_7,0.042,0.042
Parietal_Sup_R,Vermis_7,-0.0419,-0.0419
Frontal_Med_Orb_R,Temporal_Pole_Mid_L,0.0419,0.0419
Temporal_Pole_Mid_R,Cerebelum_Crus1_L,0.0419,0.0419
Frontal_Sup_R,Cerebelum_Crus1_R,0.0418,0.0418
Frontal_Sup_Medial_L,Temporal_Pole_Mid_R,0.0415,0.0415
Cerebelum_6_L,Vermis_10,0.0414,0.0414
Frontal_Sup_Orb_L,Occipital_Inf_L,0.0414,0.0413
Frontal_Sup_Medial_R,Rectus_R,0.0413,0.0412
Putamen_L,Temporal_Inf_R,0.0413,0.0413
Caudate_R,Temporal_Inf_R,0.0412,0.0412
Angular_L,Temporal_Pole_Sup_R,0.0411,0.0411
Frontal_Sup_Orb_L,ParaHippocampal_L,0.0411,0.0411
ParaHippocampal_R,Cerebelum_Crus1_L,0.0409,0.0409
Occipital_Inf_L,Paracentral_Lobule_R,0.0408,0.0408
Heschl_L,Cerebelum_Crus1_R,0.0404,0.0404
Cerebelum_3_R,Vermis_10,0.0404,0.0403
Cingulum_Mid_L,Amygdala_L,0.0403,0.0402
Rectus_L,Angular_L,0.0402,0.0402
Fusiform_R,Cerebelum_Crus1_R,0.0401,0.0401
Frontal_Med_Orb_L,Temporal_Pole_Mid_L,0.04,0.04
Rectus_R,Temporal_Inf_R,0.0398,0.0398
Fusiform_L,Vermis_8,0.0397,0.0397
Parietal_Sup_L,Vermis_7,-0.0397,-0.0397
Frontal_Inf_Tri_R,Cerebelum_Crus1_L,0.0397,0.0397
Occipital_Sup_L,Cerebelum_Crus1_R,0.0396,0.0396
Putamen_L,Temporal_Pole_Mid_L,0.0395,0.0395
Insula_R,Vermis_7,0.0394,0.0393
Precentral_L,Rectus_L,0.0394,0.0394
Amygdala_L,Postcentral_R,0.0394,0.0394
Frontal_Sup_Medial_R,Cerebelum_Crus1_L,0.0392,0.0392
Cerebelum_Crus1_R,Cerebelum_4_5_R,0.0392,0.0391
ParaHippocampal_R,Vermis_10,0.0392,0.0391
Supp_Motor_Area_L,Occipital_Inf_R,0.0392,0.0391
Cingulum_Mid_R,Temporal_Pole_Mid_R,0.0392,0.0392
Cingulum_Mid_R,Temporal_Inf_R,0.0391,0.039
Supp_Motor_Area_L,Temporal_Pole_Mid_R,0.0391,0.0391
Postcentral_L,Temporal_Inf_R,0.0391,0.0391
Putamen_R,Temporal_Pole_Mid_L,0.0391,0.039
Temporal_Mid_R,Cerebelum_Crus1_R,0.0391,0.039
Occipital_Sup_L,Cerebelum_Crus1_L,0.039,0.039
Occipital_Inf_L,Cerebelum_Crus1_L,0.0389,0.0389
Rectus_L,Cerebelum_6_R,0.0389,0.0388
Frontal_Sup_Orb_L,Parietal_Sup_L,0.0388,0.0387
Supp_Motor_Area_R,Cerebelum_Crus1_L,0.0386,0.0386
Frontal_Mid_L,Cerebelum_Crus1_L,0.0385,0.0385
Cingulum_Post_R,Cerebelum_Crus1_L,0.0384,0.0383
Calcarine_R,Occipital_Inf_R,0.0384,0.0384
Heschl_R,Vermis_7,0.0383,0.0383
Frontal_Mid_Orb_R,Cerebelum_Crus1_L,0.0383,0.0382
Cuneus_L,Occipital_Inf_L,0.0382,0.0382
Cingulum_Post_R,Occipital_Inf_R,0.0382,0.0382
Calcarine_L,Temporal_Pole_Mid_L,0.0382,0.0382
Precentral_L,Temporal_Inf_R,0.0381,0.0381
Rectus_R,Parietal_Inf_L,0.038,0.038
Temporal_Inf_L,Vermis_10,0.038,0.0379
Occipital_Inf_L,Postcentral_L,0.0379,0.0379
Paracentral_Lobule_L,Cerebelum_Crus1_L,0.0379,0.0379
Rectus_L,Vermis_6,0.0379,0.0379
Putamen_L,Cerebelum_Crus1_R,0.0378,0.0378
Precentral_L,Vermis_1_2,0.0378,0.0378
Occipital_Sup_R,Cerebelum_Crus1_L,0.0378,0.0378
Temporal_Pole_Mid_R,Vermis_7,0.0377,0.0377
Frontal_Inf_Tri_L,Occipital_Inf_R,0.0377,0.0377
Precentral_R,Rectus_R,0.0376,0.0376
Lingual_R,Temporal_Pole_Mid_L,0.0376,0.0376
Occipital_Sup_R,Vermis_7,-0.0376,-0.0376
Frontal_Mid_Orb_R,Temporal_Pole_Mid_L,0.0376,0.0376
Fusiform_L,Cerebelum_Crus1_R,0.0376,0.0376
Temporal_Inf_R,Cerebelum_3_L,0.0373,0.0373
Occipital_Inf_L,Precuneus_R,0.0373,0.0372
Temporal_Mid_L,Cerebelum_Crus1_L,0.0372,0.0371
Cerebelum_6_L,Vermis_8,0.0371,0.0371
Supp_Motor_Area_L,Temporal_Inf_R,0.0371,0.0371
Cerebelum_8_L,Vermis_8,0.0371,0.037
Postcentral_R,Vermis_1_2,0.037,0.037
Vermis_3,Vermis_7,0.0369,0.0369
Temporal_Pole_Sup_L,Vermis_8,0.0369,0.0369
Frontal_Sup_Medial_R,Rectus_L,0.0369,0.0369
Cingulum_Ant_R,Cerebelum_Crus1_R,0.0369,0.0369
Vermis_1_2,Vermis_10,0.0369,0.0368
Cuneus_L,Vermis_1_2,0.0369,0.0369
Supp_Motor_Area_R,Occipital_Inf_L,0.0369,0.0369
Rectus_R,Precuneus_L,0.0368,0.0368
Frontal_Inf_Oper_L,Temporal_Pole_Mid_R,0.0367,0.0367
Cingulum_Mid_R,Cerebelum_Crus1_L,0.0367,0.0367
Cingulum_Mid_R,Cerebelum_Crus1_R,0.0364,0.0364
Lingual_L,Vermis_10,0.0364,0.0364
Hippocampus_L,Vermis_7,0.0364,0.0364
Thalamus_R,Cerebelum_Crus1_L,0.0362,0.0362
Frontal_Inf_Orb_R,Vermis_7,0.0362,0.0362
Frontal_Inf_Orb_R,Temporal_Pole_Mid_L,0.0362,0.0362
Cingulum_Post_L,Amygdala_L,0.0362,0.0361
Cerebelum_8_R,Vermis_8,0.0361,0.0361
Lingual_R,Cerebelum_Crus1_R,0.036,0.036
Frontal_Mid_L,Vermis_1_2,0.036,0.036
Occipital_Inf_L,Temporal_Pole_Sup_R,0.036,0.036
Parietal_Sup_L,Vermis_1_2,0.0358,0.0358
Rolandic_Oper_L,Temporal_Pole_Mid_L,0.0358,0.0358
Caudate_L,Vermis_7,0.0357,0.0356
Lingual_L,Cerebelum_Crus1_R,0.0356,0.0356
Frontal_Sup_Medial_L,Cerebelum_Crus1_L,0.0355,0.0355
Parietal_Inf_R,Cerebelum_Crus1_L,0.0354,0.0354
Temporal_Mid_L,Vermis_8,0.0352,0.0352
Precentral_L,Temporal_Pole_Mid_R,0.0352,0.0352
Frontal_Inf_Tri_L,Temporal_Inf_R,0.0351,0.0351
Amygdala_L,Vermis_10,0.0351,0.0351
Angular_R,Cerebelum_Crus2_L,-0.0351,-0.0351
Frontal_Inf_Tri_R,Temporal_Inf_R,0.035,0.035
Temporal_Inf_R,Vermis_3,0.035,0.035
Rectus_R,Parietal_Inf_R,0.0347,0.0347
Frontal_Sup_Orb_L,Cerebelum_Crus1_R,0.0346,0.0346
Amygdala_R,Vermis_7,0.0345,0.0345
Calcarine_R,Temporal_Pole_Mid_L,0.0344,0.0344
Frontal_Sup_L,Cerebelum_Crus1_R,0.0344,0.0344
Amygdala_L,Precuneus_R,0.0343,0.0343
Cingulum_Ant_L,Occipital_Inf_R,0.0342,0.0342
Supp_Motor_Area_R,Cerebelum_Crus1_R,0.0342,0.0342
Hippocampus_R,Temporal_Pole_Mid_L,0.0341,0.0341
Rectus_L,Amygdala_L,0.0341,0.0341
Frontal_Sup_L,Occipital_Inf_L,0.0341,0.034
Rolandic_Oper_L,Cerebelum_Crus1_R,0.034,0.034
Frontal_Mid_R,Vermis_1_2,0.0339,0.0339
Amygdala_L,Paracentral_Lobule_L,0.0339,0.0339
SupraMarginal_R,Temporal_Inf_R,0.0338,0.0338
Temporal_Inf_L,Cerebelum_Crus1_L,0.0338,0.0338
Frontal_Mid_Orb_L,Parietal_Sup_L,0.0338,0.0338
Hippocampus_L,Temporal_Pole_Mid_L,0.0336,0.0336
Cingulum_Mid_L,Temporal_Inf_R,0.0335,0.0335
Cingulum_Mid_L,Cerebelum_Crus1_L,0.0334,0.0334
Olfactory_L,Vermis_10,0.0334,0.0334
Cingulum_Post_L,Temporal_Inf_R,0.0331,0.0331
Occipital_Mid_L,Temporal_Pole_Mid_L,0.0331,0.0331
Thalamus_L,Temporal_Inf_R,0.033,0.033
Olfactory_R,Parietal_Inf_R,0.0329,0.0329
Cingulum_Ant_R,Occipital_Inf_R,0.0329,0.0329
Amygdala_L,Parietal_Inf_L,0.0328,0.0328
SupraMarginal_L,Cerebelum_Crus1_L,0.0328,0.0328
Amygdala_L,Paracentral_Lobule_R,0.0328,0.0328
Frontal_Med_Orb_L,Parietal_Sup_L,0.0328,0.0328
Frontal_Sup_Medial_R,Vermis_7,0.0327,0.0327
Temporal_Pole_Mid_L,Cerebelum_Crus1_L,0.0327,0.0327
Cuneus_L,Cerebelum_Crus1_R,0.0327,0.0327
Precuneus_L,Vermis_7,-0.0326,-0.0326
Occipital_Mid_R,Vermis_1_2,0.0326,0.0326
Hippocampus_L,Vermis_10,0.0326,0.0326
Parietal_Inf_R,Temporal_Inf_R,0.0326,0.0326
Frontal_Med_Orb_R,Cerebelum_Crus2_L,-0.0326,-0.0326
SupraMarginal_L,Temporal_Pole_Mid_R,0.0325,0.0325
Parietal_Inf_L,Cerebelum_Crus1_L,0.0322,0.0322
Precuneus_R,Temporal_Inf_R,0.0321,0.0321
Cerebelum_3_L,Vermis_8,0.032,0.032
Rolandic_Oper_R,Cerebelum_Crus1_R,0.0319,0.0319
Occipital_Sup_R,Cerebelum_Crus1_R,0.0319,0.0319
Temporal_Mid_R,Temporal_Pole_Mid_L,0.0317,0.0317
Parietal_Sup_R,Temporal_Inf_L,0.0317,0.0317
Amygdala_L,Thalamus_R,0.0317,0.0317
Precentral_R,Vermis_10,0.0316,0.0316
Temporal_Mid_R,Cerebelum_Crus1_L,0.0316,0.0316
Frontal_Med_Orb_L,Cerebelum_Crus1_R,0.0315,0.0314
Frontal_Mid_R,Cerebelum_Crus1_L,0.0314,0.0314
Cerebelum_6_R,Vermis_10,0.0314,0.0314
Frontal_Inf_Oper_R,Amygdala_L,0.0314,0.0314
Angular_L,Temporal_Pole_Mid_R,0.0312,0.0312
Frontal_Sup_Medial_L,Rectus_L,0.031,0.031
Cerebelum_Crus1_L,Cerebelum_8_R,0.0309,0.0309
Cuneus_L,Temporal_Pole_Mid_L,0.0309,0.0309
Cingulum_Post_L,Occipital_Inf_R,0.0309,0.0309
Temporal_Pole_Mid_R,Vermis_10,0.0307,0.0307
Frontal_Med_Orb_L,Cerebelum_Crus2_L,-0.0307,-0.0307
Caudate_R,Cerebelum_Crus1_R,0.0307,0.0307
Frontal_Mid_Orb_L,Occipital_Inf_R,0.0307,0.0307
Frontal_Inf_Tri_L,Cerebelum_3_R,0.0306,0.0306
Calcarine_L,Occipital_Inf_R,0.0306,0.0306
Frontal_Med_Orb_L,ParaHippocampal_R,0.0305,0.0305
Caudate_L,Temporal_Pole_Mid_L,0.0304,0.0304
Frontal_Inf_Tri_R,Vermis_7,0.0304,0.0304
Cerebelum_Crus1_L,Cerebelum_Crus1_R,0.0302,0.0302
ParaHippocampal_L,Vermis_9,0.0302,0.0302
Angular_R,Cerebelum_Crus1_L,0.0302,0.0302
Frontal_Med_Orb_L,Occipital_Inf_R,0.0301,0.0301
Postcentral_L,Cerebelum_Crus1_L,0.0299,0.0299
Frontal_Inf_Tri_R,Cerebelum_Crus1_R,0.0299,0.0299
Thalamus_L,Vermis_10,0.0298,0.0298
ParaHippocampal_R,Occipital_Inf_R,0.0298,0.0298
Postcentral_R,Temporal_Pole_Mid_R,0.0298,0.0298
ParaHippocampal_L,Vermis_7,0.0298,0.0298
Occipital_Sup_L,Temporal_Pole_Mid_L,0.0298,0.0298
Temporal_Mid_R,Vermis_7,0.0297,0.0297
Cerebelum_4_5_R,Vermis_7,0.0297,0.0297
Cerebelum_6_R,Cerebelum_8_R,0.0296,0.0296
Rectus_R,Paracentral_Lobule_R,0.0296,0.0296
Frontal_Mid_R,Occipital_Inf_L,0.0296,0.0296
ParaHippocampal_L,Occipital_Inf_R,0.0295,0.0295
Thalamus_R,Temporal_Pole_Mid_R,0.0294,0.0294
Temporal_Mid_L,Cerebelum_8_R,0.0294,0.0294
Frontal_Sup_Medial_L,Cerebelum_Crus1_R,0.0294,0.0294
Putamen_R,Vermis_7,0.0293,0.0293
Frontal_Inf_Oper_L,Cerebelum_Crus2_L,0.0293,0.0293
Temporal_Inf_L,Vermis_8,0.0292,0.0292
Frontal_Sup_R,Occipital_Inf_R,0.0292,0.0292
Precentral_R,Temporal_Pole_Mid_R,0.0291,0.0291
Thalamus_R,Temporal_Pole_Mid_L,0.029,0.029
Cerebelum_Crus1_R,Vermis_4_5,0.029,0.029
Occipital_Sup_L,Vermis_1_2,0.029,0.029
Heschl_R,Cerebelum_8_R,0.029,0.029
Cingulum_Ant_L,Temporal_Pole_Mid_L,0.0289,0.0289
Rectus_R,Vermis_8,0.0288,0.0288
Cerebelum_9_R,Vermis_9,0.0288,0.0288
Cerebelum_8_R,Vermis_7,0.0287,0.0287
Precentral_L,Vermis_10,0.0287,0.0287
Olfactory_R,Temporal_Inf_R,0.0286,0.0286
Occipital_Inf_L,Temporal_Pole_Mid_R,0.0286,0.0286
Paracentral_Lobule_R,Cerebelum_Crus1_L,0.0286,0.0286
Occipital_Mid_L,Vermis_7,-0.0285,-0.0285
Temporal_Sup_L,Cerebelum_Crus1_R,0.0284,0.0284
Precuneus_R,Vermis_7,-0.0283,-0.0283
Cerebelum_6_R,Vermis_8,0.0283,0.0283
Calcarine_R,Cerebelum_Crus1_L,0.0282,0.0282
Frontal_Sup_Orb_R,Occipital_Inf_R,0.0282,0.0282
Amygdala_L,Vermis_9,0.0281,0.0281
Temporal_Sup_L,Cerebelum_8_R,0.028,0.028
Occipital_Inf_L,Temporal_Inf_R,0.028,0.028
Thalamus_L,Temporal_Pole_Mid_L,0.028,0.028
ParaHippocampal_R,Occipital_Inf_L,0.0279,0.0279
Frontal_Sup_Orb_L,Vermis_10,0.0279,0.0279
Cerebelum_4_5_L,Vermis_8,0.0279,0.0279
Vermis_1_2,Vermis_7,0.0279,0.0279
Occipital_Inf_R,Vermis_6,0.0278,0.0278
Cingulum_Ant_R,Vermis_10,0.0278,0.0278
Supp_Motor_Area_R,Cerebelum_Crus2_L,0.0277,0.0277
Frontal_Mid_L,Occipital_Inf_R,0.0277,0.0277
Cerebelum_Crus1_R,Cerebelum_6_L,0.0276,0.0276
Rectus_R,Precuneus_R,0.0276,0.0276
Rectus_R,SupraMarginal_R,0.0275,0.0275
Frontal_Med_Orb_L,Parietal_Sup_R,0.0275,0.0275
ParaHippocampal_L,Vermis_8,0.0275,0.0275
Cuneus_R,Temporal_Pole_Mid_L,0.0275,0.0275
Hippocampus_R,Vermis_10,0.0274,0.0274
Rectus_R,Postcentral_R,0.0273,0.0273
Rectus_L,Parietal_Inf_R,0.0272,0.0272
Occipital_Inf_L,SupraMarginal_R,0.0271,0.0271
Amygdala_R,Vermis_8,0.0271,0.0271
Parietal_Sup_R,Temporal_Pole_Sup_R,-0.0271,-0.0271
Precentral_R,Amygdala_L,0.0271,0.0271
Rectus_R,Parietal_Sup_R,-0.0269,-0.0269
Cerebelum_Crus1_R,Cerebelum_3_L,-0.0269,-0.0269
Parietal_Inf_L,Vermis_7,-0.0269,-0.0269
Frontal_Sup_L,Occipital_Inf_R,0.0269,0.0269
Parietal_Sup_L,Temporal_Pole_Mid_L,-0.0268,-0.0267
Amygdala_L,Vermis_8,0.0267,0.0267
Paracentral_Lobule_L,Cerebelum_Crus1_R,0.0267,0.0267
Frontal_Sup_R,Vermis_10,0.0267,0.0267
Frontal_Sup_L,Vermis_10,0.0266,0.0265
Calcarine_L,Cerebelum_Crus1_L,-0.0265,-0.0265
Temporal_Mid_L,Vermis_10,0.0264,0.0263
Cingulum_Post_L,Occipital_Inf_L,0.0264,0.0264
Supp_Motor_Area_R,Occipital_Inf_R,0.0264,0.0263
Frontal_Inf_Oper_R,Olfactory_R,0.0264,0.0264
Cingulum_Post_L,Cerebelum_Crus1_L,0.0262,0.0262
Occipital_Inf_L,Parietal_Inf_R,0.0262,0.0262
Cerebelum_4_5_L,Vermis_9,0.0259,0.0259
Frontal_Sup_Medial_L,Vermis_7,0.0259,0.0259
Cerebelum_Crus1_L,Cerebelum_8_L,0.0258,0.0258
Precentral_L,Cerebelum_Crus2_L,0.0258,0.0258
Frontal_Inf_Tri_R,Occipital_Inf_L,0.0258,0.0257
Supp_Motor_Area_R,Vermis_10,0.0258,0.0258
Cerebelum_9_L,Vermis_10,0.0257,0.0257
Hippocampus_R,Cerebelum_Crus2_L,-0.0257,-0.0256
Lingual_R,Vermis_7,0.0257,0.0257
Fusiform_L,Vermis_7,0.0256,0.0256
Supp_Motor_Area_L,Vermis_10,0.0255,0.0255
Precentral_R,Temporal_Inf_R,0.0255,0.0255
Olfactory_R,Vermis_8,0.0255,0.0255
Occipital_Mid_R,Temporal_Pole_Mid_R,0.0254,0.0254
Thalamus_R,Vermis_10,0.0254,0.0254
Precuneus_L,Cerebelum_Crus1_L,0.0253,0.0253
Cingulum_Mid_L,Cerebelum_Crus1_R,0.0253,0.0253
Cingulum_Mid_R,Occipital_Inf_L,0.0252,0.0252
Amygdala_L,Parietal_Sup_R,-0.0251,-0.0251
Temporal_Inf_R,Cerebelum_Crus1_R,0.0251,0.0251
Parietal_Inf_R,Cerebelum_Crus2_L,-0.025,-0.025
Cerebelum_3_L,Cerebelum_8_R,0.025,0.025
Frontal_Sup_L,Vermis_7,0.0249,0.0249
ParaHippocampal_L,Temporal_Inf_R,0.0248,0.0248
Frontal_Sup_Orb_R,Vermis_8,0.0248,0.0248
Occipital_Inf_L,Precuneus_L,0.0248,0.0248
Cerebelum_6_L,Cerebelum_8_R,0.0247,0.0247
Occipital_Inf_R,Postcentral_L,0.0246,0.0246
Paracentral_Lobule_R,Cerebelum_Crus1_R,0.0244,0.0244
Amygdala_L,Precuneus_L,0.0244,0.0244
Fusiform_L,Cerebelum_8_R,0.0243,0.0243
Cingulum_Mid_R,Vermis_10,0.0243,0.0243
Insula_R,Vermis_8,0.0242,0.0242
Temporal_Pole_Sup_L,Vermis_10,0.0242,0.0242
Cerebelum_Crus1_R,Vermis_7,0.0242,0.0242
Temporal_Pole_Mid_L,Cerebelum_9_R,0.0242,0.0242
Precuneus_R,Cerebelum_Crus1_L,0.0241,0.0241
Cingulum_Post_R,Vermis_7,-0.0241,-0.0241
Vermis_4_5,Vermis_9,0.024,0.024
Cerebelum_8_L,Vermis_9,0.024,0.024
Temporal_Inf_L,Cerebelum_8_R,0.024,0.024
Pallidum_L,Vermis_10,0.0239,0.0239
Cingulum_Mid_L,Vermis_10,0.0239,0.0239
Lingual_R,Vermis_9,0.0239,0.0239
Frontal_Inf_Oper_L,Vermis_7,0.0239,0.0239
SupraMarginal_R,Temporal_Pole_Mid_L,0.0239,0.0239
Frontal_Inf_Orb_L,Vermis_7,0.0238,0.0238
Cuneus_R,Cerebelum_Crus2_L,-0.0238,-0.0238
Caudate_L,Vermis_10,0.0238,0.0238
Frontal_Inf_Tri_R,Occipital_Inf_R,0.0238,0.0238
Cerebelum_9_L,Vermis_9,0.0237,0.0237
Caudate_R,Cerebelum_Crus1_L,0.0236,0.0236
Paracentral_Lobule_L,Cerebelum_Crus2_L,0.0236,0.0236
Frontal_Mid_Orb_R,Temporal_Inf_R,0.0235,0.0235
Parietal_Sup_R,Vermis_1_2,0.0235,0.0235
Pallidum_R,Temporal_Pole_Mid_L,0.0235,0.0235
Frontal_Mid_L,Occipital_Inf_L,0.0234,0.0234
Postcentral_L,Vermis_10,0.0234,0.0234
Supp_Motor_Area_L,Cerebelum_Crus2_R,-0.0234,-0.0234
Cuneus_R,Cerebelum_Crus1_R,0.0233,0.0233
Putamen_L,Vermis_7,0.0233,0.0233
Temporal_Sup_L,Vermis_7,0.0232,0.0232
Pallidum_L,Vermis_7,0.0232,0.0232
ParaHippocampal_R,Cerebelum_9_L,0.0231,0.0231
Frontal_Mid_R,Cerebelum_Crus1_R,0.0231,0.0231
Frontal_Inf_Oper_L,Vermis_1_2,0.023,0.023
Rectus_L,Occipital_Inf_L,0.023,0.023
Cingulum_Post_R,Cerebelum_Crus1_R,0.023,0.023
Cerebelum_8_R,Vermis_1_2,0.023,0.023
Angular_R,Temporal_Inf_L,0.0229,0.0229
Amygdala_R,Vermis_10,0.0229,0.0229
Temporal_Pole_Sup_R,Vermis_10,0.0229,0.0229
Cerebelum_6_L,Cerebelum_9_L,0.0229,0.0228
Olfactory_R,Cerebelum_8_R,0.0229,0.0229
Paracentral_Lobule_L,Vermis_10,0.0229,0.0229
Frontal_Sup_Medial_R,Cerebelum_Crus1_R,0.0228,0.0228
ParaHippocampal_L,Cerebelum_8_R,0.0228,0.0228
Amygdala_R,Cerebelum_8_R,0.0228,0.0228
Cerebelum_6_L,Vermis_9,0.0227,0.0227
Cuneus_R,Cerebelum_9_L,0.0227,0.0227
Frontal_Inf_Tri_R,Vermis_1_2,0.0227,0.0227
Temporal_Sup_R,Cerebelum_Crus2_L,-0.0227,-0.0227
Hippocampus_L,Cerebelum_8_R,0.0227,0.0227
Frontal_Mid_R,Vermis_10,0.0226,0.0225
Pallidum_R,Vermis_7,0.0226,0.0226
Temporal_Pole_Mid_L,Temporal_Inf_R,0.0225,0.0225
Parietal_Sup_L,Temporal_Pole_Sup_R,-0.0225,-0.0225
Fusiform_L,Vermis_9,0.0224,0.0224
Vermis_8,Vermis_10,0.0223,0.0223
Occipital_Inf_R,Parietal_Sup_L,-0.0221,-0.0221
Occipital_Sup_R,Cerebelum_Crus2_L,-0.0221,-0.0221
Frontal_Sup_Medial_R,Vermis_10,0.022,0.022
Angular_L,Cerebelum_9_L,0.022,0.022
Temporal_Pole_Mid_L,Cerebelum_9_L,0.022,0.022
Frontal_Mid_L,Temporal_Inf_R,0.022,0.022
Thalamus_L,Vermis_7,0.0219,0.0219
Cingulum_Post_R,Amygdala_L,0.0218,0.0218
Rectus_R,Parietal_Sup_L,-0.0218,-0.0218
Parietal_Inf_R,Vermis_7,-0.0217,-0.0217
Temporal_Mid_L,Cerebelum_Crus2_L,-0.0217,-0.0217
Frontal_Med_Orb_L,Vermis_7,0.0217,0.0217
Occipital_Mid_L,Occipital_Inf_R,0.0216,0.0216
Parietal_Inf_R,Cerebelum_Crus1_R,0.0216,0.0216
Fusiform_R,Vermis_9,0.0216,0.0216
Cingulum_Mid_L,Temporal_Pole_Mid_R,0.0214,0.0214
Cingulum_Ant_L,Vermis_10,0.0214,0.0214
Frontal_Sup_Medial_L,Occipital_Inf_L,0.021,0.021
Cerebelum_6_R,Cerebelum_8_L,0.021,0.021
Cingulum_Post_L,Vermis_7,-0.0209,-0.0209
Temporal_Mid_R,Cerebelum_9_L,0.0209,0.0209
Caudate_L,Cerebelum_Crus1_R,0.0208,0.0208
Frontal_Sup_Orb_R,Vermis_7,0.0208,0.0208
Occipital_Inf_L,Postcentral_R,0.0207,0.0207
Frontal_Inf_Tri_L,Cerebelum_Crus1_R,0.0207,0.0207
Caudate_L,Temporal_Inf_R,0.0207,0.0207
Amygdala_L,Cerebelum_9_L,0.0206,0.0206
Postcentral_R,Vermis_10,0.0206,0.0206
Temporal_Sup_R,Vermis_7,0.0206,0.0206
Supp_Motor_Area_L,Occipital_Inf_L,0.0206,0.0206
ParaHippocampal_R,Vermis_9,0.0205,0.0205
Hippocampus_L,Cerebelum_9_L,0.0205,0.0205
Temporal_Sup_L,Vermis_10,0.0205,0.0205
Frontal_Mid_Orb_L,Vermis_7,0.0204,0.0204
Cerebelum_3_R,Vermis_7,0.0204,0.0204
Insula_L,Vermis_10,0.0203,0.0203
Frontal_Mid_Orb_L,Occipital_Inf_L,0.0203,0.0203
Calcarine_L,Cerebelum_Crus2_L,-0.0203,-0.0203
Postcentral_L,Vermis_8,-0.0203,-0.0203
Cerebelum_Crus1_R,Cerebelum_8_L,0.0202,0.0202
Cerebelum_Crus1_L,Cerebelum_9_L,0.0201,0.0201
Postcentral_R,Cerebelum_Crus1_L,0.0201,0.0201
Rolandic_Oper_R,Vermis_7,0.0201,0.0201
Parietal_Sup_L,Cerebelum_Crus2_L,-0.02,-0.02
Pallidum_R,Cerebelum_Crus2_L,-0.02,-0.02
Pallidum_L,Temporal_Pole_Mid_L,0.02,0.02
Occipital_Inf_R,Temporal_Mid_L,0.02,0.0199
Amygdala_L,Occipital_Inf_R,0.02,0.02
Occipital_Inf_L,Cerebelum_3_R,0.02,0.02
ParaHippocampal_R,Cerebelum_10_R,0.0199,0.0199
Parietal_Inf_R,Temporal_Inf_L,0.0199,0.0199
Supp_Motor_Area_L,Cerebelum_Crus1_R,0.0199,0.0199
Temporal_Pole_Mid_L,Vermis_10,0.0198,0.0198
Occipital_Sup_R,Temporal_Pole_Mid_R,0.0198,0.0198
Insula_L,Vermis_7,0.0198,0.0198
Frontal_Mid_R,Occipital_Inf_R,0.0197,0.0197
Frontal_Med_Orb_L,Hippocampus_R,0.0197,0.0197
Cerebelum_9_R,Vermis_10,0.0196,0.0196
Caudate_R,Vermis_7,0.0196,0.0196
Supp_Motor_Area_R,Cerebelum_Crus2_R,-0.0195,-0.0195
Cerebelum_Crus1_R,Vermis_8,0.0195,0.0195
Hippocampus_L,Cerebelum_Crus2_R,-0.0195,-0.0195
Rectus_R,Cerebelum_9_L,0.0195,0.0195
Parietal_Inf_R,Temporal_Pole_Mid_R,0.0194,0.0194
Occipital_Inf_L,Cerebelum_Crus1_R,0.0194,0.0194
Supp_Motor_Area_L,Cerebelum_Crus2_L,0.0194,0.0194
Frontal_Mid_L,Vermis_10,0.0193,0.0193
Precuneus_L,Vermis_10,0.0193,0.0193
Cingulum_Post_L,Temporal_Pole_Mid_L,0.0193,0.0193
Thalamus_R,Vermis_7,0.0192,0.0192
Cerebelum_4_5_R,Cerebelum_8_R,0.0192,0.0192
Temporal_Pole_Sup_R,Cerebelum_Crus2_R,-0.0192,-0.0192
Angular_L,Cerebelum_Crus2_R,-0.0191,-0.0191
Occipital_Inf_R,Temporal_Pole_Mid_L,0.0191,0.0191
Parietal_Sup_L,Vermis_8,-0.0191,-0.0191
Temporal_Pole_Mid_R,Cerebelum_9_L,0.019,0.019
SupraMarginal_R,Vermis_8,-0.019,-0.019
Precentral_L,Occipital_Inf_L,0.019,0.019
Olfactory_R,Vermis_7,0.019,0.019
Frontal_Mid_Orb_R,Vermis_7,0.019,0.019
ParaHippocampal_L,Cerebelum_10_R,0.019,0.019
Cerebelum_9_R,Vermis_8,0.0189,0.0189
ParaHippocampal_L,Cerebelum_Crus1_R,0.0189,0.0189
Cerebelum_6_L,Cerebelum_9_R,0.0189,0.0189
Putamen_L,Vermis_10,0.0189,0.0189
Occipital_Inf_L,Vermis_8,0.0189,0.0189
Angular_L,Cerebelum_Crus2_L,-0.0189,-0.0189
Frontal_Sup_Orb_L,Cerebelum_Crus2_L,-0.0188,-0.0188
Vermis_1_2,Vermis_8,0.0188,0.0188
Occipital_Mid_R,Temporal_Pole_Mid_L,0.0188,0.0188
Frontal_Mid_Orb_L,Vermis_10,0.0188,0.0188
Temporal_Pole_Sup_L,Cerebelum_9_L,0.0188,0.0188
Cingulum_Ant_R,Vermis_7,0.0186,0.0186
Pallidum_R,Cerebelum_8_R,0.0186,0.0186
Temporal_Pole_Mid_R,Cerebelum_Crus2_L,0.0186,0.0186
Cingulum_Post_L,Temporal_Pole_Mid_R,0.0185,0.0185
Cingulum_Mid_L,Vermis_7,-0.0185,-0.0185
Occipital_Inf_L,Temporal_Pole_Mid_L,0.0184,0.0184
Cerebelum_Crus1_L,Vermis_9,0.0184,0.0184
Cuneus_R,Cerebelum_Crus2_R,-0.0183,-0.0183
Hippocampus_R,Cerebelum_Crus1_L,0.0183,0.0182
Vermis_6,Vermis_9,0.0183,0.0183
SupraMarginal_L,Vermis_7,-0.0182,-0.0182
Cerebelum_9_L,Vermis_3,0.0182,0.0182
Calcarine_R,Vermis_10,0.0181,0.0181
Heschl_L,Vermis_7,0.0181,0.0181
Cerebelum_3_R,Cerebelum_9_L,0.0181,0.0181
Insula_L,Cerebelum_9_L,0.018,0.018
Olfactory_L,Parietal_Sup_R,0.018,0.018
Frontal_Med_Orb_R,Vermis_8,0.018,0.018
Cerebelum_9_L,Vermis_4_5,0.018,0.018
Rolandic_Oper_L,Vermis_7,0.018,0.018
Frontal_Sup_L,Cerebelum_Crus2_R,-0.018,-0.018
Precentral_L,Cerebelum_Crus1_L,0.0179,0.0179
Calcarine_R,Cerebelum_Crus1_R,0.0179,0.0179
Lingual_R,Cerebelum_9_L,0.0179,0.0179
Hippocampus_L,Occipital_Inf_R,-0.0179,-0.0179
Precentral_L,Cerebelum_Crus1_R,0.0179,0.0179
Occipital_Sup_L,Temporal_Pole_Mid_R,0.0179,0.0179
Temporal_Pole_Sup_L,Cerebelum_10_R,0.0178,0.0178
SupraMarginal_L,Cerebelum_Crus2_L,0.0178,0.0178
Lingual_R,Vermis_8,0.0177,0.0177
SupraMarginal_L,Cerebelum_9_R,-0.0177,-0.0177
Occipital_Sup_R,Temporal_Pole_Mid_L,0.0177,0.0177
Frontal_Mid_R,Temporal_Inf_R,0.0177,0.0177
Postcentral_R,Temporal_Inf_R,0.0177,0.0177
Cingulum_Post_L,Cerebelum_Crus2_R,-0.0176,-0.0176
Paracentral_Lobule_R,Cerebelum_Crus2_L,0.0176,0.0176
Cingulum_Post_R,Cerebelum_Crus2_R,-0.0176,-0.0176
Cingulum_Post_L,Cerebelum_Crus1_R,0.0175,0.0175
Insula_R,Cerebelum_8_R,0.0175,0.0175
Temporal_Sup_L,Vermis_8,0.0175,0.0175
Paracentral_Lobule_R,Vermis_10,0.0175,0.0175
Frontal_Sup_Medial_L,Vermis_10,0.0175,0.0175
Cingulum_Mid_L,Occipital_Inf_L,0.0174,0.0174
Postcentral_L,Cerebelum_Crus1_R,0.0174,0.0174
Frontal_Mid_Orb_R,Occipital_Inf_R,0.0174,0.0174
Cerebelum_7b_L,Cerebelum_8_L,0.0174,0.0174
Amygdala_L,Cerebelum_Crus1_R,0.0173,0.0173
Occipital_Inf_L,Vermis_7,0.0173,0.0173
Insula_R,Cerebelum_Crus2_L,-0.0173,-0.0173
Calcarine_L,Cerebelum_Crus2_R,-0.0173,-0.0173
Lingual_L,Vermis_8,0.0172,0.0172
Rectus_L,Cerebelum_Crus1_R,0.0172,0.0172
Pallidum_R,Vermis_8,0.0172,0.0172
Frontal_Sup_Orb_R,Vermis_10,0.0172,0.0172
Frontal_Med_Orb_L,Vermis_8,0.0172,0.0172
Cerebelum_3_R,Cerebelum_8_R,0.0171,0.0171
Olfactory_L,Vermis_9,0.0171,0.0171
Occipital_Inf_L,Cerebelum_Crus2_L,-0.0171,-0.0171
Cingulum_Ant_R,Temporal_Pole_Mid_L,0.0171,0.0171
Temporal_Inf_R,Cerebelum_7b_L,0.0171,0.0171
Frontal_Mid_Orb_R,Cerebelum_9_L,0.017,0.017
Cerebelum_8_L,Vermis_6,0.017,0.017
SupraMarginal_L,Vermis_10,0.017,0.017
Temporal_Pole_Sup_R,Cerebelum_Crus1_R,0.017,0.017
Cerebelum_4_5_R,Vermis_9,0.017,0.017
Cerebelum_8_R,Vermis_6,0.017,0.017
SupraMarginal_L,Cerebelum_Crus1_R,-0.0169,-0.0169
Vermis_3,Vermis_9,0.0169,0.0169
Precentral_R,Cerebelum_Crus1_L,0.0168,0.0168
Frontal_Sup_Orb_R,Cerebelum_9_L,0.0168,0.0168
Lingual_L,Cerebelum_9_L,0.0168,0.0168
Putamen_R,Vermis_8,0.0167,0.0167
Precentral_R,Cerebelum_Crus2_L,0.0166,0.0166
Frontal_Inf_Oper_L,Occipital_Inf_R,0.0166,0.0166
Temporal_Inf_R,Cerebelum_9_R,0.0166,0.0166
Lingual_R,Cerebelum_10_R,0.0166,0.0166
Frontal_Mid_Orb_L,Parietal_Sup_R,0.0166,0.0166
Precuneus_L,Cerebelum_Crus1_R,0.0165,0.0165
Lingual_L,Cerebelum_10_R,0.0165,0.0165
Cerebelum_Crus2_L,Cerebelum_Crus2_R,0.0164,0.0164
Rectus_L,Vermis_7,-0.0164,-0.0164
Temporal_Pole_Sup_R,Cerebelum_9_L,0.0164,0.0164
Cerebelum_4_5_R,Cerebelum_9_L,0.0164,0.0164
Amygdala_L,Parietal_Sup_L,-0.0164,-0.0164
Calcarine_R,Cerebelum_Crus2_L,-0.0164,-0.0164
Frontal_Sup_Orb_L,Cerebelum_9_L,0.0163,0.0163
Temporal_Pole_Mid_L,Vermis_8,0.0163,0.0163
Hippocampus_R,Occipital_Inf_R,0.0162,0.0162
Olfactory_R,Cerebelum_Crus2_L,0.0162,0.0162
Frontal_Inf_Orb_R,Cerebelum_9_L,0.0162,0.0162
Caudate_R,Vermis_10,0.0162,0.0162
Frontal_Mid_Orb_L,Cerebelum_9_L,0.0161,0.0161
Cerebelum_9_L,Cerebelum_9_R,0.0161,0.0161
ParaHippocampal_L,Cerebelum_Crus2_R,-0.0161,-0.0161
Lingual_L,Cerebelum_Crus2_R,-0.0161,-0.0161
Occipital_Mid_L,Cerebelum_8_R,0.0161,0.0161
Cerebelum_4_5_L,Cerebelum_9_R,0.0161,0.0161
Temporal_Mid_R,Vermis_10,0.016,0.016
Hippocampus_L,Vermis_9,0.016,0.016
Frontal_Inf_Oper_R,Vermis_7,0.016,0.016
SupraMarginal_R,Cerebelum_Crus1_R,-0.016,-0.016
Hippocampus_R,Cerebelum_9_L,0.0159,0.0159
Postcentral_L,Temporal_Pole_Mid_R,0.0159,0.0159
ParaHippocampal_L,Cerebelum_9_L,0.0158,0.0158
Amygdala_R,Cerebelum_10_R,0.0158,0.0158
Calcarine_L,Cerebelum_9_L,0.0158,0.0158
Cingulum_Mid_L,Temporal_Pole_Mid_L,0.0158,0.0158
Temporal_Pole_Sup_L,Cerebelum_8_R,0.0158,0.0158
Frontal_Inf_Orb_R,Cerebelum_Crus2_L,-0.0158,-0.0158
Rectus_R,Cerebelum_8_R,0.0157,0.0157
Parietal_Sup_L,Temporal_Pole_Mid_R,-0.0157,-0.0157
Precentral_L,Occipital_Inf_R,0.0156,0.0156
Precentral_L,Cerebelum_Crus2_R,-0.0156,-0.0156
Angular_L,Vermis_10,0.0156,0.0156
Occipital_Sup_R,Vermis_1_2,0.0156,0.0156
Temporal_Pole_Sup_L,Vermis_9,0.0156,0.0156
Cerebelum_4_5_L,Cerebelum_9_L,0.0156,0.0156
Hippocampus_L,Cerebelum_10_R,0.0156,0.0156
Putamen_R,Cerebelum_8_R,0.0155,0.0155
Temporal_Sup_R,Cerebelum_8_R,0.0155,0.0155
Cerebelum_4_5_R,Cerebelum_10_R,0.0155,0.0155
Temporal_Pole_Sup_R,Vermis_8,0.0155,0.0155
Cerebelum_Crus2_L,Vermis_1_2,-0.0155,-0.0155
Cuneus_L,Vermis_8,0.0154,0.0154
Rectus_R,Vermis_10,0.0154,0.0154
Postcentral_R,Temporal_Pole_Mid_L,-0.0154,-0.0154
Cerebelum_9_L,Vermis_6,0.0153,0.0153
Cerebelum_Crus1_L,Cerebelum_9_R,0.0153,0.0153
Frontal_Med_Orb_R,Vermis_10,0.0152,0.0152
Rectus_L,Cerebelum_9_L,0.0152,0.0152
Paracentral_Lobule_R,Temporal_Pole_Mid_L,-0.0151,-0.0151
Temporal_Sup_L,Cerebelum_9_L,0.0151,0.0151
Olfactory_L,Parietal_Sup_L,0.0151,0.0151
Cingulum_Post_R,Vermis_10,0.015,0.015
Supp_Motor_Area_L,Temporal_Pole_Mid_L,0.0149,0.0149
Occipital_Inf_R,Vermis_3,-0.0149,-0.0149
Olfactory_L,Cerebelum_10_R,0.0149,0.0148
Frontal_Mid_R,Vermis_8,-0.0148,-0.0148
Cerebelum_6_L,Cerebelum_8_L,0.0148,0.0148
Vermis_1_2,Vermis_9,0.0148,0.0148
Cerebelum_Crus1_L,Vermis_10,0.0148,0.0148
Frontal_Inf_Orb_R,Vermis_8,0.0147,0.0147
Temporal_Pole_Sup_L,Cerebelum_9_R,0.0147,0.0147
Fusiform_L,Cerebelum_9_L,0.0147,0.0147
Cingulum_Post_R,Cerebelum_Crus2_L,-0.0146,-0.0146
Temporal_Pole_Mid_R,Cerebelum_9_R,0.0146,0.0146
Lingual_R,Cerebelum_Crus2_R,-0.0146,-0.0146
Parietal_Inf_L,Cerebelum_Crus2_L,-0.0146,-0.0146
Fusiform_R,Cerebelum_8_L,0.0145,0.0145
Parietal_Inf_L,Cerebelum_Crus2_R,-0.0145,-0.0145
Cerebelum_Crus2_L,Cerebelum_7b_R,0.0145,0.0145
ParaHippocampal_R,Cerebelum_9_R,0.0145,0.0145
Frontal_Inf_Orb_L,Vermis_10,0.0145,0.0145
Precuneus_R,Cerebelum_Crus2_R,-0.0145,-0.0145
Angular_L,Cerebelum_Crus1_L,0.0145,0.0145
Cerebelum_Crus1_R,Cerebelum_4_5_L,0.0144,0.0144
Frontal_Mid_Orb_L,Vermis_8,0.0144,0.0144
ParaHippocampal_R,Cerebelum_8_R,0.0144,0.0144
Cerebelum_10_R,Vermis_10,0.0144,0.0144
Frontal_Mid_R,Vermis_7,-0.0144,-0.0144
Frontal_Sup_R,Cerebelum_Crus2_R,-0.0143,-0.0143
Occipital_Inf_R,Parietal_Inf_L,0.0143,0.0143
Cerebelum_Crus2_L,Cerebelum_4_5_L,-0.0143,-0.0143
Frontal_Sup_L,Cerebelum_8_R,0.0143,0.0143
Lingual_L,Vermis_9,0.0143,0.0143
Temporal_Inf_R,Cerebelum_8_L,0.0143,0.0143
SupraMarginal_L,Cerebelum_8_R,0.0142,0.0142
Temporal_Mid_R,Cerebelum_Crus2_L,-0.0142,-0.0142
Olfactory_L,Cerebelum_9_L,0.0142,0.0142
Angular_R,Cerebelum_Crus1_R,0.0142,0.0142
Cerebelum_4_5_L,Cerebelum_10_R,0.0142,0.0142
Temporal_Pole_Mid_L,Cerebelum_10_L,0.0142,0.0142
Heschl_L,Cerebelum_8_R,0.0141,0.0141
Temporal_Mid_R,Cerebelum_8_L,0.0141,0.0141
Fusiform_R,Vermis_7,0.0141,0.0141
Rolandic_Oper_R,Cerebelum_Crus2_L,-0.0141,-0.0141
Occipital_Inf_L,Cerebelum_8_R,0.0141,0.0141
Temporal_Mid_L,Cerebelum_Crus2_R,-0.0141,-0.0141
Precentral_R,Cerebelum_Crus2_R,-0.014,-0.014
Temporal_Mid_L,Cerebelum_10_R,0.014,0.014
Pallidum_L,Vermis_8,0.0139,0.0139
Lingual_L,Cerebelum_8_R,0.0139,0.0139
Cerebelum_Crus2_R,Cerebelum_7b_R,0.0139,0.0139
Cingulum_Post_R,Temporal_Pole_Mid_L,0.0139,0.0139
Occipital_Inf_R,Paracentral_Lobule_L,0.0139,0.0139
Parietal_Sup_R,Vermis_8,-0.0138,-0.0138
Cerebelum_Crus2_L,Cerebelum_7b_L,0.0137,0.0137
Cingulum_Post_L,Vermis_10,0.0137,0.0137
Temporal_Pole_Mid_R,Cerebelum_10_R,0.0137,0.0137
Rectus_L,Parietal_Sup_L,0.0137,0.0137
Occipital_Mid_R,Cerebelum_9_L,0.0137,0.0137
Temporal_Pole_Mid_L,Cerebelum_10_R,0.0137,0.0137
Parietal_Sup_R,Cerebelum_8_L,-0.0136,-0.0136
Parietal_Inf_L,Vermis_10,0.0136,0.0136
Temporal_Inf_L,Cerebelum_Crus1_R,0.0136,0.0136
Occipital_Mid_L,Vermis_10,0.0134,0.0134
Cerebelum_8_R,Vermis_3,0.0134,0.0134
Cerebelum_Crus1_R,Vermis_6,0.0134,0.0134
Vermis_7,Vermis_10,0.0134,0.0134
Olfactory_L,Cerebelum_8_R,0.0134,0.0134
Calcarine_R,Cerebelum_Crus2_R,-0.0133,-0.0133
Lingual_L,Cerebelum_Crus2_L,-0.0133,-0.0133
Frontal_Inf_Orb_R,Cerebelum_Crus2_R,-0.0133,-0.0133
Precuneus_R,Temporal_Pole_Mid_R,0.0133,0.0133
Supp_Motor_Area_L,Cerebelum_9_L,0.0132,0.0132
Cerebelum_Crus2_L,Cerebelum_3_L,-0.0132,-0.0132
Frontal_Inf_Orb_L,Vermis_8,0.0131,0.0131
Fusiform_L,Cerebelum_10_R,0.0131,0.0131
Cerebelum_10_R,Vermis_4_5,0.0131,0.0131
Amygdala_L,Cerebelum_10_R,0.0131,0.0131
Temporal_Pole_Sup_R,Cerebelum_9_R,0.0131,0.0131
Precentral_L,Vermis_8,-0.0131,-0.0131
Frontal_Inf_Oper_L,Temporal_Pole_Mid_L,0.013,0.013
Precentral_R,Vermis_8,-0.013,-0.013
Heschl_R,Cerebelum_Crus2_R,-0.013,-0.013
Occipital_Mid_L,Cerebelum_Crus2_R,-0.0129,-0.0129
Insula_L,Cerebelum_8_R,0.0129,0.0129
Pallidum_R,Vermis_10,0.0129,0.0129
Olfactory_L,Vermis_8,0.0129,0.0129
Temporal_Pole_Mid_R,Cerebelum_8_L,0.0129,0.0129
Cerebelum_6_L,Cerebelum_10_R,0.0129,0.0129
Cerebelum_3_L,Vermis_9,0.0129,0.0129
Calcarine_R,Cerebelum_10_R,0.0129,0.0129
Rectus_L,Cerebelum_9_R,0.0128,0.0128
Temporal_Inf_L,Vermis_9,0.0128,0.0128
Cerebelum_3_R,Cerebelum_10_R,0.0128,0.0128
Frontal_Mid_L,Cerebelum_8_R,0.0128,0.0128
Cerebelum_9_L,Cerebelum_10_L,0.0128,0.0128
Frontal_Mid_Orb_L,Cerebelum_9_R,0.0128,0.0128
Cuneus_R,Vermis_10,0.0128,0.0128
Fusiform_L,Cerebelum_9_R,0.0127,0.0127
Cuneus_L,Vermis_10,0.0126,0.0126
Cingulum_Ant_R,Cerebelum_8_R,0.0126,0.0126
Occipital_Inf_R,SupraMarginal_R,-0.0126,-0.0126
Cerebelum_3_L,Cerebelum_10_R,0.0126,0.0126
Frontal_Sup_R,Cerebelum_9_L,0.0126,0.0126
Calcarine_L,Cerebelum_Crus1_R,0.0125,0.0125
Paracentral_Lobule_L,Cerebelum_8_L,-0.0125,-0.0125
Amygdala_L,Cerebelum_9_R,0.0125,0.0125
Frontal_Mid_Orb_R,Cerebelum_Crus2_R,-0.0125,-0.0125
Cerebelum_7b_R,Vermis_7,-0.0125,-0.0125
Cingulum_Ant_R,Vermis_8,0.0125,0.0125
Cerebelum_4_5_R,Vermis_8,0.0124,0.0124
Insula_L,Vermis_8,0.0124,0.0124
Hippocampus_R,Cerebelum_10_R,0.0124,0.0124
Vermis_7,Vermis_9,0.0124,0.0124
Caudate_L,Vermis_8,0.0124,0.0124
Frontal_Inf_Oper_R,Cerebelum_Crus1_L,0.0124,0.0124
Occipital_Inf_R,Temporal_Pole_Sup_R,0.0124,0.0124
Frontal_Sup_R,Cerebelum_8_R,0.0124,0.0124
Calcarine_R,Vermis_9,0.0124,0.0124
Temporal_Sup_L,Cerebelum_10_R,0.0123,0.0123
Cingulum_Ant_R,Cerebelum_Crus2_R,-0.0123,-0.0123
Occipital_Inf_R,Vermis_1_2,-0.0123,-0.0123
Parietal_Sup_L,Cerebelum_9_R,-0.0123,-0.0123
Occipital_Inf_L,Vermis_10,0.0123,0.0123
Frontal_Sup_Orb_L,Vermis_8,0.0123,0.0123
Fusiform_R,Cerebelum_10_R,0.0123,0.0123
Rolandic_Oper_L,Cerebelum_10_L,0.0123,0.0123
Parietal_Sup_R,Temporal_Pole_Mid_L,-0.0122,-0.0122
Temporal_Inf_L,Cerebelum_10_R,0.0122,0.0122
Cerebelum_8_R,Vermis_4_5,0.0122,0.0122
Frontal_Inf_Orb_R,Vermis_10,0.0122,0.0122
Cerebelum_Crus2_L,Cerebelum_6_R,-0.0122,-0.0122
Frontal_Mid_L,Cerebelum_Crus2_R,-0.0121,-0.0121
Frontal_Mid_R,Cerebelum_9_L,0.0121,0.0121
Postcentral_L,Cerebelum_Crus2_R,-0.0121,-0.0121
Rolandic_Oper_R,Vermis_10,0.0121,0.0121
Precentral_R,Cerebelum_Crus1_R,0.0121,0.0121
Calcarine_L,Vermis_10,0.012,0.012
Precuneus_L,Cerebelum_Crus2_R,-0.012,-0.012
Frontal_Mid_Orb_R,Vermis_10,0.012,0.012
Angular_L,Cerebelum_10_R,0.0119,0.0119
Fusiform_R,Cerebelum_9_L,0.0119,0.0119
Angular_R,Vermis_1_2,0.0119,0.0119
Cerebelum_10_L,Vermis_4_5,0.0119,0.0119
Cerebelum_Crus2_R,Vermis_6,-0.0119,-0.0119
Olfactory_R,Vermis_10,0.0118,0.0118
Paracentral_Lobule_R,Cerebelum_Crus2_R,-0.0118,-0.0118
Hippocampus_R,Cerebelum_Crus1_R,0.0118,0.0118
Occipital_Sup_R,Vermis_9,-0.0118,-0.0118
Rectus_L,Cerebelum_Crus2_R,-0.0118,-0.0118
Frontal_Sup_Medial_L,Cerebelum_Crus2_R,-0.0118,-0.0118
Cerebelum_4_5_L,Cerebelum_8_R,0.0117,0.0117
Cingulum_Post_R,Cerebelum_9_L,0.0117,0.0117
Cerebelum_9_L,Vermis_8,0.0117,0.0117
Cerebelum_Crus1_R,Cerebelum_8_R,0.0117,0.0117
Caudate_R,Vermis_8,0.0117,0.0117
Rolandic_Oper_R,Cerebelum_9_L,0.0116,0.0116
Frontal_Inf_Oper_L,Cerebelum_8_L,-0.0116,-0.0116
Occipital_Mid_R,Cerebelum_Crus2_R,-0.0116,-0.0116
Temporal_Pole_Mid_R,Cerebelum_8_R,0.0116,0.0116
Temporal_Inf_R,Vermis_9,0.0116,0.0116
ParaHippocampal_L,Cerebelum_9_R,0.0116,0.0116
Paracentral_Lobule_L,Cerebelum_Crus2_R,-0.0116,-0.0116
Amygdala_L,Cerebelum_8_L,0.0116,0.0116
Rolandic_Oper_R,Cerebelum_8_R,0.0115,0.0115
Parietal_Sup_R,Cerebelum_Crus1_R,0.0115,0.0115
Heschl_R,Vermis_8,0.0115,0.0115
Insula_R,Cerebelum_9_L,0.0115,0.0115
Frontal_Sup_Medial_R,Cerebelum_8_R,0.0115,0.0115
Frontal_Med_Orb_L,Cerebelum_Crus2_R,-0.0114,-0.0114
Calcarine_L,Vermis_7,-0.0114,-0.0114
Temporal_Mid_R,Vermis_8,0.0114,0.0114
Thalamus_L,Cerebelum_Crus2_L,0.0114,0.0114
Lingual_R,Cerebelum_8_R,0.0114,0.0114
Postcentral_R,Vermis_8,-0.0114,-0.0114
Parietal_Inf_R,Cerebelum_8_L,-0.0113,-0.0113
Cerebelum_10_L,Vermis_6,0.0113,0.0113
Cerebelum_10_R,Vermis_1_2,0.0113,0.0113
Frontal_Mid_Orb_L,Cerebelum_Crus2_R,-0.0113,-0.0113
Frontal_Inf_Oper_R,Cerebelum_7b_L,-0.0112,-0.0112
Temporal_Inf_R,Cerebelum_7b_R,-0.0112,-0.0112
Precentral_R,Cerebelum_8_L,-0.0112,-0.0112
Precuneus_R,Cerebelum_Crus1_R,0.0112,0.0112
Cerebelum_Crus2_L,Vermis_3,-0.0112,-0.0112
Cerebelum_7b_R,Cerebelum_10_L,-0.0112,-0.0112
Precentral_L,Cerebelum_10_L,0.0112,0.0112
Temporal_Inf_L,Vermis_7,0.0112,0.0112
Paracentral_Lobule_L,Temporal_Pole_Mid_L,-0.0112,-0.0112
Temporal_Pole_Mid_L,Cerebelum_Crus2_R,-0.0112,-0.0112
Cuneus_R,Cerebelum_8_L,0.0112,0.0112
Precuneus_R,Vermis_10,0.0111,0.0111
Frontal_Mid_Orb_R,Vermis_8,0.0111,0.0111
Frontal_Inf_Oper_R,Occipital_Inf_L,0.0111,0.0111
Cerebelum_6_R,Cerebelum_10_R,0.0111,0.0111
Caudate_R,Cerebelum_8_R,0.0111,0.0111
Frontal_Mid_R,Cerebelum_Crus2_R,-0.0111,-0.0111
Amygdala_L,Parietal_Inf_R,-0.0111,-0.0111
Thalamus_L,Cerebelum_8_R,0.0111,0.0111
Angular_L,Vermis_9,0.0111,0.0111
Temporal_Pole_Mid_L,Vermis_9,0.0111,0.0111
Temporal_Inf_R,Vermis_7,0.0111,0.0111
Parietal_Inf_R,Cerebelum_10_R,0.0111,0.0111
Temporal_Inf_R,Vermis_10,0.011,0.011
Vermis_3,Vermis_8,0.011,0.011
Cingulum_Ant_L,Cerebelum_8_R,0.011,0.011
Parietal_Inf_R,Cerebelum_7b_L,-0.011,-0.011
Paracentral_Lobule_R,Vermis_7,-0.011,-0.011
Cerebelum_Crus1_R,Vermis_3,0.011,0.011
Amygdala_R,Cerebelum_9_L,0.011,0.011
Rolandic_Oper_R,Cerebelum_Crus2_R,-0.011,-0.011
Cerebelum_Crus1_R,Cerebelum_9_L,0.011,0.011
Cerebelum_Crus2_R,Vermis_4_5,-0.011,-0.011
Precentral_R,Cerebelum_10_L,0.0109,0.0109
Frontal_Inf_Orb_R,Cerebelum_9_R,0.0109,0.0109
Frontal_Inf_Oper_L,Temporal_Inf_R,0.0109,0.0109
Temporal_Pole_Sup_R,Cerebelum_8_R,0.0108,0.0108
Cingulum_Ant_L,Cerebelum_Crus2_R,-0.0108,-0.0108
Occipital_Inf_R,Parietal_Sup_R,-0.0108,-0.0108
Frontal_Inf_Oper_L,Cerebelum_3_R,0.0108,0.0108
Hippocampus_L,Vermis_8,0.0107,0.0107
Amygdala_L,Cerebelum_Crus2_R,-0.0107,-0.0107
Fusiform_R,Cerebelum_7b_R,0.0107,0.0107
Thalamus_L,Cerebelum_10_R,0.0107,0.0107
Frontal_Inf_Tri_L,Vermis_7,0.0107,0.0107
Rolandic_Oper_L,Cerebelum_9_L,0.0106,0.0106
Fusiform_R,Vermis_8,0.0106,0.0106
Occipital_Inf_R,Cerebelum_Crus2_R,0.0106,0.0106
Amygdala_L,Cerebelum_Crus2_L,0.0106,0.0106
Rectus_R,Cerebelum_10_R,0.0106,0.0106
Frontal_Mid_R,Cerebelum_10_L,0.0105,0.0105
Olfactory_R,Parietal_Sup_R,-0.0105,-0.0105
Temporal_Pole_Sup_R,Cerebelum_8_L,0.0105,0.0105
Occipital_Mid_L,Cerebelum_Crus1_R,0.0104,0.0104
Cerebelum_8_L,Cerebelum_8_R,0.0104,0.0104
Cerebelum_7b_L,Cerebelum_10_R,-0.0104,-0.0104
Cingulum_Ant_R,Cerebelum_Crus2_L,-0.0104,-0.0104
Frontal_Mid_L,Cerebelum_Crus1_R,0.0103,0.0103
Temporal_Mid_R,Cerebelum_9_R,0.0103,0.0103
Thalamus_L,Cerebelum_9_L,0.0103,0.0103
SupraMarginal_L,Temporal_Pole_Mid_L,0.0103,0.0103
Cerebelum_8_R,Cerebelum_9_L,0.0103,0.0103
Frontal_Sup_R,Vermis_7,0.0103,0.0103
Cerebelum_6_R,Vermis_9,0.0102,0.0102
Paracentral_Lobule_L,Vermis_7,-0.0102,-0.0102
Parietal_Sup_R,Cerebelum_8_R,-0.0102,-0.0102
Parietal_Sup_R,Cerebelum_9_R,-0.0102,-0.0102
Parietal_Inf_R,Vermis_8,-0.0102,-0.0102
Occipital_Inf_R,Cerebelum_Crus1_R,0.0101,0.0101
Putamen_L,Cerebelum_10_L,0.0101,0.0101
Cerebelum_10_L,Vermis_10,0.0101,0.0101
Cuneus_R,Vermis_7,-0.01,-0.01
Angular_L,Cerebelum_8_R,0.01,0.01
Cerebelum_Crus1_L,Cerebelum_3_R,0.01,0.01
Occipital_Inf_R,Vermis_7,0.01,0.01
Insula_R,Cerebelum_Crus2_R,-0.01,-0.01
Frontal_Sup_Medial_L,Cerebelum_Crus2_L,0.01,0.01
Cerebelum_3_L,Cerebelum_9_L,0.01,0.01
Occipital_Mid_R,Cerebelum_8_R,-0.01,-0.01
Cerebelum_6_R,Cerebelum_9_R,0.01,0.01
Pallidum_R,Cerebelum_10_R,0.0099,0.0099
Amygdala_L,Cerebelum_8_R,0.0099,0.0099
Frontal_Mid_Orb_R,Cerebelum_10_L,0.0099,0.0099
Frontal_Sup_L,Cerebelum_10_R,0.0099,0.0099
Hippocampus_L,Temporal_Inf_R,0.0099,0.0099
Caudate_L,Vermis_9,0.0099,0.0099
Amygdala_R,Vermis_9,0.0099,0.0099
SupraMarginal_R,Cerebelum_Crus2_L,-0.0099,-0.0099
Occipital_Inf_L,Vermis_9,0.0098,0.0098
Amygdala_R,Cerebelum_7b_R,-0.0098,-0.0098
Occipital_Inf_R,Caudate_L,0.0098,0.0098
Fusiform_R,Cerebelum_8_R,0.0098,0.0098
Frontal_Inf_Oper_L,Vermis_10,0.0098,0.0098
Frontal_Inf_Orb_L,Cerebelum_8_L,0.0098,0.0098
Thalamus_R,Cerebelum_9_L,0.0098,0.0098
Cerebelum_7b_R,Vermis_9,-0.0098,-0.0098
Hippocampus_L,Cerebelum_7b_L,-0.0098,-0.0098
Insula_R,Cerebelum_7b_L,-0.0098,-0.0098
Lingual_R,Cerebelum_9_R,0.0097,0.0097
Paracentral_Lobule_L,Vermis_8,-0.0097,-0.0097
Cerebelum_6_L,Cerebelum_10_L,0.0097,0.0097
Parietal_Sup_L,Cerebelum_Crus1_R,0.0097,0.0097
Frontal_Mid_L,Cerebelum_Crus2_L,0.0097,0.0097
Cerebelum_8_L,Cerebelum_9_L,0.0096,0.0096
Insula_L,Cerebelum_10_R,0.0096,0.0096
Rectus_R,Cerebelum_Crus2_R,-0.0096,-0.0096
Rolandic_Oper_L,Cerebelum_Crus2_R,-0.0096,-0.0096
Precentral_L,Cerebelum_8_L,-0.0096,-0.0096
Frontal_Mid_Orb_R,Occipital_Inf_L,0.0096,0.0096
Pallidum_L,Cerebelum_8_R,0.0096,0.0096
Temporal_Mid_R,Cerebelum_10_L,0.0095,0.0095
Rolandic_Oper_R,Cerebelum_10_L,0.0095,0.0095
Supp_Motor_Area_R,Cerebelum_9_L,0.0095,0.0095
Postcentral_R,Cerebelum_Crus2_R,-0.0095,-0.0095
Hippocampus_R,Cerebelum_Crus2_R,-0.0095,-0.0095
Cingulum_Ant_L,Cerebelum_10_R,0.0095,0.0095
Cerebelum_8_L,Cerebelum_9_R,0.0095,0.0095
Putamen_L,Vermis_8,0.0095,0.0095
Temporal_Pole_Mid_L,Cerebelum_Crus2_L,0.0095,0.0095
Insula_L,Cerebelum_10_L,0.0095,0.0095
Frontal_Inf_Orb_L,Cerebelum_8_R,0.0094,0.0094
Cerebelum_3_L,Cerebelum_10_L,0.0094,0.0094
Cingulum_Mid_L,Occipital_Inf_R,-0.0094,-0.0094
Paracentral_Lobule_L,Cerebelum_10_L,0.0094,0.0094
Occipital_Mid_L,Cerebelum_9_L,0.0093,0.0093
Cingulum_Mid_L,Cerebelum_9_L,0.0093,0.0093
Olfactory_L,Cerebelum_Crus2_R,-0.0093,-0.0093
Occipital_Sup_L,Vermis_8,0.0093,0.0093
Heschl_R,Cerebelum_9_L,0.0092,0.0092
Fusiform_R,Cerebelum_9_R,0.0092,0.0092
Cingulum_Ant_R,Cerebelum_10_R,0.0092,0.0092
Frontal_Inf_Oper_L,Cerebelum_Crus1_R,0.0092,0.0092
Frontal_Sup_L,Cerebelum_9_L,0.0092,0.0092
Temporal_Mid_L,Cerebelum_9_R,0.0091,0.0091
Parietal_Inf_L,Vermis_9,0.0091,0.0091
Cuneus_L,Cerebelum_Crus2_R,-0.0091,-0.0091
Occipital_Mid_L,Cerebelum_Crus2_L,-0.0091,-0.0091
Putamen_R,Cerebelum_7b_L,-0.0091,-0.0091
Angular_L,Temporal_Pole_Mid_L,0.0091,0.0091
Temporal_Pole_Mid_L,Cerebelum_Crus1_R,-0.0091,-0.0091
Postcentral_R,Cerebelum_8_R,-0.0091,-0.0091
Rolandic_Oper_R,Cerebelum_7b_L,-0.0091,-0.0091
Cerebelum_8_L,Vermis_7,0.0091,0.0091
Cerebelum_7b_R,Cerebelum_9_L,0.009,0.009
Temporal_Sup_R,Cerebelum_Crus2_R,-0.009,-0.009
Frontal_Mid_Orb_R,Cerebelum_9_R,0.0089,0.0089
Temporal_Pole_Mid_L,Cerebelum_8_R,-0.0089,-0.0089
Frontal_Mid_L,Vermis_8,-0.0089,-0.0089
Frontal_Inf_Oper_L,Cerebelum_7b_L,-0.0089,-0.0089
Temporal_Sup_L,Vermis_9,0.0089,0.0089
Amygdala_R,Cerebelum_7b_L,-0.0089,-0.0089
Cerebelum_8_R,Cerebelum_10_R,0.0089,0.0089
Temporal_Mid_L,Vermis_9,0.0088,0.0088
Thalamus_L,Vermis_9,0.0088,0.0088
Precuneus_R,Cerebelum_Crus2_L,-0.0088,-0.0088
Caudate_L,Cerebelum_8_R,0.0088,0.0088
Frontal_Mid_L,Cerebelum_10_L,0.0088,0.0088
Cerebelum_10_R,Vermis_6,0.0088,0.0088
Lingual_L,Cerebelum_9_R,0.0088,0.0088
Cerebelum_9_R,Cerebelum_10_R,0.0088,0.0088
Postcentral_L,Cerebelum_Crus2_L,0.0088,0.0088
Temporal_Mid_L,Vermis_7,0.0088,0.0088
Cingulum_Mid_R,Vermis_7,-0.0088,-0.0088
Frontal_Med_Orb_R,Cerebelum_9_L,0.0088,0.0088
Fusiform_L,Cerebelum_7b_L,-0.0087,-0.0087
Cerebelum_9_L,Vermis_1_2,0.0087,0.0087
Temporal_Inf_R,Cerebelum_10_L,0.0087,0.0087
Precentral_R,Cerebelum_9_L,0.0087,0.0087
Temporal_Mid_L,Cerebelum_9_L,0.0087,0.0087
Heschl_L,Vermis_8,-0.0087,-0.0087
Parietal_Inf_R,Cerebelum_9_L,0.0087,0.0087
Cingulum_Ant_L,Cerebelum_9_L,0.0087,0.0087
Temporal_Pole_Sup_R,Cerebelum_10_L,0.0086,0.0086
Lingual_R,Cerebelum_10_L,0.0086,0.0086
Parietal_Inf_R,Vermis_9,-0.0086,-0.0086
Postcentral_L,Cerebelum_8_L,-0.0086,-0.0086
Amygdala_R,Cerebelum_Crus2_L,-0.0086,-0.0086
Cerebelum_Crus2_R,Vermis_8,0.0086,0.0086
Angular_R,Cerebelum_9_R,-0.0085,-0.0085
Thalamus_R,Vermis_9,0.0085,0.0085
Cingulum_Mid_L,Cerebelum_10_R,0.0085,0.0085
Supp_Motor_Area_R,Cerebelum_8_R,0.0085,0.0085
Frontal_Med_Orb_R,Cerebelum_Crus2_R,-0.0085,-0.0085
Thalamus_L,Cerebelum_10_L,0.0085,0.0085
Occipital_Sup_R,Cerebelum_8_L,0.0085,0.0085
Postcentral_R,Cerebelum_10_L,0.0085,0.0085
Occipital_Sup_R,Cerebelum_9_L,0.0085,0.0085
Fusiform_L,Cerebelum_7b_R,0.0084,0.0084
Precentral_R,Vermis_7,-0.0084,-0.0084
Putamen_L,Cerebelum_10_R,0.0084,0.0084
Cerebelum_6_R,Cerebelum_10_L,0.0084,0.0084
Thalamus_L,Cerebelum_7b_L,-0.0084,-0.0084
Putamen_L,Cerebelum_9_L,0.0084,0.0084
Temporal_Pole_Mid_R,Vermis_9,0.0084,0.0084
Cerebelum_9_R,Vermis_6,0.0084,0.0084
Cuneus_L,Cerebelum_Crus2_L,-0.0084,-0.0084
ParaHippocampal_R,Vermis_8,0.0084,0.0084
Cerebelum_8_L,Vermis_10,0.0084,0.0084
Postcentral_R,Cerebelum_8_L,-0.0083,-0.0083
Putamen_R,Cerebelum_10_L,0.0083,0.0083
Precuneus_R,Vermis_8,-0.0083,-0.0083
Cerebelum_10_R,Vermis_3,0.0083,0.0083
Parietal_Sup_L,Cerebelum_Crus2_R,-0.0083,-0.0083
Cingulum_Mid_R,Cerebelum_10_R,0.0082,0.0082
Frontal_Mid_R,Temporal_Pole_Mid_L,0.0082,0.0082
Cingulum_Mid_R,Cerebelum_Crus2_L,0.0082,0.0082
ParaHippocampal_L,Cerebelum_Crus2_L,0.0082,0.0082
Frontal_Inf_Oper_R,Temporal_Pole_Mid_L,0.0082,0.0082
SupraMarginal_L,Cerebelum_Crus2_R,-0.0082,-0.0082
Frontal_Sup_R,Cerebelum_10_L,0.0081,0.0081
Cerebelum_7b_L,Vermis_9,-0.0081,-0.0081
Occipital_Sup_L,Vermis_10,0.0081,0.0081
Frontal_Inf_Oper_R,Cerebelum_Crus2_R,-0.0081,-0.0081
Temporal_Pole_Sup_L,Cerebelum_10_L,0.0081,0.0081
Occipital_Mid_L,Vermis_9,0.0081,0.0081
Frontal_Inf_Tri_L,Vermis_10,0.0081,0.0081
Cingulum_Mid_R,Temporal_Pole_Mid_L,0.008,0.008
Angular_R,Vermis_9,-0.008,-0.008
Hippocampus_L,Cerebelum_Crus1_R,0.008,0.008
Frontal_Mid_Orb_L,Cerebelum_8_L,0.008,0.008
Frontal_Inf_Tri_R,Cerebelum_7b_L,-0.008,-0.008
Occipital_Mid_R,Cerebelum_10_L,0.008,0.008
Cingulum_Mid_L,Cerebelum_Crus2_L,0.008,0.008
Paracentral_Lobule_L,Cerebelum_9_L,0.008,0.0079
Temporal_Pole_Mid_R,Vermis_8,0.008,0.008
Pallidum_L,Cerebelum_8_L,0.008,0.008
Occipital_Inf_R,Precuneus_R,0.008,0.008
Thalamus_R,Cerebelum_Crus2_R,-0.0079,-0.0079
Frontal_Sup_Orb_R,Vermis_9,0.0079,0.0079
Cingulum_Mid_L,Cerebelum_Crus2_R,-0.0079,-0.0079
Cingulum_Post_L,Cerebelum_Crus2_L,-0.0079,-0.0079
Cingulum_Mid_L,Cerebelum_10_L,0.0079,0.0079
Putamen_R,Cerebelum_10_R,0.0079,0.0079
Frontal_Inf_Oper_R,Vermis_10,0.0079,0.0079
Occipital_Inf_R,SupraMarginal_L,0.0079,0.0079
Olfactory_L,Cerebelum_9_R,0.0079,0.0079
Temporal_Mid_R,Cerebelum_10_R,0.0079,0.0079
Cerebelum_4_5_R,Cerebelum_7b_R,0.0079,0.0079
Frontal_Inf_Tri_L,Cerebelum_7b_L,-0.0078,-0.0078
Temporal_Mid_R,Cerebelum_8_R,0.0078,0.0078
Cuneus_L,Cerebelum_8_R,0.0078,0.0078
Thalamus_R,Cerebelum_Crus1_R,0.0078,0.0078
Occipital_Inf_R,Parietal_Inf_R,-0.0078,-0.0078
Occipital_Mid_L,Vermis_8,0.0078,0.0078
SupraMarginal_R,Vermis_10,0.0078,0.0078
Frontal_Sup_Medial_R,Occipital_Inf_R,0.0078,0.0078
Frontal_Inf_Orb_L,Cerebelum_Crus2_L,-0.0077,-0.0077
Temporal_Sup_L,Cerebelum_7b_L,-0.0077,-0.0077
Temporal_Sup_R,Cerebelum_10_L,0.0077,0.0077
Insula_L,Cerebelum_7b_L,-0.0077,-0.0077
Vermis_4_5,Vermis_8,0.0076,0.0076
Parietal_Inf_L,Cerebelum_9_L,0.0076,0.0076
Occipital_Mid_R,Cerebelum_7b_L,0.0076,0.0076
Frontal_Inf_Orb_R,Cerebelum_8_R,0.0076,0.0076
Occipital_Inf_L,Cerebelum_10_L,0.0076,0.0076
Calcarine_R,Cerebelum_8_R,0.0076,0.0076
Cerebelum_9_R,Vermis_7,0.0076,0.0076
SupraMarginal_L,Cerebelum_10_R,0.0076,0.0076
Parietal_Sup_L,Cerebelum_8_R,-0.0075,-0.0075
Frontal_Inf_Orb_L,Cerebelum_9_L,0.0075,0.0075
SupraMarginal_R,Cerebelum_9_L,0.0075,0.0075
SupraMarginal_R,Vermis_7,0.0075,0.0075
Cerebelum_Crus2_L,Vermis_10,0.0075,0.0075
Frontal_Med_Orb_R,Vermis_9,0.0075,0.0075
Occipital_Sup_L,Cerebelum_7b_L,0.0074,0.0074
Heschl_L,Cerebelum_Crus2_R,-0.0074,-0.0074
Caudate_R,Vermis_9,0.0074,0.0074
Frontal_Inf_Tri_L,Cerebelum_9_L,0.0074,0.0074
Amygdala_R,Parietal_Sup_R,0.0074,0.0074
Calcarine_R,Cerebelum_9_R,0.0074,0.0074
Insula_R,Vermis_10,0.0074,0.0074
Temporal_Inf_R,Cerebelum_Crus1_L,-0.0074,-0.0074
Frontal_Sup_Orb_L,Cerebelum_7b_L,-0.0074,-0.0074
Frontal_Sup_Orb_L,Vermis_9,0.0073,0.0073
Precentral_L,Vermis_7,0.0073,0.0073
Temporal_Pole_Mid_R,Cerebelum_Crus1_R,0.0073,0.0073
Frontal_Sup_L,Cerebelum_Crus2_L,0.0073,0.0073
Cingulum_Mid_R,Cerebelum_10_L,0.0073,0.0073
Cerebelum_Crus2_L,Vermis_6,-0.0073,-0.0073
Insula_R,Cerebelum_10_L,0.0073,0.0073
Occipital_Mid_L,Cerebelum_7b_R,-0.0073,-0.0073
Thalamus_R,Cerebelum_10_R,0.0073,0.0073
Frontal_Mid_L,Temporal_Pole_Mid_L,0.0073,0.0073
Cingulum_Mid_R,Cerebelum_Crus2_R,-0.0073,-0.0073
Cerebelum_Crus2_L,Cerebelum_8_L,0.0073,0.0073
Frontal_Inf_Oper_L,Cerebelum_9_L,0.0072,0.0072
Frontal_Mid_Orb_R,Cerebelum_7b_L,-0.0072,-0.0072
Occipital_Inf_L,Occipital_Inf_R,0.0072,0.0072
Frontal_Inf_Orb_R,Cerebelum_10_L,0.0072,0.0072
Frontal_Inf_Tri_L,Vermis_8,0.0072,0.0072
Putamen_L,Cerebelum_8_R,0.0072,0.0072
Frontal_Inf_Oper_R,Vermis_1_2,0.0072,0.0072
Supp_Motor_Area_R,Cerebelum_10_L,0.0072,0.0072
Putamen_R,Cerebelum_Crus2_R,-0.0072,-0.0072
Olfactory_L,Vermis_7,0.0071,0.0071
Putamen_L,Cerebelum_9_R,0.0071,0.0071
Caudate_R,Cerebelum_Crus2_L,-0.0071,-0.0071
Thalamus_R,Cerebelum_10_L,0.0071,0.0071
Heschl_L,Cerebelum_Crus2_L,-0.0071,-0.0071
Cerebelum_3_R,Vermis_9,0.0071,0.0071
Cerebelum_7b_R,Vermis_6,-0.0071,-0.0071
Cerebelum_10_R,Vermis_9,0.0071,0.0071
Frontal_Inf_Oper_R,Temporal_Inf_R,0.0071,0.0071
Frontal_Inf_Tri_R,Cerebelum_10_L,0.0071,0.0071
Cingulum_Ant_L,Vermis_8,0.007,0.007
Occipital_Mid_L,Cerebelum_10_L,0.007,0.007
SupraMarginal_L,Cerebelum_10_L,0.007,0.007
Occipital_Inf_R,Cerebelum_9_L,-0.007,-0.007
Rolandic_Oper_L,Cerebelum_7b_R,-0.007,-0.007
Occipital_Sup_L,Cerebelum_8_R,0.007,0.007
Precentral_L,Cerebelum_9_L,0.007,0.007
Occipital_Inf_R,Precuneus_L,0.007,0.007
Parietal_Inf_L,Cerebelum_Crus1_R,-0.007,-0.007
Rolandic_Oper_L,Vermis_10,0.007,0.007
Caudate_R,Temporal_Pole_Mid_L,0.007,0.007
Angular_R,Cerebelum_Crus2_R,-0.007,-0.007
Frontal_Sup_Orb_R,Cerebelum_10_R,0.007,0.007
Frontal_Med_Orb_R,Cerebelum_10_R,0.007,0.007
Supp_Motor_Area_L,Cerebelum_10_L,0.007,0.007
Precentral_R,Vermis_1_2,0.007,0.007
Temporal_Inf_L,Cerebelum_8_L,-0.007,-0.007
Heschl_R,Cerebelum_9_R,0.0069,0.0069
Temporal_Inf_L,Cerebelum_7b_L,-0.0069,-0.0069
Frontal_Med_Orb_L,Cerebelum_8_L,-0.0069,-0.0069
Postcentral_R,Vermis_9,0.0069,0.0069
Cerebelum_10_L,Vermis_9,0.0069,0.0069
Frontal_Inf_Tri_L,Cerebelum_Crus2_R,0.0069,0.0069
Temporal_Sup_R,Vermis_10,0.0068,0.0068
Hippocampus_L,Cerebelum_Crus2_L,0.0068,0.0068
Frontal_Sup_Medial_L,Cerebelum_8_R,0.0068,0.0068
Frontal_Sup_Medial_R,Cerebelum_8_L,0.0068,0.0068
Cerebelum_7b_R,Cerebelum_10_R,0.0068,0.0068
Frontal_Mid_Orb_L,Cerebelum_Crus2_L,-0.0068,-0.0068
Rectus_L,Cerebelum_7b_L,-0.0068,-0.0068
Frontal_Inf_Oper_L,Cerebelum_10_L,0.0068,0.0068
Frontal_Mid_L,Vermis_7,0.0068,0.0068
Heschl_R,Cerebelum_10_R,0.0068,0.0068
Cerebelum_9_L,Cerebelum_10_R,0.0068,0.0068
Occipital_Sup_L,Cerebelum_Crus2_R,-0.0068,-0.0068
Frontal_Mid_R,Cerebelum_8_L,-0.0068,-0.0068
Occipital_Mid_L,Cerebelum_10_R,0.0068,0.0068
Cingulum_Post_R,Vermis_9,0.0068,0.0068
Pallidum_L,Cerebelum_9_L,0.0068,0.0068
Frontal_Inf_Oper_R,Cerebelum_8_R,-0.0068,-0.0068
Parietal_Inf_L,Vermis_8,-0.0067,-0.0067
Lingual_L,Cerebelum_7b_L,-0.0067,-0.0067
SupraMarginal_L,Vermis_8,-0.0067,-0.0067
Precuneus_L,Cerebelum_7b_R,0.0067,0.0067
Cerebelum_Crus1_L,Cerebelum_10_R,0.0067,0.0067
Parietal_Sup_L,Vermis_10,0.0067,0.0067
Postcentral_L,Cerebelum_8_R,-0.0067,-0.0067
Amygdala_L,Cerebelum_7b_L,-0.0067,-0.0067
Heschl_R,Vermis_9,0.0067,0.0067
Amygdala_R,Cerebelum_10_L,0.0067,0.0067
Frontal_Sup_Orb_R,Cerebelum_8_L,0.0067,0.0067
Calcarine_L,Cerebelum_10_L,0.0066,0.0066
Cerebelum_7b_R,Vermis_1_2,0.0066,0.0066
Insula_L,Cerebelum_9_R,0.0066,0.0066
Parietal_Sup_R,Vermis_9,-0.0066,-0.0066
Amygdala_R,Parietal_Sup_L,0.0066,0.0066
Calcarine_R,Vermis_8,0.0066,0.0066
Occipital_Inf_R,Angular_L,0.0066,0.0066
Frontal_Inf_Oper_L,Vermis_8,0.0066,0.0066
Pallidum_L,Vermis_9,0.0066,0.0066
Frontal_Sup_R,Temporal_Pole_Mid_L,0.0066,0.0066
ParaHippocampal_L,Cerebelum_7b_L,-0.0066,-0.0066
Parietal_Inf_L,Cerebelum_9_R,-0.0065,-0.0065
Occipital_Sup_L,Vermis_9,-0.0065,-0.0065
Thalamus_L,Cerebelum_Crus2_R,-0.0065,-0.0065
Frontal_Inf_Orb_R,Cerebelum_8_L,0.0065,0.0065
Frontal_Med_Orb_L,Vermis_9,-0.0065,-0.0065
Lingual_L,Cerebelum_10_L,0.0065,0.0065
Frontal_Sup_L,Vermis_9,0.0065,0.0065
Cingulum_Post_R,Cerebelum_10_R,0.0065,0.0065
Pallidum_R,Cerebelum_Crus2_R,-0.0065,-0.0065
Frontal_Inf_Tri_L,Temporal_Pole_Mid_L,0.0064,0.0064
Precentral_R,Cerebelum_7b_L,-0.0064,-0.0064
Thalamus_L,Vermis_8,0.0064,0.0064
Cerebelum_4_5_L,Cerebelum_7b_R,0.0064,0.0064
Caudate_L,Cerebelum_9_R,0.0064,0.0064
Insula_R,Cerebelum_9_R,0.0064,0.0064
Olfactory_R,Cerebelum_10_R,0.0064,0.0064
Cerebelum_Crus1_L,Cerebelum_7b_R,-0.0064,-0.0064
Rectus_R,Cerebelum_9_R,0.0064,0.0064
Paracentral_Lobule_L,Vermis_9,0.0063,0.0063
Rolandic_Oper_R,Cerebelum_10_R,0.0063,0.0063
Supp_Motor_Area_R,Vermis_8,-0.0063,-0.0063
Precuneus_R,Cerebelum_9_L,0.0063,0.0063
Frontal_Sup_Medial_L,Cerebelum_9_R,-0.0063,-0.0063
Parietal_Inf_L,Cerebelum_10_L,0.0063,0.0063
Frontal_Sup_R,Cerebelum_10_R,0.0063,0.0063
Cingulum_Post_L,Cerebelum_10_R,0.0063,0.0063
Temporal_Sup_L,Cerebelum_9_R,0.0063,0.0063
Postcentral_L,Cerebelum_9_R,-0.0063,-0.0063
Calcarine_L,Cerebelum_8_L,0.0063,0.0063
Lingual_L,Cerebelum_7b_R,0.0063,0.0063
Cerebelum_6_R,Cerebelum_9_L,0.0062,0.0062
Cingulum_Ant_R,Cerebelum_9_L,0.0062,0.0062
Hippocampus_R,Vermis_8,-0.0062,-0.0062
Frontal_Inf_Orb_L,Cerebelum_10_L,0.0062,0.0062
Frontal_Inf_Oper_R,Cerebelum_10_L,0.0062,0.0062
Frontal_Mid_Orb_R,Cerebelum_8_R,0.0062,0.0062
Pallidum_L,Cerebelum_10_R,0.0062,0.0062
Cerebelum_Crus1_R,Cerebelum_Crus2_L,0.0062,0.0062
Frontal_Sup_Orb_R,Cerebelum_10_L,0.0062,0.0062
Caudate_L,Cerebelum_10_L,0.0061,0.0061
Caudate_L,Cerebelum_10_R,0.0061,0.0061
Angular_R,Cerebelum_8_R,-0.0061,-0.0061
Cerebelum_4_5_R,Cerebelum_10_L,0.0061,0.0061
Frontal_Sup_Medial_R,Vermis_8,0.0061,0.0061
Cerebelum_Crus1_R,Cerebelum_9_R,0.0061,0.0061
Pallidum_L,Cerebelum_10_L,0.0061,0.0061
Frontal_Sup_Orb_R,Cerebelum_9_R,0.0061,0.0061
Occipital_Sup_L,Vermis_7,0.0061,0.0061
Frontal_Inf_Tri_R,Cerebelum_9_L,0.0061,0.0061
Frontal_Inf_Orb_L,Vermis_9,-0.0061,-0.0061
Cuneus_L,Cerebelum_7b_L,-0.0061,-0.0061
Supp_Motor_Area_L,Cerebelum_8_L,-0.0061,-0.0061
Temporal_Sup_L,Cerebelum_Crus2_L,-0.0061,-0.0061
Occipital_Inf_R,Vermis_10,-0.0061,-0.0061
Rectus_R,Cerebelum_7b_R,-0.006,-0.006
Frontal_Sup_Orb_L,Cerebelum_10_R,0.006,0.006
Frontal_Sup_Orb_L,Cerebelum_9_R,0.006,0.006
Rectus_L,Cerebelum_7b_R,-0.006,-0.006
Supp_Motor_Area_R,Cerebelum_10_R,0.006,0.006
Cuneus_R,Cerebelum_10_L,0.006,0.006
Cingulum_Ant_L,Cerebelum_7b_L,-0.006,-0.006
Temporal_Mid_L,Cerebelum_7b_L,-0.0059,-0.0059
Heschl_L,Cerebelum_7b_R,-0.0059,-0.0059
Calcarine_L,Cerebelum_10_R,0.0059,0.0059
Cerebelum_8_L,Vermis_1_2,0.0059,0.0059
Occipital_Inf_L,Cerebelum_9_R,0.0059,0.0059
Putamen_R,Vermis_10,0.0059,0.0059
Occipital_Sup_L,Cerebelum_8_L,0.0059,0.0059
Cerebelum_7b_L,Vermis_1_2,-0.0059,-0.0059
Cingulum_Ant_R,Cerebelum_9_R,-0.0058,-0.0058
Frontal_Sup_Medial_R,Cerebelum_10_L,0.0058,0.0058
Frontal_Inf_Orb_R,Cerebelum_7b_L,-0.0058,-0.0058
Occipital_Inf_L,Cerebelum_9_L,0.0058,0.0058
Angular_L,Temporal_Inf_R,-0.0057,-0.0057
Frontal_Med_Orb_R,Cerebelum_9_R,0.0057,0.0057
SupraMarginal_L,Cerebelum_8_L,-0.0057,-0.0057
Frontal_Sup_Medial_R,Cerebelum_Crus2_R,-0.0057,-0.0057
Occipital_Inf_R,Cerebelum_3_R,0.0057,0.0057
Temporal_Mid_R,Cerebelum_Crus2_R,-0.0057,-0.0057
Paracentral_Lobule_R,Cerebelum_10_L,0.0057,0.0057
Frontal_Inf_Orb_L,Cerebelum_9_R,0.0057,0.0057
Occipital_Inf_L,Parietal_Sup_R,0.0057,0.0057
Putamen_L,Cerebelum_Crus2_L,0.0057,0.0057
Frontal_Inf_Tri_L,Cerebelum_Crus2_L,0.0057,0.0057
Temporal_Inf_R,Cerebelum_9_L,0.0057,0.0057
Rectus_R,Cerebelum_10_L,0.0057,0.0057
Calcarine_L,Cerebelum_7b_R,0.0056,0.0056
Olfactory_R,Parietal_Sup_L,0.0056,0.0056
Parietal_Sup_L,Cerebelum_10_L,0.0056,0.0056
Fusiform_R,Cerebelum_Crus2_R,-0.0056,-0.0056
Cerebelum_Crus2_R,Cerebelum_3_R,-0.0056,-0.0056
SupraMarginal_R,Cerebelum_10_R,0.0055,0.0055
Heschl_L,Cerebelum_9_L,0.0055,0.0055
Precentral_R,Occipital_Inf_L,0.0055,0.0055
SupraMarginal_L,Vermis_9,-0.0055,-0.0055
Temporal_Pole_Sup_R,Vermis_9,0.0055,0.0055
Frontal_Sup_L,Temporal_Pole_Mid_L,0.0054,0.0054
Supp_Motor_Area_L,Vermis_7,-0.0054,-0.0054
Frontal_Sup_Medial_L,Occipital_Inf_R,0.0054,0.0054
Precentral_R,Cerebelum_8_R,-0.0054,-0.0054
Cingulum_Ant_R,Cerebelum_7b_L,-0.0054,-0.0054
Cerebelum_Crus1_R,Vermis_1_2,0.0054,0.0054
Insula_L,Vermis_9,0.0054,0.0054
Cerebelum_9_R,Cerebelum_10_L,0.0054,0.0054
Hippocampus_L,Cerebelum_9_R,0.0054,0.0054
Cerebelum_Crus2_R,Cerebelum_4_5_R,-0.0054,-0.0054
SupraMarginal_R,Cerebelum_7b_L,-0.0053,-0.0053
Rectus_R,Cerebelum_7b_L,-0.0053,-0.0053
Frontal_Mid_L,Cerebelum_9_L,0.0053,0.0053
Frontal_Inf_Oper_R,Occipital_Inf_R,0.0053,0.0053
Precuneus_R,Cerebelum_7b_R,0.0053,0.0053
Rectus_L,Vermis_10,0.0053,0.0053
Rolandic_Oper_R,Vermis_9,-0.0053,-0.0053
Parietal_Inf_R,Cerebelum_9_R,-0.0053,-0.0053
Precuneus_L,Vermis_8,-0.0053,-0.0053
Frontal_Sup_L,Cerebelum_10_L,0.0053,0.0053
Precentral_R,Vermis_9,0.0053,0.0053
Cerebelum_Crus2_L,Vermis_4_5,0.0053,0.0053
Parietal_Sup_L,Cerebelum_Crus1_L,-0.0052,-0.0052
Parietal_Inf_L,Cerebelum_8_L,0.0052,0.0052
Thalamus_R,Cerebelum_8_R,0.0052,0.0052
Cerebelum_Crus2_R,Cerebelum_10_L,-0.0052,-0.0052
Olfactory_R,Cerebelum_8_L,0.0052,0.0052
Amygdala_L,Angular_R,0.0052,0.0052
Olfactory_L,Cerebelum_Crus2_L,-0.0052,-0.0052
Frontal_Mid_Orb_L,Cerebelum_10_L,0.0052,0.0052
Parietal_Sup_L,Cerebelum_8_L,0.0052,0.0052
Parietal_Inf_L,Temporal_Pole_Mid_R,0.0052,0.0052
Frontal_Sup_Medial_L,Vermis_8,-0.0052,-0.0052
Occipital_Inf_R,Cerebelum_9_R,0.0052,0.0052
Cerebelum_3_L,Cerebelum_8_L,0.0052,0.0052
Frontal_Inf_Oper_L,Cerebelum_10_R,0.0051,0.0051
Insula_L,Cerebelum_Crus2_R,-0.0051,-0.0051
Paracentral_Lobule_R,Cerebelum_8_L,-0.0051,-0.0051
Rolandic_Oper_L,Cerebelum_8_R,0.0051,0.0051
Frontal_Sup_Medial_R,Cerebelum_Crus2_L,0.0051,0.0051
Cerebelum_Crus1_R,Cerebelum_10_L,0.0051,0.0051
Temporal_Pole_Sup_R,Cerebelum_7b_R,-0.0051,-0.0051
Frontal_Sup_Orb_L,Cerebelum_Crus2_R,-0.0051,-0.0051
Cerebelum_7b_R,Cerebelum_8_R,0.0051,0.0051
Postcentral_R,Vermis_7,-0.0051,-0.0051
Frontal_Mid_R,Cerebelum_10_R,0.0051,0.0051
Frontal_Med_Orb_L,Cerebelum_9_R,-0.0051,-0.0051
SupraMarginal_R,Cerebelum_8_R,-0.0051,-0.0051
Cerebelum_3_R,Cerebelum_10_L,0.005,0.005
Calcarine_R,Cerebelum_9_L,0.005,0.005
Cerebelum_Crus2_R,Cerebelum_9_L,-0.005,-0.005
Frontal_Sup_Orb_R,Cerebelum_7b_L,-0.005,-0.005
Cerebelum_3_L,Cerebelum_7b_L,-0.005,-0.005
Parietal_Sup_R,Cerebelum_Crus2_R,0.005,0.005
Frontal_Sup_Orb_L,Cerebelum_7b_R,0.005,0.005
Temporal_Pole_Sup_R,Cerebelum_10_R,0.005,0.005
Hippocampus_R,Vermis_9,0.0049,0.0049
Rectus_L,Cerebelum_8_R,-0.0049,-0.0049
Calcarine_R,Cerebelum_7b_L,-0.0049,-0.0049
Temporal_Pole_Mid_L,Cerebelum_7b_R,-0.0049,-0.0049
Occipital_Mid_R,Vermis_7,-0.0049,-0.0049
Postcentral_L,Cerebelum_10_L,0.0049,0.0049
Supp_Motor_Area_R,Cerebelum_8_L,-0.0049,-0.0049
Frontal_Sup_Orb_L,Cerebelum_8_R,-0.0049,-0.0049
Frontal_Inf_Tri_R,Cerebelum_7b_R,0.0048,0.0048
Rectus_L,Vermis_9,0.0048,0.0048
Temporal_Sup_R,Cerebelum_9_L,0.0048,0.0048
Pallidum_R,Cerebelum_9_R,-0.0048,-0.0048
Cerebelum_Crus2_L,Cerebelum_8_R,0.0048,0.0048
Fusiform_R,Cerebelum_7b_L,0.0048,0.0048
Occipital_Inf_R,Thalamus_L,0.0047,0.0047
Cuneus_R,Cerebelum_10_R,0.0047,0.0047
Cerebelum_7b_R,Vermis_3,0.0047,0.0047
Putamen_L,Vermis_9,0.0047,0.0047
Frontal_Inf_Tri_L,Cerebelum_10_L,0.0047,0.0047
Pallidum_R,Cerebelum_8_L,-0.0047,-0.0047
Hippocampus_R,Cerebelum_10_L,0.0047,0.0047
Amygdala_R,Cerebelum_8_L,0.0047,0.0047
Occipital_Inf_R,Thalamus_R,0.0047,0.0047
Lingual_L,Vermis_7,-0.0047,-0.0047
Precuneus_L,Cerebelum_9_L,0.0047,0.0047
Frontal_Sup_R,Cerebelum_9_R,0.0046,0.0046
Cingulum_Mid_R,Cerebelum_9_L,0.0046,0.0046
Calcarine_L,Cerebelum_8_R,0.0046,0.0046
Cingulum_Post_L,Cerebelum_9_L,0.0046,0.0046
Cerebelum_8_L,Cerebelum_10_R,-0.0046,-0.0046
Rectus_L,Vermis_8,0.0046,0.0046
Occipital_Mid_R,Cerebelum_8_L,0.0046,0.0046
Occipital_Sup_R,Cerebelum_10_L,0.0046,0.0046
SupraMarginal_R,Cerebelum_Crus1_L,0.0046,0.0046
Cerebelum_4_5_L,Cerebelum_7b_L,-0.0046,-0.0046
Cerebelum_Crus2_R,Vermis_7,0.0045,0.0045
Cerebelum_Crus2_L,Cerebelum_9_L,0.0045,0.0045
Frontal_Sup_Orb_R,Cerebelum_8_R,0.0045,0.0045
Cerebelum_3_R,Vermis_8,0.0045,0.0045
Cingulum_Mid_R,Vermis_9,0.0045,0.0045
Frontal_Mid_R,Cerebelum_8_R,0.0045,0.0045
Cingulum_Mid_L,Cerebelum_7b_L,-0.0045,-0.0045
Parietal_Inf_L,Temporal_Pole_Mid_L,-0.0045,-0.0045
Cingulum_Post_R,Cerebelum_8_R,-0.0045,-0.0045
Occipital_Inf_R,Postcentral_R,-0.0045,-0.0045
Supp_Motor_Area_R,Temporal_Pole_Mid_L,-0.0045,-0.0045
Thalamus_L,Cerebelum_8_L,-0.0045,-0.0045
SupraMarginal_R,Cerebelum_9_R,-0.0045,-0.0045
Postcentral_L,Vermis_7,-0.0044,-0.0044
Frontal_Sup_R,Vermis_9,0.0044,0.0044
Cuneus_R,Vermis_8,0.0044,0.0044
Cingulum_Post_R,Temporal_Pole_Mid_R,0.0044,0.0044
Precuneus_L,Cerebelum_9_R,-0.0044,-0.0044
Pallidum_L,Cerebelum_Crus2_L,-0.0044,-0.0044
Cingulum_Post_R,Cerebelum_10_L,0.0044,0.0044
Frontal_Sup_Medial_L,Cerebelum_10_R,0.0044,0.0044
Temporal_Pole_Sup_L,Cerebelum_7b_R,-0.0044,-0.0044
Pallidum_R,Cerebelum_7b_L,-0.0044,-0.0044
Cuneus_L,Cerebelum_10_L,-0.0044,-0.0044
Cerebelum_Crus1_R,Vermis_10,0.0044,0.0044
Cerebelum_Crus2_R,Vermis_9,-0.0044,-0.0044
Caudate_R,Cerebelum_10_L,0.0044,0.0044
Precuneus_R,Temporal_Pole_Mid_L,-0.0044,-0.0044
Temporal_Sup_L,Cerebelum_10_L,0.0043,0.0043
Cerebelum_6_L,Cerebelum_7b_R,0.0043,0.0043
Precuneus_L,Cerebelum_Crus2_L,-0.0043,-0.0043
Occipital_Sup_R,Cerebelum_7b_R,0.0043,0.0043
Hippocampus_R,Cerebelum_8_L,-0.0043,-0.0043
Parietal_Sup_R,Cerebelum_10_L,-0.0043,-0.0043
Heschl_R,Cerebelum_7b_L,-0.0043,-0.0043
Frontal_Inf_Tri_R,Cerebelum_8_R,-0.0043,-0.0043
Temporal_Sup_R,Cerebelum_9_R,0.0043,0.0043
Frontal_Mid_Orb_R,Vermis_9,0.0042,0.0042
Parietal_Inf_L,Cerebelum_7b_L,-0.0042,-0.0042
SupraMarginal_L,Cerebelum_7b_R,0.0042,0.0042
Cerebelum_Crus2_R,Cerebelum_8_L,0.0042,0.0042
Cerebelum_6_R,Cerebelum_7b_R,-0.0042,-0.0042
Frontal_Inf_Oper_R,Cerebelum_9_L,0.0042,0.0042
Occipital_Sup_R,Cerebelum_9_R,-0.0042,-0.0042
Vermis_4_5,Vermis_7,0.0042,0.0042
Putamen_L,Cerebelum_7b_L,-0.0042,-0.0042
Temporal_Sup_R,Cerebelum_10_R,0.0042,0.0042
Cerebelum_Crus1_L,Cerebelum_7b_L,0.0042,0.0042
Occipital_Inf_L,Cerebelum_Crus2_R,-0.0041,-0.0041
Heschl_R,Cerebelum_7b_R,-0.0041,-0.0041
Cerebelum_7b_R,Cerebelum_9_R,-0.0041,-0.0041
Frontal_Mid_Orb_L,Cerebelum_10_R,-0.0041,-0.0041
Parietal_Inf_R,Temporal_Pole_Mid_L,0.0041,0.0041
Cingulum_Post_L,Vermis_9,0.0041,0.0041
Caudate_L,Cerebelum_7b_L,-0.0041,-0.0041
ParaHippocampal_L,Cerebelum_8_L,0.0041,0.0041
Parietal_Inf_R,Cerebelum_8_R,0.0041,0.0041
Occipital_Inf_R,Cerebelum_7b_R,-0.0041,-0.0041
Amygdala_R,Cerebelum_9_R,0.0041,0.0041
Parietal_Sup_R,Temporal_Inf_R,-0.0041,-0.0041
Cerebelum_7b_R,Cerebelum_8_L,-0.0041,-0.0041
Lingual_R,Cerebelum_8_L,0.0041,0.0041
Precentral_L,Vermis_9,-0.004,-0.004
Cerebelum_10_L,Vermis_7,0.004,0.004
Cerebelum_3_R,Cerebelum_7b_R,0.004,0.004
SupraMarginal_R,Cerebelum_Crus2_R,-0.004,-0.004
Olfactory_L,Cerebelum_7b_R,0.004,0.004
Caudate_L,Cerebelum_7b_R,0.004,0.004
Occipital_Inf_R,Temporal_Pole_Mid_R,0.004,0.004
Thalamus_R,Cerebelum_9_R,0.004,0.004
Putamen_R,Cerebelum_9_R,0.004,0.004
Cerebelum_8_L,Cerebelum_10_L,0.004,0.004
SupraMarginal_R,Cerebelum_8_L,-0.004,-0.004
Parietal_Sup_R,Cerebelum_9_L,-0.004,-0.004
Rolandic_Oper_R,Vermis_8,-0.004,-0.004
Pallidum_R,Cerebelum_7b_R,-0.0039,-0.0039
Frontal_Inf_Tri_R,Vermis_8,0.0039,0.0039
Frontal_Inf_Oper_L,Cerebelum_7b_R,0.0039,0.0039
Frontal_Inf_Tri_L,Cerebelum_8_L,0.0039,0.0039
Rolandic_Oper_L,Cerebelum_Crus2_L,-0.0039,-0.0039
Frontal_Sup_Medial_R,Cerebelum_9_L,0.0039,0.0039
Cuneus_R,Cerebelum_7b_R,-0.0039,-0.0039
Cerebelum_7b_R,Vermis_8,0.0039,0.0039
Cingulum_Mid_L,Vermis_8,-0.0039,-0.0039
Cingulum_Post_L,Cerebelum_8_R,-0.0039,-0.0039
Frontal_Sup_R,Cerebelum_8_L,0.0039,0.0039
Cuneus_R,Vermis_9,0.0039,0.0039
Thalamus_R,Cerebelum_Crus2_L,0.0039,0.0039
Frontal_Sup_Orb_R,Cerebelum_7b_R,-0.0039,-0.0039
Occipital_Inf_R,Cerebelum_10_R,0.0039,0.0039
Cuneus_L,Vermis_9,0.0038,0.0038
Temporal_Inf_R,Cerebelum_8_R,-0.0038,-0.0038
Rolandic_Oper_R,Cerebelum_7b_R,-0.0038,-0.0038
Paracentral_Lobule_R,Cerebelum_7b_R,0.0038,0.0038
Parietal_Sup_L,Cerebelum_9_L,-0.0038,-0.0038
Frontal_Inf_Oper_R,Cerebelum_Crus1_R,-0.0038,-0.0038
Rectus_R,Cerebelum_8_L,0.0038,0.0038
Postcentral_R,Cerebelum_Crus1_R,0.0038,0.0038
Occipital_Inf_R,Vermis_8,-0.0038,-0.0038
Cingulum_Mid_R,Vermis_8,-0.0038,-0.0038
SupraMarginal_R,Cerebelum_10_L,0.0038,0.0038
Occipital_Inf_R,Cerebelum_Crus2_L,0.0038,0.0038
Precuneus_L,Cerebelum_10_L,0.0037,0.0037
Temporal_Sup_R,Cerebelum_7b_R,-0.0037,-0.0037
Rectus_L,Cerebelum_Crus2_L,-0.0037,-0.0037
Parietal_Inf_L,Cerebelum_10_R,0.0037,0.0037
Frontal_Med_Orb_R,Cerebelum_8_R,-0.0037,-0.0037
Frontal_Inf_Tri_L,Cerebelum_7b_R,0.0037,0.0037
Insula_R,Cerebelum_10_R,0.0037,0.0037
Parietal_Sup_L,Temporal_Inf_R,0.0037,0.0037
SupraMarginal_L,Cerebelum_9_L,0.0037,0.0037
Frontal_Med_Orb_L,Cerebelum_10_L,-0.0037,-0.0037
Occipital_Mid_R,Cerebelum_Crus2_L,-0.0037,-0.0037
Cerebelum_Crus2_L,Vermis_8,0.0036,0.0036
Angular_L,Cerebelum_7b_R,0.0036,0.0036
Frontal_Med_Orb_L,Cerebelum_9_L,0.0036,0.0036
Cerebelum_4_5_R,Cerebelum_8_L,0.0036,0.0036
Cerebelum_7b_R,Vermis_10,0.0036,0.0036
Cerebelum_4_5_L,Cerebelum_8_L,-0.0036,-0.0036
Rectus_L,Cerebelum_10_R,0.0036,0.0036
Frontal_Mid_L,Cerebelum_7b_L,-0.0036,-0.0036
Rolandic_Oper_L,Cerebelum_10_R,0.0036,0.0036
Occipital_Sup_R,Vermis_10,-0.0036,-0.0036
Temporal_Inf_R,Vermis_8,0.0036,0.0036
ParaHippocampal_R,Cerebelum_Crus2_R,-0.0036,-0.0036
Caudate_R,Cerebelum_7b_L,-0.0035,-0.0035
Frontal_Inf_Orb_L,Cerebelum_10_R,0.0035,0.0035
Postcentral_R,Cerebelum_9_R,0.0035,0.0035
ParaHippocampal_L,Cerebelum_10_L,0.0035,0.0035
Temporal_Pole_Mid_L,Vermis_7,0.0035,0.0035
Cingulum_Post_R,Cerebelum_8_L,-0.0035,-0.0035
Rolandic_Oper_L,Cerebelum_8_L,-0.0035,-0.0035
Precuneus_R,Cerebelum_10_R,0.0035,0.0035
Precentral_L,Cerebelum_8_R,0.0035,0.0035
Hippocampus_L,Cerebelum_8_L,-0.0035,-0.0035
Cerebelum_Crus1_R,Cerebelum_3_R,-0.0035,-0.0035
Frontal_Inf_Oper_R,Cerebelum_7b_R,0.0035,0.0035
Temporal_Pole_Sup_L,Cerebelum_Crus2_R,-0.0035,-0.0035
Pallidum_L,Cerebelum_Crus2_R,0.0034,0.0034
Frontal_Med_Orb_L,Cerebelum_7b_L,-0.0034,-0.0034
Temporal_Mid_L,Cerebelum_Crus1_R,0.0034,0.0034
Heschl_R,Cerebelum_8_L,-0.0034,-0.0034
Frontal_Mid_Orb_R,Cerebelum_8_L,0.0034,0.0034
Frontal_Med_Orb_R,Vermis_7,0.0034,0.0034
Frontal_Inf_Tri_R,Cerebelum_8_L,-0.0034,-0.0034
Frontal_Mid_L,Vermis_9,0.0034,0.0034
Frontal_Mid_L,Cerebelum_10_R,0.0034,0.0034
Cingulum_Ant_L,Cerebelum_Crus2_L,-0.0034,-0.0034
Cerebelum_7b_L,Vermis_3,-0.0034,-0.0034
Precuneus_L,Vermis_9,0.0034,0.0034
Cerebelum_Crus2_R,Cerebelum_6_L,-0.0034,-0.0034
Thalamus_L,Cerebelum_Crus1_R,0.0034,0.0034
Calcarine_R,Cerebelum_8_L,0.0034,0.0034
Amygdala_L,Cerebelum_10_L,0.0034,0.0034
Cerebelum_Crus1_R,Vermis_9,0.0033,0.0033
Cingulum_Post_L,Cerebelum_10_L,0.0033,0.0033
Rectus_L,Cerebelum_8_L,-0.0033,-0.0033
Cuneus_L,Cerebelum_8_L,0.0033,0.0033
Precentral_L,Cerebelum_7b_R,-0.0033,-0.0033
Cingulum_Ant_L,Vermis_9,0.0033,0.0033
Frontal_Mid_Orb_R,Cerebelum_Crus2_L,-0.0033,-0.0033
Frontal_Med_Orb_R,Cerebelum_8_L,0.0033,0.0033
Cerebelum_Crus2_R,Vermis_3,-0.0032,-0.0032
Precuneus_R,Cerebelum_10_L,0.0032,0.0032
Cerebelum_Crus2_L,Vermis_9,-0.0032,-0.0032
ParaHippocampal_R,Vermis_7,0.0032,0.0032
Temporal_Sup_L,Cerebelum_Crus2_R,-0.0032,-0.0032
Amygdala_L,Cerebelum_7b_R,-0.0032,-0.0032
Heschl_L,Cerebelum_7b_L,0.0032,0.0032
Cerebelum_7b_L,Cerebelum_9_L,-0.0032,-0.0032
Cerebelum_Crus1_R,Cerebelum_7b_R,0.0032,0.0032
Frontal_Sup_Medial_R,Cerebelum_9_R,0.0031,0.0031
Parietal_Sup_R,Vermis_10,0.0031,0.0031
Occipital_Inf_R,Cerebelum_10_L,-0.0031,-0.0031
Occipital_Sup_R,Vermis_8,0.0031,0.0031
Occipital_Inf_R,Cerebelum_3_L,-0.0031,-0.0031
Cuneus_R,Cerebelum_9_R,0.0031,0.0031
Temporal_Mid_L,Cerebelum_8_L,0.0031,0.0031
Olfactory_R,Cerebelum_Crus2_R,0.0031,0.0031
Pallidum_R,Cerebelum_10_L,0.0031,0.0031
Occipital_Mid_R,Cerebelum_7b_R,-0.0031,-0.0031
Precentral_R,Cerebelum_10_R,0.0031,0.0031
Frontal_Inf_Tri_L,Vermis_9,0.0031,0.0031
Caudate_R,Cerebelum_10_R,0.0031,0.0031
Frontal_Mid_Orb_R,Cerebelum_10_R,0.0031,0.0031
Fusiform_L,Cerebelum_Crus2_L,-0.0031,-0.0031
Frontal_Inf_Oper_R,Cerebelum_8_L,-0.0031,-0.0031
Cerebelum_10_L,Vermis_1_2,-0.0031,-0.0031
Angular_R,Vermis_8,-0.0031,-0.0031
Temporal_Mid_R,Cerebelum_7b_R,-0.003,-0.003
Cingulum_Mid_R,Occipital_Inf_R,-0.003,-0.003
Cerebelum_10_L,Vermis_3,0.003,0.003
Temporal_Pole_Mid_R,Cerebelum_10_L,0.003,0.003
Frontal_Sup_Medial_L,Cerebelum_7b_R,0.003,0.003
Precuneus_L,Cerebelum_7b_L,-0.003,-0.003
Supp_Motor_Area_L,Cerebelum_7b_R,-0.003,-0.003
Angular_L,Cerebelum_Crus1_R,-0.003,-0.003
Cerebelum_7b_L,Vermis_8,-0.003,-0.003
Cerebelum_3_L,Cerebelum_9_R,0.003,0.003
Cerebelum_7b_L,Cerebelum_7b_R,-0.003,-0.003
Supp_Motor_Area_L,Cerebelum_10_R,0.003,0.003
Frontal_Inf_Tri_R,Vermis_10,0.003,0.003
Precuneus_L,Temporal_Pole_Mid_R,0.003,0.003
Frontal_Mid_Orb_R,Cerebelum_7b_R,-0.003,-0.003
Occipital_Inf_L,Cerebelum_7b_R,-0.003,-0.003
Cerebelum_8_R,Vermis_10,0.003,0.003
Paracentral_Lobule_R,Temporal_Pole_Mid_R,-0.0029,-0.0029
Occipital_Inf_L,Cerebelum_8_L,-0.0029,-0.0029
Cuneus_L,Cerebelum_9_R,0.0029,0.0029
Rolandic_Oper_L,Cerebelum_7b_L,-0.0029,-0.0029
Lingual_R,Cerebelum_Crus2_L,0.0029,0.0029
Temporal_Inf_L,Cerebelum_9_L,0.0029,0.0029
Parietal_Sup_L,Vermis_9,-0.0029,-0.0029
Frontal_Med_Orb_L,Cerebelum_8_R,-0.0029,-0.0029
Supp_Motor_Area_L,Vermis_9,0.0029,0.0029
Rectus_L,Cerebelum_10_L,0.0029,0.0029
Hippocampus_R,Vermis_7,0.0029,0.0029
Frontal_Mid_R,Cerebelum_7b_L,-0.0029,-0.0029
Cerebelum_Crus2_R,Vermis_10,0.0029,0.0029
Precuneus_R,Cerebelum_8_R,-0.0028,-0.0028
Frontal_Inf_Orb_R,Cerebelum_10_R,0.0028,0.0028
Paracentral_Lobule_L,Temporal_Pole_Mid_R,0.0028,0.0028
Precuneus_L,Temporal_Pole_Mid_L,0.0028,0.0028
Hippocampus_L,Cerebelum_7b_R,0.0028,0.0028
Frontal_Inf_Oper_R,Vermis_9,-0.0028,-0.0028
Occipital_Inf_L,Cerebelum_10_R,0.0028,0.0028
Parietal_Sup_R,Temporal_Pole_Sup_L,0.0028,0.0028
Cingulum_Mid_R,Cerebelum_8_R,0.0028,0.0028
Cerebelum_7b_L,Vermis_6,0.0028,0.0028
Rectus_R,Cerebelum_Crus2_L,-0.0028,-0.0028
Heschl_L,Cerebelum_10_R,0.0028,0.0028
Cerebelum_4_5_L,Cerebelum_10_L,0.0028,0.0028
Postcentral_R,Cerebelum_10_R,0.0028,0.0028
Precentral_L,Cerebelum_9_R,-0.0027,-0.0027
Postcentral_L,Cerebelum_7b_R,0.0027,0.0027
ParaHippocampal_R,Cerebelum_Crus1_R,-0.0027,-0.0027
Frontal_Inf_Oper_L,Cerebelum_9_R,0.0027,0.0027
Temporal_Pole_Sup_L,Cerebelum_Crus2_L,-0.0027,-0.0027
Frontal_Inf_Tri_R,Vermis_9,-0.0027,-0.0027
Hippocampus_R,Cerebelum_7b_R,0.0027,0.0027
Frontal_Med_Orb_R,Cerebelum_7b_L,-0.0027,-0.0027
Paracentral_Lobule_L,Cerebelum_8_R,0.0027,0.0027
Cingulum_Ant_R,Cerebelum_7b_R,0.0027,0.0027
SupraMarginal_L,Temporal_Inf_R,-0.0027,-0.0027
Hippocampus_L,Cerebelum_10_L,0.0027,0.0027
Frontal_Inf_Oper_L,Cerebelum_Crus2_R,-0.0027,-0.0027
Temporal_Sup_L,Cerebelum_8_L,-0.0026,-0.0026
Postcentral_R,Cerebelum_7b_L,-0.0026,-0.0026
Precuneus_R,Cerebelum_8_L,-0.0026,-0.0026
Caudate_R,Cerebelum_9_L,-0.0026,-0.0026
Putamen_L,Cerebelum_8_L,0.0026,0.0026
Cerebelum_7b_L,Vermis_4_5,0.0026,0.0026
Supp_Motor_Area_L,Cerebelum_8_R,0.0026,0.0026
Temporal_Sup_R,Vermis_9,-0.0026,-0.0026
Temporal_Inf_L,Cerebelum_7b_R,0.0026,0.0026
Olfactory_R,Cerebelum_9_L,0.0026,0.0026
Frontal_Sup_Medial_L,Cerebelum_9_L,0.0026,0.0026
Frontal_Sup_Medial_L,Vermis_9,-0.0026,-0.0026
Temporal_Pole_Sup_R,Cerebelum_7b_L,-0.0026,-0.0026
Precentral_L,Cerebelum_7b_L,-0.0025,-0.0025
Cerebelum_10_L,Cerebelum_10_R,-0.0025,-0.0025
Olfactory_R,Cerebelum_7b_R,0.0025,0.0025
Cingulum_Post_L,Cerebelum_7b_L,-0.0025,-0.0025
Cerebelum_Crus2_R,Cerebelum_3_L,-0.0025,-0.0025
Occipital_Inf_R,Cerebelum_8_L,0.0025,0.0025
Cerebelum_3_R,Cerebelum_7b_L,0.0025,0.0025
Insula_L,Cerebelum_8_L,0.0025,0.0025
Cerebelum_7b_L,Cerebelum_9_R,0.0025,0.0025
Angular_L,Cerebelum_10_L,-0.0025,-0.0025
Cerebelum_Crus2_R,Cerebelum_10_R,0.0025,0.0025
Cingulum_Mid_R,Cerebelum_8_L,-0.0025,-0.0025
Temporal_Pole_Mid_L,Vermis_6,0.0025,0.0025
Putamen_R,Vermis_9,0.0025,0.0025
Paracentral_Lobule_L,Cerebelum_10_R,0.0025,0.0025
Frontal_Inf_Tri_L,Cerebelum_10_R,-0.0025,-0.0025
Frontal_Inf_Oper_R,Cerebelum_Crus2_L,0.0025,0.0025
Olfactory_R,Cerebelum_9_R,-0.0024,-0.0024
Cerebelum_Crus2_R,Cerebelum_7b_L,-0.0024,-0.0024
Caudate_L,Cerebelum_Crus2_L,0.0024,0.0024
Caudate_R,Cerebelum_7b_R,0.0024,0.0024
Frontal_Sup_Medial_L,Cerebelum_8_L,0.0024,0.0024
Frontal_Inf_Orb_R,Vermis_9,0.0024,0.0024
Cingulum_Mid_R,Cerebelum_7b_L,-0.0024,-0.0024
Supp_Motor_Area_L,Vermis_8,-0.0024,-0.0024
Frontal_Mid_R,Cerebelum_7b_R,-0.0024,-0.0024
Paracentral_Lobule_L,Cerebelum_7b_R,0.0024,0.0024
Precuneus_L,Cerebelum_8_L,-0.0024,-0.0024
Temporal_Sup_R,Vermis_8,0.0023,0.0023
Cingulum_Post_L,Cerebelum_8_L,-0.0023,-0.0023
Cerebelum_6_L,Cerebelum_7b_L,-0.0023,-0.0023
Paracentral_Lobule_R,Cerebelum_10_R,0.0023,0.0023
Temporal_Pole_Sup_L,Cerebelum_7b_L,-0.0023,-0.0023
Temporal_Sup_R,Cerebelum_7b_L,-0.0023,-0.0023
Cingulum_Ant_R,Cerebelum_10_L,0.0023,0.0023
Insula_L,Cerebelum_7b_R,-0.0023,-0.0023
Cingulum_Ant_L,Cerebelum_7b_R,0.0023,0.0023
Heschl_L,Cerebelum_10_L,0.0023,0.0023
Pallidum_L,Cerebelum_7b_L,-0.0023,-0.0023
Precentral_R,Occipital_Inf_R,0.0023,0.0023
Temporal_Pole_Sup_R,Cerebelum_Crus2_L,-0.0023,-0.0023
Heschl_L,Cerebelum_8_L,0.0022,0.0022
Parietal_Inf_R,Cerebelum_Crus2_R,0.0022,0.0022
Occipital_Sup_L,Cerebelum_Crus2_L,0.0022,0.0022
Angular_L,Vermis_8,-0.0022,-0.0022
Frontal_Sup_Medial_L,Temporal_Pole_Mid_L,-0.0022,-0.0022
Calcarine_L,Cerebelum_9_R,-0.0022,-0.0022
Cerebelum_9_R,Vermis_4_5,0.0022,0.0022
Frontal_Sup_Medial_R,Vermis_9,0.0022,0.0022
Cerebelum_8_L,Vermis_4_5,-0.0022,-0.0022
Cerebelum_7b_L,Vermis_10,-0.0022,-0.0022
Temporal_Mid_L,Cerebelum_7b_R,0.0022,0.0022
Parietal_Inf_L,Cerebelum_8_R,-0.0022,-0.0022
Heschl_R,Cerebelum_10_L,0.0022,0.0022
SupraMarginal_L,Cerebelum_7b_L,-0.0021,-0.0021
Olfactory_L,Cerebelum_8_L,0.0021,0.0021
Frontal_Med_Orb_L,Vermis_10,0.0021,0.0021
Precuneus_R,Cerebelum_9_R,-0.0021,-0.0021
Fusiform_L,Cerebelum_10_L,-0.0021,-0.0021
Caudate_L,Cerebelum_9_L,-0.0021,-0.0021
Rolandic_Oper_L,Vermis_8,-0.0021,-0.0021
Frontal_Med_Orb_R,Cerebelum_7b_R,-0.0021,-0.0021
Paracentral_Lobule_R,Vermis_8,-0.0021,-0.0021
Heschl_L,Vermis_9,0.0021,0.0021
Paracentral_Lobule_R,Cerebelum_9_R,-0.0021,-0.0021
Frontal_Sup_L,Cerebelum_8_L,-0.0021,-0.0021
Cerebelum_7b_L,Cerebelum_10_L,-0.0021,-0.0021
Cingulum_Mid_R,Cerebelum_9_R,0.002,0.002
Rectus_R,Vermis_9,0.002,0.002
Frontal_Med_Orb_R,Cerebelum_10_L,-0.002,-0.002
Caudate_R,Cerebelum_9_R,-0.002,-0.002
Cuneus_R,Cerebelum_8_R,0.002,0.002
Postcentral_L,Cerebelum_7b_L,0.002,0.002
Frontal_Inf_Orb_L,Cerebelum_Crus2_R,-0.002,-0.002
Calcarine_L,Vermis_9,-0.002,-0.002
Heschl_R,Vermis_10,0.002,0.002
Cerebelum_8_R,Cerebelum_9_R,0.0019,0.0019
Thalamus_L,Cerebelum_7b_R,-0.0019,-0.0019
Paracentral_Lobule_L,Cerebelum_9_R,0.0019,0.0019
Parietal_Sup_L,Cerebelum_7b_R,0.0019,0.0019
Cerebelum_Crus2_R,Cerebelum_9_R,-0.0019,-0.0019
Paracentral_Lobule_L,Cerebelum_7b_L,-0.0019,-0.0019
Frontal_Sup_Medial_R,Temporal_Pole_Mid_L,-0.0019,-0.0019
Pallidum_L,Cerebelum_9_R,0.0019,0.0019
Angular_R,Cerebelum_10_L,0.0019,0.0019
Pallidum_R,Vermis_9,-0.0019,-0.0019
Cerebelum_7b_L,Vermis_7,-0.0019,-0.0019
Temporal_Sup_L,Cerebelum_7b_R,0.0019,0.0019
Thalamus_R,Vermis_8,-0.0019,-0.0019
Occipital_Sup_R,Cerebelum_7b_L,0.0019,0.0019
Angular_R,Temporal_Pole_Mid_R,0.0019,0.0019
Cerebelum_Crus2_L,Cerebelum_3_R,0.0019,0.0019
Cerebelum_Crus2_L,Cerebelum_6_L,-0.0019,-0.0019
Cingulum_Post_R,Vermis_8,-0.0018,-0.0018
Supp_Motor_Area_L,Cerebelum_7b_L,-0.0018,-0.0018
Frontal_Inf_Oper_R,Cerebelum_9_R,-0.0018,-0.0018
Frontal_Mid_L,Cerebelum_8_L,0.0018,0.0018
Heschl_L,Cerebelum_9_R,0.0018,0.0018
ParaHippocampal_R,Cerebelum_7b_L,-0.0018,-0.0018
Temporal_Inf_R,Cerebelum_10_R,-0.0018,-0.0018
Occipital_Inf_R,Cerebelum_8_R,0.0018,0.0018
Occipital_Inf_R,Caudate_R,0.0018,0.0018
Occipital_Sup_L,Cerebelum_7b_R,-0.0018,-0.0018
Occipital_Sup_R,Cerebelum_8_R,-0.0018,-0.0018
Pallidum_R,Cerebelum_9_L,-0.0017,-0.0017
Frontal_Sup_Orb_R,Cerebelum_Crus2_R,0.0017,0.0017
Precuneus_R,Vermis_9,0.0017,0.0017
ParaHippocampal_R,Cerebelum_Crus2_L,-0.0017,-0.0017
Occipital_Mid_R,Vermis_10,-0.0017,-0.0017
Frontal_Inf_Orb_L,Cerebelum_7b_R,-0.0017,-0.0017
Occipital_Inf_L,Cerebelum_7b_L,-0.0017,-0.0017
Occipital_Mid_R,Cerebelum_Crus1_R,0.0017,0.0017
Angular_R,Cerebelum_8_L,0.0017,0.0017
Cerebelum_9_R,Vermis_3,-0.0017,-0.0017
Angular_R,Cerebelum_7b_L,0.0017,0.0017
Thalamus_R,Cerebelum_8_L,0.0017,0.0017
Olfactory_L,Cerebelum_10_L,0.0017,0.0017
Insula_R,Vermis_9,0.0017,0.0017
Frontal_Mid_R,Cerebelum_Crus2_L,0.0017,0.0017
Precentral_L,Cerebelum_10_R,0.0016,0.0016
Temporal_Pole_Sup_L,Cerebelum_8_L,0.0016,0.0016
Frontal_Mid_R,Vermis_9,0.0016,0.0016
Cingulum_Post_R,Cerebelum_7b_R,0.0016,0.0016
Temporal_Mid_R,Vermis_9,-0.0016,-0.0016
Frontal_Inf_Orb_L,Cerebelum_7b_L,-0.0016,-0.0016
Temporal_Mid_L,Cerebelum_10_L,-0.0016,-0.0016
Postcentral_R,Cerebelum_Crus2_L,-0.0016,-0.0016
Hippocampus_R,Cerebelum_7b_L,-0.0016,-0.0016
Cingulum_Ant_L,Cerebelum_10_L,0.0016,0.0016
Precuneus_L,Cerebelum_10_R,0.0016,0.0016
Parietal_Sup_R,Cerebelum_7b_R,0.0015,0.0015
Rolandic_Oper_R,Cerebelum_8_L,-0.0015,-0.0015
Paracentral_Lobule_R,Vermis_9,0.0015,0.0015
Calcarine_R,Cerebelum_7b_R,0.0015,0.0015
Angular_R,Cerebelum_7b_R,-0.0015,-0.0015
Temporal_Inf_L,Cerebelum_10_L,-0.0015,-0.0015
Cerebelum_Crus2_R,Cerebelum_6_R,-0.0015,-0.0015
Angular_R,Cerebelum_10_R,0.0015,0.0015
Temporal_Pole_Mid_L,Cerebelum_8_L,0.0015,0.0015
Rolandic_Oper_R,Cerebelum_9_R,0.0015,0.0015
Cingulum_Post_R,Cerebelum_9_R,-0.0015,-0.0015
Frontal_Mid_Orb_L,Vermis_9,0.0015,0.0015
Occipital_Mid_R,Cerebelum_9_R,0.0015,0.0015
Cerebelum_7b_L,Cerebelum_8_R,-0.0015,-0.0015
Fusiform_L,Cerebelum_Crus2_R,-0.0014,-0.0014
Lingual_R,Cerebelum_7b_R,-0.0014,-0.0014
Temporal_Pole_Mid_R,Cerebelum_Crus2_R,-0.0014,-0.0014
Lingual_L,Cerebelum_8_L,0.0014,0.0014
Parietal_Inf_R,Vermis_10,0.0014,0.0014
Frontal_Mid_L,Cerebelum_7b_R,-0.0014,-0.0014
Cerebelum_Crus2_L,Cerebelum_9_R,-0.0014,-0.0014
Cingulum_Post_R,Cerebelum_7b_L,0.0014,0.0014
Frontal_Sup_Medial_R,Cerebelum_10_R,0.0014,0.0014
Frontal_Inf_Oper_R,Vermis_8,0.0014,0.0014
Frontal_Inf_Tri_L,Cerebelum_8_R,-0.0014,-0.0014
Frontal_Sup_Medial_R,Cerebelum_7b_L,0.0014,0.0014
Supp_Motor_Area_R,Cerebelum_7b_L,0.0014,0.0014
Postcentral_R,Cerebelum_7b_R,0.0014,0.0014
Cingulum_Mid_L,Vermis_9,0.0014,0.0014
SupraMarginal_R,Cerebelum_7b_R,-0.0013,-0.0013
Occipital_Sup_R,Cerebelum_10_R,0.0013,0.0013
Cerebelum_Crus1_R,Cerebelum_7b_L,-0.0013,-0.0013
Frontal_Inf_Orb_R,Occipital_Inf_R,-0.0013,-0.0013
Cerebelum_3_R,Cerebelum_8_L,0.0013,0.0013
Cingulum_Ant_R,Vermis_9,0.0013,0.0013
Cerebelum_Crus2_R,Vermis_1_2,-0.0013,-0.0013
Insula_R,Cerebelum_8_L,0.0013,0.0013
Occipital_Mid_L,Cerebelum_9_R,0.0013,0.0013
Frontal_Sup_L,Vermis_8,-0.0012,-0.0012
Supp_Motor_Area_R,Vermis_9,0.0012,0.0012
Angular_R,Temporal_Pole_Mid_L,0.0012,0.0012
Amygdala_R,Cerebelum_Crus2_R,-0.0012,-0.0012
Heschl_L,Temporal_Pole_Mid_L,-0.0012,-0.0012
Parietal_Sup_R,Cerebelum_Crus2_L,-0.0012,-0.0012
Frontal_Mid_R,Cerebelum_9_R,0.0012,0.0012
Frontal_Inf_Tri_R,Cerebelum_10_R,-0.0012,-0.0012
Parietal_Inf_R,Cerebelum_10_L,0.0012,0.0012
Putamen_L,Cerebelum_7b_R,-0.0012,-0.0012
Temporal_Inf_L,Cerebelum_Crus2_L,-0.0012,-0.0012
Olfactory_R,Vermis_9,-0.0012,-0.0012
Frontal_Inf_Oper_L,Vermis_9,-0.0012,-0.0012
Frontal_Inf_Oper_L,Cerebelum_8_R,0.0011,0.0011
Cerebelum_Crus1_L,Cerebelum_10_L,0.0011,0.0011
Cingulum_Mid_L,Cerebelum_9_R,-0.0011,-0.0011
Cingulum_Ant_R,Cerebelum_8_L,0.0011,0.0011
Frontal_Inf_Tri_R,Cerebelum_Crus2_L,-0.0011,-0.0011
Hippocampus_R,Cerebelum_9_R,-0.0011,-0.0011
Supp_Motor_Area_R,Cerebelum_7b_R,-0.0011,-0.0011
Cingulum_Mid_R,Cerebelum_7b_R,0.0011,0.0011
Heschl_L,Vermis_10,-0.0011,-0.0011
Postcentral_L,Vermis_9,-0.0011,-0.0011
Angular_R,Vermis_10,0.0011,0.0011
Cerebelum_3_L,Cerebelum_7b_R,-0.0011,-0.0011
Paracentral_Lobule_R,Cerebelum_9_L,0.0011,0.0011
Olfactory_R,Cerebelum_10_L,0.0011,0.0011
Cerebelum_Crus2_L,Cerebelum_4_5_R,0.0011,0.0011
Cerebelum_Crus2_L,Cerebelum_10_L,-0.0011,-0.0011
Angular_L,Cerebelum_9_R,0.0011,0.0011
ParaHippocampal_L,Cerebelum_7b_R,0.0011,0.0011
Frontal_Med_Orb_L,Cerebelum_7b_R,-0.001,-0.001
Olfactory_R,Cerebelum_7b_L,0.001,0.001
Cerebelum_8_L,Vermis_3,0.001,0.001
Cuneus_R,Cerebelum_7b_L,0.001,0.001
ParaHippocampal_R,Cerebelum_10_L,0.001,0.001
Fusiform_R,Cerebelum_Crus2_L,0.001,0.001
Temporal_Pole_Mid_R,Cerebelum_7b_R,-0.001,-0.001
Frontal_Sup_L,Cerebelum_9_R,0.001,0.001
Frontal_Sup_R,Vermis_8,-0.001,-0.001
Cerebelum_6_R,Cerebelum_7b_L,-0.001,-0.001
Cerebelum_Crus2_L,Cerebelum_10_R,0.001,0.001
Frontal_Inf_Tri_R,Temporal_Pole_Mid_L,-0.001,-0.001
Cerebelum_7b_R,Vermis_4_5,0.001,0.001
Cerebelum_10_R,Vermis_7,-0.001,-0.001
Temporal_Inf_R,Cerebelum_Crus2_L,-0.001,-0.001
Temporal_Sup_R,Cerebelum_8_L,-0.0009,-0.0009
Insula_L,Cerebelum_Crus2_L,-0.0009,-0.0009
Cerebelum_9_R,Vermis_1_2,0.0009,0.0009
Caudate_R,Cerebelum_Crus2_R,-0.0009,-0.0009
Precentral_L,Temporal_Pole_Mid_L,-0.0009,-0.0009
Frontal_Sup_R,Cerebelum_Crus2_L,0.0009,0.0009
Cerebelum_4_5_R,Cerebelum_9_R,-0.0009,-0.0009
Rolandic_Oper_L,Vermis_9,-0.0009,-0.0009
Frontal_Sup_L,Cerebelum_7b_R,0.0009,0.0009
Frontal_Mid_Orb_L,Cerebelum_7b_L,0.0009,0.0009
Caudate_L,Cerebelum_Crus2_R,-0.0009,-0.0009
Angular_L,Cerebelum_7b_L,0.0009,0.0009
Temporal_Inf_R,Cerebelum_Crus2_R,0.0009,0.0009
Cerebelum_Crus2_R,Cerebelum_8_R,-0.0009,-0.0009
Occipital_Sup_R,Cerebelum_Crus2_R,0.0009,0.0009
Angular_R,Cerebelum_9_L,0.0008,0.0008
Temporal_Mid_R,Cerebelum_7b_L,0.0008,0.0008
Temporal_Inf_L,Cerebelum_9_R,0.0008,0.0008
Paracentral_Lobule_R,Cerebelum_8_R,0.0008,0.0008
Putamen_R,Cerebelum_8_L,0.0008,0.0008
Occipital_Mid_L,Cerebelum_7b_L,0.0008,0.0008
Cingulum_Mid_L,Cerebelum_8_L,0.0008,0.0008
Supp_Motor_Area_R,Vermis_7,0.0008,0.0008
Cerebelum_Crus1_R,Cerebelum_10_R,0.0008,0.0008
Temporal_Inf_L,Cerebelum_Crus2_R,0.0008,0.0008
Putamen_R,Cerebelum_Crus2_L,0.0008,0.0008
Putamen_R,Cerebelum_7b_R,0.0008,0.0008
Frontal_Inf_Oper_R,Cerebelum_10_R,-0.0007,-0.0007
Cerebelum_10_L,Vermis_8,0.0007,0.0007
Cingulum_Post_L,Cerebelum_7b_R,0.0007,0.0007
Calcarine_L,Vermis_8,-0.0007,-0.0007
Precentral_R,Cerebelum_9_R,-0.0007,-0.0007
Thalamus_R,Cerebelum_7b_R,-0.0007,-0.0007
Supp_Motor_Area_R,Cerebelum_9_R,0.0007,0.0007
Occipital_Mid_R,Vermis_9,0.0007,0.0007
Cerebelum_10_R,Vermis_8,0.0007,0.0007
Frontal_Mid_Orb_L,Cerebelum_8_R,-0.0007,-0.0007
Frontal_Inf_Orb_R,Cerebelum_7b_R,-0.0007,-0.0007
Occipital_Sup_L,Cerebelum_10_L,0.0007,0.0007
Precuneus_R,Cerebelum_7b_L,-0.0007,-0.0007
ParaHippocampal_R,Cerebelum_7b_R,0.0007,0.0007
Precentral_R,Cerebelum_7b_R,0.0007,0.0007
Occipital_Inf_R,Cerebelum_7b_L,0.0007,0.0007
Thalamus_R,Cerebelum_7b_L,0.0007,0.0007
Postcentral_R,Cerebelum_9_L,-0.0007,-0.0007
Occipital_Mid_L,Cerebelum_8_L,0.0007,0.0007
Postcentral_L,Cerebelum_9_L,0.0006,0.0006
Parietal_Sup_R,Cerebelum_7b_L,0.0006,0.0006
Frontal_Inf_Tri_R,Cerebelum_9_R,0.0006,0.0006
Frontal_Mid_L,Cerebelum_9_R,0.0006,0.0006
Fusiform_R,Cerebelum_10_L,0.0006,0.0006
Cerebelum_Crus2_R,Cerebelum_4_5_L,0.0006,0.0006
Parietal_Inf_L,Cerebelum_7b_R,-0.0006,-0.0006
Frontal_Inf_Tri_R,Cerebelum_Crus2_R,-0.0006,-0.0006
Supp_Motor_Area_L,Cerebelum_9_R,-0.0006,-0.0006
Cerebelum_3_R,Cerebelum_9_R,0.0006,0.0006
Cerebelum_9_L,Vermis_7,-0.0006,-0.0006
Fusiform_L,Cerebelum_8_L,0.0006,0.0006
Frontal_Sup_Orb_L,Vermis_7,-0.0006,-0.0006
Rectus_R,Vermis_7,0.0005,0.0005
Temporal_Pole_Mid_L,Cerebelum_7b_L,0.0005,0.0005
Calcarine_R,Vermis_7,0.0005,0.0005
Parietal_Sup_L,Cerebelum_10_R,-0.0005,-0.0005
Frontal_Sup_L,Cerebelum_7b_L,-0.0005,-0.0005
Calcarine_R,Cerebelum_10_L,0.0005,0.0005
Caudate_L,Cerebelum_8_L,-0.0004,-0.0004
Occipital_Sup_L,Cerebelum_9_R,0.0004,0.0004
Occipital_Sup_L,Cerebelum_10_R,0.0004,0.0004
Temporal_Pole_Mid_R,Cerebelum_7b_L,0.0004,0.0004
Cingulum_Ant_L,Cerebelum_9_R,-0.0004,-0.0004
Cingulum_Ant_L,Vermis_7,0.0004,0.0004
Frontal_Sup_Orb_R,Cerebelum_Crus2_L,-0.0004,-0.0004
Frontal_Mid_Orb_L,Cerebelum_7b_R,-0.0004,-0.0004
Olfactory_L,Cerebelum_7b_L,-0.0003,-0.0003
Cerebelum_8_R,Cerebelum_10_L,0.0003,0.0003
Hippocampus_R,Cerebelum_8_R,0.0003,0.0003
Frontal_Sup_R,Cerebelum_7b_L,0.0003,0.0003
Occipital_Inf_R,Vermis_9,-0.0003,-0.0003
Cuneus_L,Cerebelum_7b_R,0.0003,0.0003
Parietal_Inf_R,Cerebelum_7b_R,0.0003,0.0003
Occipital_Inf_R,Paracentral_Lobule_R,-0.0003,-0.0003
Cerebelum_Crus1_L,Cerebelum_Crus2_R,0.0003,0.0003
Parietal_Sup_L,Cerebelum_7b_L,-0.0003,-0.0003
ParaHippocampal_R,Cerebelum_8_L,0.0003,0.0003
Postcentral_L,Cerebelum_10_R,0.0003,0.0003
Caudate_R,Cerebelum_8_L,-0.0003,-0.0003
Cingulum_Post_L,Cerebelum_9_R,0.0003,0.0003
Calcarine_L,Cerebelum_7b_L,-0.0003,-0.0003
Cingulum_Mid_L,Cerebelum_7b_R,0.0003,0.0003
SupraMarginal_R,Vermis_9,0.0003,0.0003
Insula_R,Cerebelum_7b_R,-0.0003,-0.0003
Cuneus_L,Cerebelum_10_R,-0.0003,-0.0003
Putamen_L,Cerebelum_Crus2_R,-0.0002,-0.0002
Frontal_Inf_Tri_L,Cerebelum_9_R,0.0002,0.0002
Paracentral_Lobule_R,Cerebelum_7b_L,0.0002,0.0002
Cerebelum_8_R,Vermis_9,0.0002,0.0002
Precuneus_L,Cerebelum_8_R,0.0002,0.0002
Heschl_R,Cerebelum_Crus2_L,0.0002,0.0002
Frontal_Sup_Orb_L,Cerebelum_10_L,0.0002,0.0002
Occipital_Mid_R,Cerebelum_10_R,-0.0002,-0.0002
Parietal_Sup_R,Cerebelum_10_R,-0.0002,-0.0002
Parietal_Sup_R,Temporal_Pole_Mid_R,-0.0002,-0.0002
Postcentral_L,Temporal_Pole_Mid_L,-0.0002,-0.0002
Pallidum_L,Cerebelum_7b_R,0.0001,0.0001
Frontal_Sup_R,Cerebelum_7b_R,0.0001,0.0001
Rolandic_Oper_L,Cerebelum_9_R,0.0001,0.0001
Putamen_R,Cerebelum_9_L,0.0001,0.0001
Rectus_L,Parietal_Sup_R,0.0001,0.0001
Cerebelum_4_5_R,Cerebelum_7b_L,0.0001,0.0001
Frontal_Sup_Medial_R,Cerebelum_7b_R,-0.0001,-0.0001
Frontal_Sup_Orb_L,Cerebelum_8_L,0.0001,0.0001
Frontal_Sup_Medial_L,Cerebelum_10_L,0.0001,0.0001
Lingual_R,Cerebelum_7b_L,-0.0001,-0.0001
Cuneus_L,Cerebelum_9_L,-0.0001,-0.0001
Cingulum_Ant_L,Cerebelum_8_L,-0.0001,-0.0001
Frontal_Sup_Medial_L,Cerebelum_7b_L,-0.0,-0.0
Cingulum_Mid_L,Cerebelum_8_R,0.0,0.0
Cuneus_L,Vermis_7,0.0,0.0
Precentral_R,Temporal_Pole_Mid_L,0.0,0.0
Thalamus_L,Cerebelum_9_R,0.0,0.0
Occipital_Sup_L,Cerebelum_9_L,-0.0,-0.0
Cingulum_Post_L,Vermis_8,-0.0,-0.0
Occipital_Mid_R,Vermis_8,-0.0,-0.0
Frontal_Med_Orb_L,Cerebelum_10_R,-0.0,-0.0
Angular_L,Cerebelum_8_L,0.0,0.0
Parietal_Sup_R,Cerebelum_Crus1_L,-0.0,-0.0
